Date,AAPL,MSFT,NVDA,AMZN,GOOGL,META,JPM,XOM,JNJ,PG,V,HD,BAC,KO,DIS
2018-01-01,43.04913130614421,169.05841600570903,108.72977931011927,126.8833848773246,117.39979688936567,216.8529218807489,259.5080505337928,284.90319106378934,285.058811664931,45.38332378588683,251.05372901311907,296.5128814873988,257.61030414042534,72.32369443760547,304.6010539189752
2018-01-02,43.04274719994547,171.11656664619915,108.34402194674499,127.16185357225143,118.51425869572086,217.61782075297796,256.88957607798545,284.8627446957389,282.5725225690068,45.149225023356536,248.6368927027203,296.3866428594769,253.60094658702596,72.20222358539256,306.01541794394836
2018-01-03,43.15111879008065,167.89173248211284,106.77384495950304,126.93176361589438,118.24080797719017,213.9894011776538,254.5979002484534,283.4079413229429,277.7058094374045,44.946281499015214,248.7487567622721,294.52153067609055,248.21177877226935,72.21168166611562,304.45616462553676
2018-01-04,43.53459110612958,166.78562686023582,105.7657339610819,127.78078214570901,119.47255345375427,211.75610372716858,256.1316053686996,282.1610817112849,278.1678506345836,45.070251889140025,251.3558602138173,291.9107310723394,253.23631651518582,72.4755895145555,308.3048499052972
2018-01-05,43.486841869302516,166.7717832156085,106.32488835917617,126.33104999596229,118.71096998555903,207.53404990803898,254.74549239569905,281.8572199522945,278.3939239948416,44.67159194782516,248.6683011096706,290.476610356126,250.2433712624473,71.4955298581209,306.89838817873266
2018-01-08,43.819203293459154,168.61412798853112,106.78061610182499,127.83314814653625,119.3994337512747,208.0799384145591,253.31183813255694,277.0459134334659,277.96503623164625,44.87866230401216,249.0042447888957,288.6522645198025,250.35344904579466,72.06955878096139,309.70029970004157
2018-01-09,43.99954356886861,169.2357832859645,106.92024638630758,128.48720723519597,119.7170448377883,208.81193049492066,256.33983080150995,280.5911343792959,278.7797991537158,44.978481954586485,249.48106502497063,285.3803090803525,252.88956669957466,71.77460068384131,311.98157021042755
2018-01-10,43.99333992372903,170.0259967707123,107.05360141494555,128.55126896603534,119.14430760965143,205.81458875186257,257.2575221776581,274.8148841968917,278.2659630715496,44.63981136338352,248.8623303911855,286.0616842197692,254.37678003872043,71.50399332504743,311.78155612624477
2018-01-11,43.98072646857872,172.05231342343413,107.4744082955572,128.58758104716247,120.3817348734736,208.48683116061613,256.6533183752577,271.78850339622716,276.67822828173377,44.61062019822578,249.71493072606262,284.2799421357098,254.53617281997177,71.48930694973757,312.6956425097368
2018-01-12,44.2946277061603,172.77219935841322,108.31453664112891,129.45243000236204,120.84109002715701,207.55164068242064,255.56336529262057,270.13297012219397,277.9097545389482,44.792737043699475,250.47048840622108,285.1424085305903,255.6768008313545,72.44026578498188,312.7279687051359
2018-01-15,44.08619289058038,172.6102288395351,107.92647211327176,128.9097644831063,121.08430734521568,207.2562528582899,255.2367103308466,268.36130350462213,278.8293585611496,44.67023367280497,249.29185901438996,282.6294701345594,257.1143470931413,73.48999027745053,311.9512180432939
2018-01-16,43.990443668761046,173.82428678478584,108.20664320627476,129.1322727124585,122.35790174562379,206.5357952314317,254.69404664124386,270.1469242990137,279.7666567785471,44.848158688053466,250.89353597605862,280.5715817566787,257.71100119732745,75.30901443854803,312.1009095602543
2018-01-17,43.89978348458888,171.49777031092106,108.64352639638388,130.27313910362653,123.59619705138438,205.98106956979638,255.6625989716155,272.2693956576321,280.6104542869776,44.768162845932224,252.1444410898195,279.8813277040119,256.8575098434873,76.22202672187734,313.82598625108744
2018-01-18,43.9334573973197,170.23837947033832,108.34828974337552,130.29682657143923,125.65195101614052,205.81782912161873,255.391683482505,267.27144060959404,278.9037267625929,44.30703943298525,250.44236048779533,283.06588247113416,254.73231721340082,73.08179792075285,313.4654805152704
2018-01-19,43.9044454567589,171.4226238185218,108.326963111584,130.40481435977532,128.21302043746405,205.3856860178472,255.25938167391067,268.86920827183474,277.1337374228385,44.60756093922558,250.77374538308075,284.40087011938283,257.7425706642905,76.39669202522941,314.62512007104175
2018-01-22,43.384535199444365,169.58241504711134,106.91477910224646,127.91603262679938,126.4881967415722,203.74661661012968,250.08854175643236,262.9390266665897,271.79282461870014,44.09021614804624,249.72979946643161,280.54312729600747,254.8303737683054,75.36598631471851,309.5439563778992
2018-01-23,43.030232802916224,167.67268150699167,106.59186996097155,127.06029114416289,124.54820523809076,203.280385466071,248.7202500241327,260.4508466607792,268.81505250995383,43.66551582199742,246.41807088993784,276.5326033360226,253.5208039714377,74.3743616168455,307.6074839740698
2018-01-24,42.901258706409706,167.35917808318484,107.03712742055272,127.09503774250622,125.71915823432036,203.81574879982435,253.20849933932175,262.7856337223828,270.2825913370311,43.9570239268181,246.95685163123915,274.7637134959883,254.46227752637515,77.90907982897804,305.52564121506424
2018-01-25,42.99780510306906,166.17436151425918,106.93944187278548,126.82972186278283,126.47898029964666,203.95317954961482,257.1150060742372,264.31611081384443,268.4695076090585,44.315520332769395,246.78981290806172,273.72551932258875,254.05182304103712,79.75220698191751,304.45093530433763
2018-01-26,42.4673204885654,166.3144277051074,106.6291235769835,126.12544190970043,126.06953325318224,203.45760732350686,265.6141566904839,265.1039777890858,268.28809612145875,44.224987496956444,247.71382930829904,273.1904760142144,254.50605333741498,80.32258195539146,303.16372225714855
2018-01-29,42.72089244442398,166.08024164431598,106.65249079520639,125.45218390326072,125.45002061884018,200.61198834414773,266.6625054161111,265.747479938038,270.42026895348323,44.01919953551978,248.2486419790616,272.87402579103673,255.3942588989929,78.81917702573601,302.4535712603019
2018-01-30,42.322954641235114,165.63928878408427,106.57386476010379,125.29018131854097,124.37506910756814,200.10093477298298,267.18820799039776,265.7674017553904,268.1163324586125,44.045205358766424,246.52645299154622,271.9666450792448,254.27067173609888,76.91241020321391,301.29541702991855
2018-01-31,42.435250775519144,164.2300681393089,105.81852113155291,124.79195789734878,123.63968069438752,198.67924111600732,267.14317108139375,263.97143586370095,265.9078859770102,44.04740797536467,245.0004107849288,272.1846973737413,255.78239487477003,77.49478781407217,298.0038804697759
2018-02-01,42.10952646959225,163.42018283636565,105.11168190412644,123.81690522923643,121.94255207995276,196.58675545219344,265.2912888975262,260.9870868029244,264.57115416469026,43.61818647398964,236.81958416640825,269.59616857030227,253.2894037671653,76.6500801869077,297.18186669181915
2018-02-02,42.0378815292912,161.62058296812526,103.87278430600034,122.65023125225298,120.91973284060855,195.91128980864755,265.4859929890893,259.40853941247946,261.7969120720212,43.335341799821904,234.99318930629354,266.3705056611615,246.30833026296736,76.02142326233485,292.45359644288294
2018-02-05,41.80279520395697,161.92508353068072,104.2309946488953,124.03610776818202,121.27685623379735,195.9055592411256,262.06137255195864,260.5992069051116,262.6599496639843,43.450023401910954,239.07994626382202,264.8362205290074,245.53520573556227,76.13659446643675,292.6906637937988
2018-02-06,41.933716777405486,161.58369416512667,104.28167340415801,123.94856071732893,120.85589690258736,195.0219281497161,262.84736511798155,260.1844464699708,262.46715550470924,43.38204040456129,239.23017024276916,264.5826110299204,243.74081794113752,76.82827952418897,290.074445943934
2018-02-07,42.42625249270863,162.52701403146114,105.29504578221915,125.0731341351741,121.64073448205087,197.83038809597016,263.3329200187119,262.58093619286916,261.95960755678874,43.706712583698625,238.8128309127701,265.430988351826,244.4327720554491,78.09374497619638,290.1098966492944
2018-02-08,43.96378179889249,161.8075461805567,105.13603694694729,125.20723161245681,121.831941943541,196.80709100013456,262.8561739358696,261.83374663726295,266.1985314072713,43.56725459830883,237.65441771349936,264.7029395658696,241.974408716385,76.08752242531087,291.58355023352203
2018-02-09,43.76375473653748,161.7524946278647,104.79603493874592,125.89899777676708,122.0149895059687,197.03085962115918,261.5429100816914,262.64906564542315,265.3872857490677,43.6341660063755,237.75601995324,263.27817454550507,245.75598897508672,76.76267398933214,292.8888491661066
2018-02-12,43.74865703783243,161.93925789240473,104.96920455393148,125.93794735181253,121.1274754546169,196.04692181101845,257.99578795239916,262.02511109499585,267.36129377867746,43.59999639626789,238.36812955995038,262.4053515016518,246.45330663268018,77.44379191964032,289.0489445013895
2018-02-13,43.989230507759345,162.89590701924095,105.0472378797664,123.70040200450046,121.04348569109335,195.27664624284643,257.49559208235394,261.08500630137405,271.1875806958241,43.69682448887907,238.84493214832096,263.62570647365754,245.3075817787398,77.5277911881187,293.56520667011654
2018-02-14,44.18729457385012,162.9782797666108,104.72882724411264,123.46182928051378,120.46621948594311,196.6702692452996,256.42810843990327,262.2807144664398,273.04856412304923,43.46107531347817,239.82597555754953,263.43761527776695,242.43598377064896,77.66693967862821,292.31083710304324
2018-02-15,43.966582976719856,162.29825918126335,104.02140306719599,122.48499734871386,120.32557589427732,196.11843518487947,256.1767613233489,261.1119727804695,272.52309601597,43.31544998611241,238.26987830329543,265.28087557800194,244.12331462223986,77.33845381290341,289.3431452537338
2018-02-16,43.175221133807284,161.1884535273729,103.44387781199242,121.88147712318228,119.62659518871678,195.0799605482425,254.90246198143385,260.8985840066663,271.19834670133014,43.100226060957105,236.46434046649557,264.82437510517923,248.39525302593896,76.53891359873896,286.1755529832354
2018-02-19,42.909751349934204,161.4677517539883,103.43286551698557,121.96811725059867,119.88181888718117,196.35375328344915,255.03433069010194,261.967021325956,273.2826864920477,43.37030144306477,238.8037940892953,266.1415350438658,248.6940795775603,76.48438193942303,288.5223038944106
2018-02-20,42.87285100436563,162.32399624773342,104.22188231017158,123.57724364469979,121.02111071377456,197.55450084155044,255.94667396387155,265.0867629235201,275.2692345389864,43.76864189750044,241.63394097202274,266.8166864613097,248.69857055821691,77.01956615091582,290.02249789431596
2018-02-21,42.68527547169041,163.63662044753838,105.66370308896785,124.97732061576254,121.7738119970019,199.9535540874372,258.46076783362753,267.11858006855016,274.9979901913778,44.22080375052074,247.44584399851598,268.473020305683,254.18038964905875,77.56632838783652,293.7699111490316
2018-02-22,42.48839826348738,162.6685461920715,105.03833748117542,124.90644620470019,122.12247903834658,199.34325270358596,257.38968866140914,266.5680067710323,277.50466791146397,44.57284221096713,245.32182007667112,266.82111865145237,246.63063255610476,77.533701265383,293.55187343275713
2018-02-23,42.041077033011796,162.6777428994018,104.36628271447739,124.88655646490191,121.81065455683972,198.83822921277132,256.5226057186745,265.8035063233231,277.7802551958279,44.71850008117247,246.37337617013915,266.40564294892556,245.5516253674712,77.05304848856204,290.32012700630094
2018-02-26,41.91444523238861,161.92346169987417,104.7156703056807,124.35508736264177,121.88518249784387,197.94757937552848,254.79566414558707,264.8714823674649,277.9752981509776,44.85633692198945,245.4608698796085,267.0241917170196,247.1845121477693,76.38632590830358,289.0982024994486
2018-02-27,42.371470981643554,162.01208493207227,103.49822123252862,124.2437404608956,122.46225324575764,198.31052864775796,257.0664458292174,265.3273913421412,272.0238667241278,44.61544064856636,242.15946775510707,267.9973181640812,245.77722907735276,76.21819072811553,290.25903386302747
2018-02-28,41.99017217179594,161.88511722166183,101.78091639354737,125.29100449413966,123.0395109134439,198.48855857159273,254.76729373136436,265.59840930377163,279.24430304414534,44.6473258296396,239.79278031208054,270.4661354046766,243.14742003052243,76.33132012123282,287.95199620937916
2018-03-01,41.7424675709109,160.9484799213622,102.49902902905663,123.6483138271817,122.9539415516756,197.63739629075056,253.8248318501711,265.13151667243784,278.3223981132407,44.16973289596305,236.24228557426562,270.0200817025306,239.11125098966565,76.15812012755184,286.0637639255743
2018-03-02,41.30955224522466,159.68844853681418,100.96097561022253,122.50988263172144,121.41413289316029,196.03555390570182,252.37941219916277,263.20052317426627,279.4602511242636,43.7581977446596,234.30739546575927,265.5726569692379,238.7962788564676,75.81367900042105,283.6939153768087
2018-03-05,41.21330717499418,159.41938733219476,103.92174898470498,122.40845110819185,121.49083976963774,195.26113412033624,254.97169848248953,263.3481454532079,280.39249210648114,44.04532361436499,234.4495212057934,264.1873733604492,233.20662626573377,75.67864753258536,282.4915947342285
2018-03-06,40.276701916105104,157.3106225816629,103.4937907432917,118.9093008004796,119.60934235484348,191.52072972777398,252.20208825723836,257.29402212304177,273.88674738216355,43.70952647270608,232.53631604033143,262.9572523104872,229.492050086905,74.04005772940518,278.2205529845363
2018-03-07,40.539364555346026,157.31720461670534,102.32801210175106,118.24738698332405,119.71705221094545,190.57029003302662,251.40085100480667,262.090477455778,280.3051842181725,44.093814378318996,230.94463680005094,261.8137780076789,230.68360578725597,74.51567839217967,277.1750249397717
2018-03-08,40.27903500585962,156.8748086179673,98.5278538255146,117.28469560264008,118.87423200519582,190.39371568279697,250.8939687468714,262.08578915685985,274.603118075349,43.28490374715002,230.83125864971615,259.90132691942733,228.28709077453567,74.44084239867826,275.0051285899496
2018-03-09,40.360790666570985,157.57584368138598,98.59151377343471,117.74275247628147,119.14464028336799,191.50521321911913,253.64079554757728,265.80552963086996,272.3541880085355,43.701776835687255,230.79597181201018,260.17182930715904,227.4876977050771,75.05054899949916,277.07513641653867
2018-03-12,41.563365107905575,158.0325685664957,95.5282935372852,119.16553302923259,119.97477050733636,192.81823477723884,254.81736262904994,265.7389282198745,274.39767268015123,43.95458159042519,235.47988868427527,262.9429242195881,229.55984866373413,75.60726550115878,282.51495594836337
2018-03-13,41.95304250164138,158.5151439052223,94.06159949673878,119.41293904023696,120.92849735909533,193.32277571592493,255.59401124174966,266.58909441405393,272.93796578632043,43.639971718531875,236.1334486309871,265.0667166780378,229.2876108408958,75.25221734874631,289.74824753881126
2018-03-14,42.30027385203401,159.24125611842467,97.90687210403664,119.2635603350399,120.8532391227943,194.14129235299572,258.26256501889134,266.6379801833098,274.1371823124727,42.78911276487912,235.38991178277072,267.15928088044706,230.1145947085698,74.67414418812264,288.43303678557834
2018-03-15,42.54876654614596,159.003242735226,97.81730593797064,118.67276479482203,120.23708868106702,193.05991774267187,255.20800481448128,265.705090952485,273.650946255882,43.13511640292935,235.02160102148127,267.7545820263749,229.3354734310622,74.76059705020897,286.9352132989927
2018-03-16,42.04141860653598,158.02932834238828,98.4706228083725,118.47021638988123,121.62865949839383,191.6523854223944,255.08999529263497,264.7910564740195,275.05740653123144,43.20268000646978,235.54748921146665,267.0012708197948,228.70980758135786,73.84948245569441,284.92786977589276
2018-03-19,42.11966180950733,158.20093953951417,98.82573555008668,119.108321063941,121.89462441649466,191.52160547974654,255.66556411045266,265.9215294927367,274.5641292154617,43.63231556067104,236.25665511644985,267.7857669921375,228.20489761975574,74.31347202466108,286.43649853376184
2018-03-20,41.40182984514417,157.3415309434959,97.8878676452504,118.35989520075329,121.82783461768668,188.82345182073135,254.53284608310776,264.5162614096816,276.50478165476034,42.820028389505715,234.22805276254908,265.0541184019487,222.02516800368267,73.36643368296238,283.2471812830583
2018-03-21,41.88303959698908,157.4310536341752,97.513652537339,118.97888513064282,124.30552048353216,192.41510193272487,256.8281775262371,265.02062545350435,276.04590013899013,43.35981560939992,233.4437251631926,269.44748142074315,224.5778377244087,73.62038335795529,284.034984369539
2018-03-22,42.21051412321192,156.7079843153515,97.6498246551439,118.5796246511649,119.95774584266705,192.30974946897825,255.36350638231238,263.74848022713286,277.57761778292496,43.70724935760084,232.83128410898146,266.28952495155227,223.15634199563792,72.92665074384578,281.50876743103186
2018-03-23,42.31097926481953,155.732863489374,97.9059002965109,118.0384723329297,117.22386941605235,193.02430540890307,256.0207144480871,258.1518768216932,275.55664238602117,43.87403424276646,232.53117369656883,265.3848030392258,224.1135636576075,72.97727390422061,281.3752201755772
2018-03-26,41.93879099511784,154.03501688604942,98.28233893157152,117.34328100928886,116.50087053690689,191.15061372565944,253.98169524306644,252.6727772215514,275.18392855639706,43.96940076881993,233.1314475299805,266.2866902345497,223.80412602188346,72.90398525459783,278.8144920370937
2018-03-27,40.92859249721856,152.4061080264068,98.25153859400535,117.49171049028283,118.37119100460622,189.98033182851233,255.41593144697688,249.77804299317523,269.4097218562483,43.921463422727136,233.97846162862234,263.9117595940405,220.48076310898614,72.59096727607502,278.8406183471243
2018-03-28,38.982545239553644,151.74180928217208,96.5285524439721,116.6068255329928,111.42210070351307,186.65398993343877,254.48110067795292,253.5620648592196,267.1810363810945,44.71684959552991,230.013281565903,260.40509801893444,218.6463579184179,71.70360647380339,276.6101786377987
2018-03-29,38.88588421840726,153.08456810407702,97.64239010508862,117.94681337903366,110.82462556684102,188.57835565469054,256.5092842351347,254.9466711001336,267.5638592325932,43.925897175764355,231.68812332554225,262.6640350958931,219.77341245012383,71.36464527089132,275.3418359408451
2018-03-30,39.10321831559455,153.13108626108612,98.84902970961971,117.36983583175875,110.098659509237,187.4255255394285,256.9188665511407,262.18191226847864,270.1650851296402,44.007104878356124,233.1816348046515,263.3905112460747,220.00756138956476,71.28439441727426,276.39413830036744
2018-04-02,39.725359816371565,153.5414760673367,99.1124775377753,117.75087908647929,110.16962677601148,188.10069556741146,257.06101150590706,273.384936646675,272.9034389859287,44.86836554021606,233.56982854304067,264.29579799938193,220.74018141098003,71.67366561867257,279.65469669187706
2018-04-03,39.30511280253982,153.53573775571613,100.38222567921736,118.60993645926787,112.23247525319017,188.74617151867875,256.2648672210685,266.38930240741746,272.0855778357973,44.53510938550757,237.73193033102763,268.56180316069,221.36133804956017,72.10730771751808,280.772934582016
2018-04-04,39.59603758067271,153.6301742019267,100.87044415603208,118.73871532335829,112.52878930593346,189.59164937314344,255.8668002262941,256.6623807422058,271.90584692097855,44.301652941199805,235.2182444259922,267.1615939025592,220.41780175862112,72.50706300621161,279.82223230159366
2018-04-05,39.052483133195736,153.2390835766749,100.04321954406605,119.50599429280386,112.50132220922772,187.73991124800554,256.60424956685466,257.5137292969613,270.9905575476203,44.68033243327106,233.03371103310894,268.5889472757034,220.1764967990778,72.38893252836554,277.08166796298855
2018-04-06,38.93813739773702,153.21651122366703,99.1893185640119,119.74620585424057,112.73524205562761,186.52545905871912,257.3429134046651,269.19450898461326,269.39213496669186,44.31452934298794,235.2819882897606,269.5287291200007,220.04081388231805,72.7208580372953,277.4552638313034
2018-04-09,39.339767529648284,153.0629451765142,99.30526849190721,120.22173444878092,109.5662927538432,187.73262762953934,256.48689325574674,272.4038191768011,273.41124459291603,44.24425959105941,233.88191645413352,269.20399453263184,218.6632039720647,74.07262851499601,277.0918985237665
2018-04-10,39.997880357790606,153.54787289482024,99.70345022761802,121.04652854423101,108.43141976285564,188.51764877093873,257.53696161452893,271.7085272144164,272.36386593834436,44.90348409205429,236.45126266479315,274.02974638596464,217.668446797137,73.9469421619427,276.93338066664927
2018-04-11,40.44321227115416,153.32434972895936,99.190938516588,120.86691963459404,107.12012625345808,190.18916692926325,259.19048634557566,269.1599370866583,271.254071061057,43.863956751639385,235.93789845122836,278.8000916856296,217.31686893071503,73.7578641885532,280.1110952830377
2018-04-12,40.36423357097519,156.41448086365648,102.78111996621679,122.7280602398384,111.10842710046704,190.81327347242234,259.51105857886824,268.2150672367807,278.4663665316651,44.4812237196116,239.09999497937048,278.833138853872,219.78637405319668,74.57951636161015,283.42470773141565
2018-04-13,40.01705273262281,157.46151091294212,103.06940462116538,123.76014095745725,107.16680031966976,192.70955235976535,261.3134036344408,268.7367884205619,281.60605338613584,45.13672137512716,237.05025681286943,280.626567602999,219.3895159056845,75.06734449465858,285.64785100680916
2018-04-16,39.621594410248825,156.79878472255174,102.53906414544706,123.62935250395697,105.10063828773733,191.71559807461298,260.3417317722688,264.4183392176281,278.94851728743356,44.79065853308495,239.573801730963,280.0720301974723,217.26491403052034,74.3718416114161,283.8438714032164
2018-04-17,40.390350454255746,157.0548296697618,102.83386755004278,125.15379337260806,104.55881992917388,191.5991346843722,261.45690927914694,260.77449210080283,286.8981875091692,44.43866679712042,239.9966116270557,282.336596468686,213.7670454917359,74.38505741807742,282.9690679933962
2018-04-18,40.36386656241738,155.41612112242663,102.38844849854608,124.9677618778617,105.00366194050245,193.5561769940671,258.10693511084213,259.2470627055525,285.43147920027843,44.352060705272194,239.70374514804763,281.25122186310045,209.9169625337567,74.37826552807537,281.791196810097
2018-04-19,40.77886123745765,155.393912285994,103.6041481519976,125.64339450950946,105.69594298077236,193.93842962603418,258.9168535590432,259.5048711338561,293.67864845181396,43.46999284503552,240.24618595348767,283.49544655798894,213.5749021813597,75.66064243813489,283.52758533195356
2018-04-20,40.14551002678779,154.0212798442227,103.26636774121233,126.49914753429417,105.10013377207193,192.30311048782707,259.65511730574457,258.8822693456857,290.7513193689713,42.753498882510705,241.56841046300363,284.30420778294757,210.56572789188303,75.581159973275,283.2593531148702
2018-04-23,39.45542001551039,154.44069120905024,103.01290328059657,125.29433550469938,108.46949520852353,190.0068587095085,260.962074501186,256.89279491962446,302.4978706972448,44.24156489149393,240.20803887988404,284.7786375591285,215.1468813459972,75.69588105881027,284.32327688445537
2018-04-24,38.090629527788195,152.25668760514213,102.21896351283698,123.24300145336004,106.88977440385912,180.13505255446628,259.433266534624,251.00545603490121,309.4152028349279,43.439066817063,238.33149607948482,283.599292887877,209.27032947120944,74.76699625106501,280.8166828859563
2018-04-25,37.70327870352483,150.21138935864275,102.22184035285503,121.33242030743085,106.15348603353301,184.42831185110845,259.17118673943907,247.46072215964142,315.53543063632713,43.32443981006282,236.1246336156615,281.2672139438253,210.78785192846058,74.28432595668917,277.05572911003776
2018-04-26,37.655147745230195,152.06131763797737,102.1054991544851,123.64221461461646,108.69532006704563,188.67199617139565,259.4971023795516,250.24735336215866,326.8141874205832,43.822087193295594,239.24663013910697,282.04302351128456,211.36147955638785,75.45294634364737,279.1947257788281
2018-04-27,36.78660083600795,151.99364670341527,102.49761346153906,124.66094409385897,110.22131335469896,189.3984195503132,261.4350556580757,250.5334775264251,328.7828514975193,43.79900602038953,240.02554230169392,281.3642755910022,215.7444513216451,74.44481972560853,280.7596665099362
2018-04-30,36.649941795474845,151.3082247097476,100.38018403537392,123.40319428627987,110.07533668406086,194.76845817230569,260.5816245701054,251.40661788905942,324.6055503333072,43.701198440211755,239.3242447904109,280.23506741025636,216.49330223708822,72.8824255273322,278.64679646932524
2018-05-01,36.86746594166297,152.90708214265564,100.56252981400958,123.01895983303676,113.22311886622715,194.33436798739177,262.57122904472584,251.13902610235726,326.4915603251427,43.513374948592606,242.1199343800493,282.5607320175064,220.64195009811317,72.49593226727585,276.1645295908851
2018-05-02,36.6070187698048,154.11091894353314,99.76209357420117,122.85714602161893,111.04318497143748,187.21015186593496,261.3299355326999,255.87812705074384,330.6013023354507,42.33629814004635,241.49753317161162,280.0113969041246,218.80342731548598,72.37023656713286,277.50202780034346
2018-05-03,36.984696060074775,154.26421232018035,99.90132481420729,123.33586051509786,108.20605718519373,201.81391961779408,259.71161801276304,256.3611706241099,327.4052331878911,41.85235081768136,241.50661304674506,280.3781060071514,218.34423037012183,72.28315597715148,280.1718053742203
2018-05-04,37.2940041419839,154.57879606087127,99.42016807109974,121.74316605091018,108.84446744802138,206.09983021692528,259.3916035626558,251.1334260124266,328.7140161454078,42.14825574287069,238.66651271894048,282.1680786832456,215.79925194860783,71.72349860136733,276.868448729437
2018-05-07,36.992922234920314,153.33644598597766,99.1589073396301,121.73410367191721,111.0436165455174,200.5905157245404,258.92924948716677,245.8371303539404,326.96117129922624,42.06194945762668,236.7395819882751,283.53754793452424,214.63365542685037,71.55216442061302,278.08985697635245
2018-05-08,36.855223957609624,153.9563179731025,99.80408178773219,122.27684245433352,110.49637643982969,194.60992041379052,257.3451029600778,241.57242995203043,330.18941192682064,42.200945380188095,236.23234670969572,279.5962221368984,213.381234612109,71.78678828393357,278.55669258486074
2018-05-09,37.22963361792054,158.2386423471797,100.66175795446165,121.34054028978842,109.7502788089615,198.62600794615884,258.18242419245047,242.95600047564864,330.83049633977,42.07055277561679,237.70610805184097,284.7160243116227,218.5421305498582,72.61362774234365,278.5680054828343
2018-05-10,37.2231260044263,157.99577482574867,101.3964008839311,121.66549966158038,109.49743745886924,209.40043627911982,258.18484093586494,244.41797262019924,333.5499714294454,42.42269827010948,238.74765652493784,289.3295422981604,214.14311416902805,72.97034335026467,279.2379739554698
2018-05-11,37.36076939057453,159.89209669410798,103.2751577002913,121.52422823260495,112.27672384685518,202.5397387246502,258.8868720107947,242.9547410128346,331.6728727716665,42.52443747068668,238.66360251362113,284.7167625544702,216.6457630749727,73.65552239991595,279.9054210110433
2018-05-14,37.2729053490636,159.39675570810985,101.6365232258489,120.13826128330572,112.88091325986626,207.9590620053788,258.75824256135195,243.6303823621167,334.97091561416954,43.016765194234594,237.20237767032427,285.2716621210504,215.09711065200895,73.55071537571452,283.2882309550048
2018-05-15,37.7627404932193,157.56398775561908,101.76491493062494,120.35527333988438,114.24663671450878,202.06717925997253,258.8671322618283,246.49335164420694,339.2396632169394,42.49349212548563,238.6033705380946,288.4740675350586,211.00522182839802,74.07234838301828,285.6449976382006
2018-05-16,37.29833681465659,156.63189469309165,100.24659631332311,119.64658906964537,113.3635331215252,202.38123702472228,258.38150615455334,249.43547738954146,346.5265106894686,42.46874726504488,237.20436549064607,287.07749449840037,203.8582337985762,74.20772918208436,283.62023480298706
2018-05-17,37.31039739928446,154.66333541810684,99.37085097333971,119.70972628988086,112.82128245133778,193.02359090359298,257.52424390912756,246.3077413151517,348.7941721441079,42.72241565209487,233.51795856126253,287.55452089395186,206.0675097843336,72.85762890507078,283.22771787575584
2018-05-18,36.96880273894185,156.14087832179868,98.69377669809685,117.25748360859964,114.50644328367687,187.88857047853972,257.6982693550965,245.86196922931668,347.8849096853227,43.03186639474876,234.03516274340032,290.9673529191543,209.75195405018388,71.70873547456783,284.75142143531787
2018-05-21,36.92036484097411,154.90777225910716,101.92032613136028,118.20918722041522,115.02509623198765,191.23484406269444,257.24920212141404,246.76935554868112,349.20003698608315,42.939746768222705,232.82817621476846,290.62527294850463,214.93896490832233,71.68250857116043,283.96703662040363
2018-05-22,36.940287171252926,154.6517295849265,104.47078774863532,118.72288366980142,114.66978570777229,184.26138589657734,257.48614733867475,245.0958034496196,347.0697641918486,43.10528684163172,233.13342202596866,286.20268809264894,220.4321821107289,70.37279165819358,284.64244346037884
2018-05-23,36.74106096783162,154.68892769963207,104.39489905594053,118.44716975476717,114.77083515559212,184.68845273332008,257.44368548258353,245.99631283212864,348.3290194014595,42.878749351736595,232.89104948487753,283.8897613794203,229.6607233689688,68.77377467054988,283.6108784289589
2018-05-24,36.12711403434974,156.38066185294284,104.37567413329128,120.37065832622402,114.5361247043288,188.888013226687,259.09899353637024,248.7473013918428,350.74539110699874,43.12356491567164,234.1113784910066,281.8103838181802,236.04036559699776,68.56815572904893,285.72869552319213
2018-05-25,37.2488320175876,157.35598007539753,104.60835337906767,120.61683523678082,115.65503947020746,194.3304718545097,260.5030635813617,256.92468678408073,354.75452218728395,43.67948884858868,235.70793817523327,286.09634646007004,235.87904145665766,67.86727435100988,288.8965729508782
2018-05-28,37.06687837561366,156.8544623125154,105.70779932524329,120.47225129561191,115.01113770455295,190.66660888999922,260.2189084920731,254.66039101435896,353.353697625722,43.73429918800103,235.0895950024773,287.9716199025668,234.71080155578844,69.52347796401511,287.52347856194496
2018-05-29,36.96073455234602,155.4497837241936,108.1675737007261,118.57216832426786,113.8942369104883,189.62399172438563,258.67891166226053,253.38571270797183,353.8784798393979,43.52431676905662,233.56388830927625,285.522918143619,229.63024369807943,69.1810444421066,284.7310364874021
2018-05-30,37.491024943116905,153.8556962329005,109.67239608272388,117.88235740260734,113.65765069942307,185.0592524459654,257.79925721103365,250.12140938202253,352.82808662855376,43.51954823229077,232.0141373546509,278.6619554318207,244.76045510380357,66.71876364439892,284.0487474038256
2018-05-31,37.021595133512264,154.49767978336462,108.74659734451853,116.21824276000049,113.90228679617582,180.67616050533906,257.0569404220815,250.69167716829844,354.1391294089159,43.07050156387214,230.64451760430532,278.936271141306,230.62435129288912,68.27192085907305,281.85472149949317
2018-06-01,36.83407308460421,155.1534974353756,109.09489416288953,115.14982748833597,115.9891596547413,174.8328793152081,256.85634471095364,250.31332605194424,354.41658895175294,43.587188004186515,229.029587401571,284.86945689007257,229.88305547191402,66.38442403114492,281.0857045531874
2018-06-04,36.87343054726179,155.4800457213209,110.0263433117906,115.12838006557448,118.23993378509466,175.6016519190247,257.9041051621901,253.7483692300215,356.6509037318524,44.15323258701713,232.22496460417472,285.0498234250165,231.35178013261563,68.06167422019195,280.61013263595726
2018-06-05,36.594353966644,154.32435172353638,110.0099524513786,112.9899955010478,119.58140642743649,172.44498484473655,256.84739020651784,250.734194206616,356.66561128456493,43.214936365393015,233.4727960082388,288.99933034497025,227.58572704853515,69.3549589428752,279.26426702728793
2018-06-06,37.60102848806717,154.88350398663496,113.26785999376075,109.83426995459519,119.53594840739022,167.32025537957514,255.17938562438732,253.14254320422214,355.96744506141346,43.33000782397928,232.8084884244276,290.1501272651917,223.07757299884742,67.69084534663384,278.3057251661935
2018-06-07,34.81759704903103,153.7397383924766,113.23128289273512,107.96553150018374,118.49372427598358,167.33460945226705,254.88528695185613,248.87738730819072,351.8467265970692,43.40431540718268,231.84602039351165,292.40165542614574,228.64350855488735,72.23387020710315,275.9206781256433
2018-06-08,36.06724122568544,153.2131944955252,126.53046035932623,108.66595404908435,119.29152087001673,169.58366996714898,253.49905992986865,247.24881830462306,352.14610891291744,43.661723538248346,234.31534179112987,289.6525487050268,235.2969860127268,71.90656322382686,275.6598071975085
2018-06-11,36.00209590038158,152.94579685924052,129.55271739934412,108.08281739913528,117.783409541541,169.06750191225584,253.81021381234848,244.20617744753633,352.63069764730676,44.30261786192366,235.95762865479688,290.79712192297745,230.15943720258386,72.80644600370066,277.0834712823959
2018-06-12,35.804537632750026,153.8318363667345,132.49281246987124,111.31565978412432,118.2496243008874,171.71976377617892,255.09432500457083,244.87640181484954,356.59947584560575,44.21100484038578,237.44392722806523,291.7978524852558,228.09426250828764,74.73833651940748,279.53177875330954
2018-06-13,35.88590036202084,153.94601981243372,132.76895502936955,112.59074145123921,118.56796777301842,170.852078381266,255.30848408954415,245.72640385091967,355.4338079740775,44.50818575019906,237.23686718265037,289.58308553813214,235.06468584205362,77.77833527167347,280.40369036636315
2018-06-14,36.60146790105739,155.48659033305134,133.04018254176066,113.3487855067346,118.55244817928128,174.46142189040557,257.35668117784695,250.50468690280354,357.3448217109963,45.39950705262354,238.06745757783736,295.1566878283363,235.0808633671878,76.28746553305824,284.0399968275358
2018-06-15,36.689873699373564,154.84549210883102,130.4422507546544,111.18115159530304,115.9847392865002,173.5145066857264,255.79487323280495,243.23844649850955,358.8931374743452,45.10200026116696,237.5328059949211,291.09275479111,234.04388492879843,77.28680179331322,282.81584430640214
2018-06-18,36.435196770926694,154.71898910437122,132.38176715556597,110.59665586741703,112.66128086538824,171.5860841504131,254.3034174732297,242.2430753771655,360.01620217582985,45.20169927504964,235.76871869688006,296.4947130169067,233.15781501923433,78.05464504274202,280.46964006487275
2018-06-19,36.43063819349169,156.50790052824019,130.79747665657368,111.32207783441297,114.92726545811577,170.85207283752817,252.2568594290922,244.87989751860644,365.6034385306168,45.721085229993484,237.3815435847458,294.08738963526855,235.75900440907498,77.9008048549199,283.60533075492276
2018-06-20,36.53903193596588,156.62722863802074,132.30329733041526,111.38715830455476,115.4488094086182,171.95875840539418,249.80410468861757,243.2384032815029,367.11391154274645,45.71458624896675,236.36326556927958,298.82559184884246,235.91104964082206,75.10055804955701,283.70201784150055
2018-06-21,36.35054737908504,156.02550141600543,131.3867031651705,110.83101441354758,109.47211587942266,169.5185682199624,250.45075165194342,246.16695161165455,364.5107201430683,44.905465974899705,234.725656297275,292.50185426976384,236.43771328724847,74.48598120600826,283.12238612782215
2018-06-22,36.44546587520315,157.68815320793698,126.95456198268009,111.43073815611181,111.10297462755506,170.0343208097689,252.21904668959442,248.24041913719537,367.4208355747902,45.4440476195258,236.1798795606827,299.13412877493033,235.39324037722787,73.49995932601496,281.7860656658994
2018-06-25,36.67145938838658,157.6033428739101,130.38481418740864,111.43473473630952,109.39809868365147,169.87448798761756,246.62555866467792,247.29132697112416,364.1761528584636,45.37684075712271,234.9293743909348,297.92876625063394,233.31273942613996,72.46802173776507,282.37140679940495
2018-06-26,36.110750445514306,158.66592834468295,129.06352409626442,110.50268409921695,112.0778604785965,172.0850315114909,246.80829065433215,247.30654162043757,365.478679831907,45.286413989472585,236.09329727643203,301.2199899973778,237.88649944904395,72.5833377104537,285.80858539776733
2018-06-27,36.28278841141423,157.7296460240581,129.0685835333802,110.06912578443834,114.22878937721245,173.69570084894167,247.30185369076554,250.55825131442552,364.95925872442774,45.71981787747044,236.1916087713629,306.2715048160041,239.09854619925045,73.32649885772973,283.9052886279065
2018-06-28,36.08109079084347,157.9500164367665,131.08255414037004,109.95646311580748,113.65834626655476,173.72876219452937,247.1117438898037,249.90995769235155,368.6081166155708,45.611292246715976,236.70496532938955,306.45472109742684,237.85748039292605,72.1322818147213,283.1620543659329
2018-06-29,35.5676762655329,160.10454832579745,131.12930856867092,110.1789566991475,116.04289294899262,174.93285977137745,249.24740537915494,250.73251145589896,371.5287558215045,46.15972167159455,237.55534381784764,309.87272438954216,237.17104365547755,73.62882259513319,284.681595377266
2018-07-02,35.30184030532871,158.91845421578287,128.39061756543543,107.99532168666445,115.65063088546215,174.12878225273775,246.52265539557362,250.60117067209197,370.5347510457053,45.69786960267696,235.10643039781544,308.1094800330608,236.25057018583317,73.02301523520916,281.6799855427768
2018-07-03,35.77292149744433,160.74791456293372,128.51339408476798,108.63318395755473,118.73450098411952,175.88149627939802,245.49624649293165,251.4305541444348,371.3286487285712,46.23690971307722,236.63371367956552,308.6300310994524,239.0887396151218,73.76766671351136,283.758790789545
2018-07-04,34.80545899894169,159.9601529696203,126.67201313951735,107.9197234202547,117.4149840130641,176.24129717864977,244.47225264558733,252.93552615557354,371.67436671558056,46.324819970088825,236.70111918947745,313.2918457994846,237.9798625628161,74.66749687041258,283.03538000390455
2018-07-05,36.03410524871781,160.3748839810326,128.35287815331137,106.41786626661823,116.5795036495827,175.96394362290619,244.2107789837793,254.00387043792338,370.1421671956642,46.029633642284914,236.09008142322875,310.49186010992156,237.5478419805465,74.58102502182962,284.1647153521217
2018-07-06,36.36502276470954,161.97748578401652,129.67188279638074,107.27146214256535,117.21347474080157,177.23900857134535,244.20534833898455,254.61659542945313,373.5889234646122,46.076150558287175,235.26214053940012,312.8536922143674,239.1569854747122,74.85549964252131,280.878973900834
2018-07-09,38.44430143486258,162.00974650043653,129.19736500013119,108.49678375735725,114.87872374168562,177.3240404927671,242.71461961718882,255.85674575565878,373.37588535322084,45.71617270611472,235.37079102223424,305.4723296447542,239.4031166637685,72.90423073018368,278.840004621057
2018-07-10,37.862485825245685,161.93884292820317,131.75017626600047,105.65795045093502,114.8866980676278,178.82226003728465,241.3376762808201,254.14239553914197,373.25137898990937,45.70151590793587,235.2158482530691,303.7642268388764,236.79138342351115,74.7177735673812,275.9539302063973
2018-07-11,34.486058677338185,160.7426569702174,130.49115074672457,107.73702008066196,113.7222760378507,180.26894812654336,243.15818934157286,253.76828982561446,368.12972026714885,45.223394705772066,234.31052139661222,308.5361256463644,235.69804582874877,73.53949941795314,276.00648279923297
2018-07-12,32.182200896880516,160.07084961540897,128.3939809529069,111.13788742373865,112.47800473121121,182.0814105735604,240.7590772593457,252.37346477012915,366.4354085231568,44.99420897996741,233.23930141604873,311.0206435845851,235.6138453410919,72.94335302280415,273.16737514707967
2018-07-13,32.3439747262019,161.8436534417538,129.53254845098743,112.61987197495282,112.57360672536649,182.97206919238846,243.40138807748332,252.85595731692956,371.4577146350025,45.3159368850869,236.76500353424558,318.91090143531824,236.79310756354687,73.534120203626,279.9919824050971
2018-07-16,33.78556376093599,162.43638609444196,132.17870678582602,110.04355291664037,112.5665453900523,181.44504599327885,241.93299541773146,252.16523040666868,370.1845399745715,45.25658090750416,235.6725474787589,314.0277422346426,239.57911451066943,73.60001422090137,276.0966803563609
2018-07-17,34.186119819655815,165.14101153458301,135.45780002345822,109.80916491890954,113.00595355350663,180.70278444545355,242.4053701537462,253.1751564996584,369.41459759650354,45.52539815901293,237.84182831608769,313.46029701136,241.56184198970342,75.85752829189776,282.28747335163797
2018-07-18,34.302057739574245,166.6064331931673,135.72889244565314,109.50812094176773,112.66304402219659,181.82418016241706,245.425848033058,252.33674728950783,371.1697709566312,45.811521749659455,239.7384777658697,316.23598678944523,243.87028288835896,78.47350002624371,281.8098382408081
2018-07-19,33.75390354649276,166.91837015898682,140.70119480129455,106.4005873969261,113.08205953530636,181.6164204037465,248.57754013394174,253.32695192000952,372.41553487239304,46.100614889849,239.34428534744697,323.1603616987218,249.001693986875,78.84200152554294,281.30725162241833
2018-07-20,33.57501059991906,167.18731003622094,140.3030115352013,102.98375942680248,113.87107517319596,179.58888112767215,249.6085062555904,250.60636555178007,372.8784119664679,46.109196295521045,236.54903723570442,326.401934723967,244.37836090897477,78.90157133164527,280.1703741316248
2018-07-23,32.9185319438285,166.66235514432057,138.89679470246165,105.34934858438886,115.36345859403777,183.38560681225565,246.8279114378595,249.87516062823175,373.6116338637145,46.08279949616084,235.42571314005258,327.4423342706631,247.5807347060867,77.78893720752549,279.00746168098556
2018-07-24,32.36279152541495,167.08989422739577,140.05810949377317,108.90951061734357,115.12123471932206,184.13260401311751,242.2479583873329,248.9699968042741,375.426354617922,45.88537819776049,238.0359039522689,331.74291877990726,242.66650468511904,77.17964406024868,277.18543931825644
2018-07-25,32.06317583848502,166.27661494819714,137.9753668668482,108.21370014953791,116.63524683967431,183.86436811701486,243.93077892474386,248.67473319864246,376.62304764913824,45.762806783358016,238.6715996522798,332.6643679043595,251.74398227306708,77.46473670388274,278.338522205517
2018-07-26,31.295899245070224,164.8584660974206,135.77972350687014,105.22292549940168,115.90415813256594,183.03609553682173,243.822072296784,249.9227248080809,375.29829498078834,45.43173984952567,237.39711978747204,335.74167235581035,256.8043384240364,76.96109746640478,275.1032494250017
2018-07-27,31.45847246352332,163.4144704348691,131.70311872764876,100.40155622950125,116.57881077437735,179.40650851694275,241.59789307493568,249.0513999674895,367.8578978239521,44.80157502201872,233.51232623470332,352.42934931763904,264.5346845987247,76.0017673867502,273.9745426238481
2018-07-30,31.88078141525953,164.65875429535762,130.45441494399103,105.59717523504435,116.19541207993382,181.24447907927149,240.4084951731938,252.77847941566665,372.2179427715113,44.7844067692883,233.57616110508866,339.7986903290311,266.5982980061054,76.673414381317,274.84401164231195
2018-07-31,31.407711202716182,163.85709095356427,130.32276618253843,106.81115473350363,112.96965448266488,179.2083859766553,239.1571869356471,247.06024004967233,365.69175062960875,44.20392254847911,228.68902174878664,330.4248752585638,262.22415632265216,76.00277395850308,269.4765512677957
2018-08-01,31.23959537583024,164.97496835806518,127.54635997094651,107.35359530877628,113.39834982715573,179.67173256300546,238.20640392626902,245.33854494437637,373.4501598705005,44.13572211001899,226.9401174431131,330.77056644854065,259.45780472364777,76.93039040934217,269.07724446153156
2018-08-02,31.774366589633004,165.5737381031799,127.18671991102543,108.88705715213972,112.95938986697047,179.66390355915453,239.1017620451387,245.38212831645814,368.8843689635564,43.80774855054148,226.65549883408522,326.4928892381461,259.39540584450776,76.5284883467511,267.15806777182274
2018-08-03,31.686153606678133,165.57845596613336,128.10997088174017,109.29012589516017,115.18155450608505,179.82097180473056,237.90344320396602,245.52427968500265,371.42376058809776,44.107963176351916,229.77476741881168,318.9965067107468,264.68139285603854,76.62156856497836,264.17541852604603
2018-08-06,31.491080439311453,165.57676197707485,127.94164293224529,107.40289714771183,113.25878434967451,177.46459800334569,235.82935371532665,244.49745905290973,362.8836038926129,43.717492562506514,230.6095776539345,330.0197168378045,267.6762565197266,75.01869331507025,269.78631668673603
2018-08-07,31.710036703278956,166.38131320113015,129.3565283526398,108.33836431762339,110.66599078196045,177.75611606333126,235.9582311392546,241.80323189401753,369.3154249675758,44.28614628768503,231.3066254433698,332.53214246355464,268.39855089242167,75.35018426675332,275.85049601723
2018-08-08,30.75612089133896,166.71973203241004,129.45666603984344,107.86377206143926,109.90115911719288,180.47660205263196,235.50177020345245,242.02656295149356,378.0512165772747,43.89740702550195,231.36651274131805,333.414889735541,269.7815221140285,75.25347795783814,272.36991651103995
2018-08-09,31.382567537974573,168.69229350512694,131.52846540004154,110.5954263009731,107.92690809713294,184.1047989737379,238.0598682487068,247.42109213553584,385.95980966210493,45.00380785909954,234.87462591272094,334.7548360021651,271.9850851512094,75.875762648965,280.5236694824482
2018-08-10,30.951779729909376,169.51128932747255,131.5938342107357,108.98168034072255,110.91298242036564,178.48517035956965,238.66381345493264,248.16191750977086,375.571299910826,45.12389332128195,234.82403596086772,334.029816728205,275.59869002868686,75.97513255550444,278.5232245009138
2018-08-13,31.06128958295622,171.08629494783847,132.96006776405244,108.2373728217149,110.64864570307142,177.92767498354942,239.3756545646509,253.04241983866848,378.2349399302152,45.074567113986824,237.00146520912185,334.7645966720807,278.0923570885485,76.31291200914463,289.01819279398165
2018-08-14,30.49908533075477,170.00943611032275,133.5726952728854,104.66019347382935,109.59185613148668,177.93762285564807,235.40600870205503,250.9007186056208,367.72701231271,44.25143558281794,233.41988344870435,332.08387363847913,275.2624088753214,76.19636731185636,286.6984746566304
2018-08-15,30.507887901585832,170.71840309656938,134.60650824704726,107.99647054821251,108.88754637755791,178.46913036666234,235.72216210387842,256.3910264453949,373.75189750599566,44.28163267643323,234.30090136852752,330.74991010870235,276.5524308620504,76.97049004997241,288.43549442590717
2018-08-16,30.924725051210057,170.74638946738742,132.9224615922285,110.13092187845245,109.32947621344502,179.66862929861244,235.93676163043486,253.87156568708252,374.6535746693757,43.75160660876459,234.78526210156025,334.17617696527503,278.07297285315394,77.11966360076272,294.8597025197426
2018-08-17,31.095982472094956,170.4260353912702,133.16548831555386,111.47143393473846,109.2711482142707,182.0110756008866,237.1058327028529,252.58545758100678,368.4796937573089,43.90976705714557,236.04780922430444,329.6901309993016,278.4437322724432,76.67483030652832,293.89883326967885
2018-08-20,30.789863930797303,171.0634548673091,133.06034841830964,112.25230704611414,108.8118515752132,181.82809552867096,235.16780758802125,255.12322285005658,370.5867576872699,44.11500651165648,236.71959378975083,331.044754108412,279.57232536444377,76.99390126344268,298.53730256
2018-08-21,30.615440404457654,172.11041955684132,132.88412198366726,113.59904429016083,111.78018558131389,184.4745820586669,236.104412113218,260.04476044888594,375.2427094594057,44.65621993739188,237.5794199643825,336.56524164738937,279.19322861595145,77.73254351362968,305.8369912224499
2018-08-22,30.5080035443228,172.11405965749503,133.04596307651775,113.77652823660331,111.91135801122459,184.6480012277262,236.7131514891433,258.41069437522157,369.2976462757348,44.97568589131419,239.141424971581,337.9680751226191,280.8129753775525,77.69481245772485,296.8255083578657
2018-08-23,30.34366794544705,170.6284850120042,132.71116881096364,113.87876545335179,110.85145352071801,183.2263369362161,235.47762906082437,257.2617345501874,367.659035214352,44.54478574545039,239.08159742206718,346.06568143504654,283.76507746043865,77.37759903979378,294.8992078862537
2018-08-24,30.094105256374732,169.7129281915296,133.13458629433495,113.76625084713835,109.583369533043,182.77190870404314,235.0389182950758,255.89492286832206,365.3108200715547,44.57193878776764,238.27897904182768,346.377173158892,283.11747971131433,77.120886545298,292.4819205101781
2018-08-27,29.84487408667435,169.60684628184904,134.3224250691743,114.34959327238133,110.26724573507788,182.77370201739768,235.42723778194804,257.72676141742267,372.7496689360435,45.13690361376328,238.05335762327053,349.2453859125258,281.9398301733288,76.52492088118808,298.8491763615427
2018-08-28,29.715276136822812,170.28892247101408,133.6387100311739,114.1874969975924,109.86977873064168,183.06155042824827,235.34448992944246,260.72465919381915,370.9364456901145,45.199247699635855,237.05669278729349,355.03682410002494,278.67702444730105,76.43629363447847,298.74851628267896
2018-08-29,30.2302437578889,169.24945748794931,131.67044378336132,113.85063764859932,109.43625150902999,181.69378598562346,234.28781877431598,259.0684761796359,368.87617690556146,43.95568263930183,236.50891915685884,351.6011747107118,272.3680652951374,75.7246894859564,295.57938862413744
2018-08-30,30.02759880729067,169.86580830569832,132.8928970570504,112.94941608890161,109.27922585592526,181.58373282231298,235.02024128218412,265.94265419336216,365.49164335537324,45.02025727662671,237.3542443845555,359.3030402941084,272.276763628944,75.92497675107565,296.57800834025534
2018-08-31,30.326332972980914,169.1255221891204,132.50101414565728,113.09098355580917,108.08128050652452,180.90003086126842,232.98412257649244,270.3355859638983,366.13907823655956,45.06120855078819,233.2825142426895,361.8955786640049,269.97040384078304,75.05297039257555,295.631967498756
2018-09-03,30.1398606610902,170.06758358839699,134.66460153617695,111.84452220487931,108.43576034302177,181.5380837774819,232.83195289802342,273.93034602496533,370.10773913375067,46.04452347087586,234.90255431420567,357.16325109157066,272.8856144642244,75.62345290665989,295.33509090925025
2018-09-04,30.242498848423644,168.0133743779434,135.60038681413036,111.803919959088,105.68590086496265,181.00192802278264,229.9561447846362,271.7789072472557,371.68692932447897,45.794547477329616,235.2403558966788,356.43128465477514,271.79656982344324,75.68918395010652,293.5318056960038
2018-09-05,30.247033432625823,168.05921371442673,135.47906275139982,112.11896491345532,104.77404353260714,180.44081390471047,228.29159610207927,268.6527004561689,377.8740455604303,45.302764888118126,234.52297772003317,362.42376855947464,270.8643626158832,75.71872598236932,290.2721190095595
2018-09-06,30.447850216964028,166.07943832310332,131.5945190828099,110.31224678431505,106.94787280504096,177.7101199560969,226.038769665642,264.29033653139396,375.51728074004103,45.361961433535846,234.78227683980703,362.6190237793318,276.05001091333656,75.21227818302391,294.8572517950243
2018-09-07,31.299660404496272,173.91395427295467,134.90229063911383,111.74911811269239,107.44198605605771,184.69808893618708,233.54833194450603,268.4569279422428,380.2584640518863,46.6504589903373,242.12193672517338,365.559982305273,260.30968300187743,77.36854531572995,305.678340068711
2018-09-10,31.70093913318865,175.1791465346266,133.749494057959,112.62799947698616,108.69259526597145,185.11075431229443,236.44084507729443,273.79885179268285,381.845118736868,46.02008088554698,244.5977106895503,361.95667062822304,273.691239787897,80.53162015958682,307.40653108458844
2018-09-11,31.67665552978944,178.68310396548213,136.6643100093605,117.73263119447131,112.83470373275559,189.86006788069477,242.515112760239,280.8205946009143,401.3699295060903,47.0551885241714,251.43366025819668,368.01230647857017,242.56718921649497,83.99864907709083,319.36269621339886
2018-09-12,32.83266674504064,191.9751646519135,145.37784844556603,128.40421124863724,120.8597165353245,203.27303183448274,254.856215151563,294.63743089862714,420.7087240386492,50.927650532967164,269.0178116534928,398.5293767462508,248.4042916697075,88.4798650537685,343.9443927784135
2018-09-13,32.39344856958767,192.00024492459616,146.78303826688258,128.52400120191436,120.70106853035622,202.32121536270995,257.84625559009567,293.09846344513636,423.3618592167373,51.32131448209245,273.6406258107862,398.02241280943764,245.82372348614848,87.36620810227583,342.061541869067
2018-09-14,33.52009963115092,196.68283857836676,151.83377757967472,137.6898524876401,123.85054399327164,207.1090078251973,263.0095135095058,296.1236952397903,438.54880412018946,53.299498522411206,279.67758209659695,401.5364913829968,238.0388341320175,91.87069494237059,368.65685815267415
2018-09-17,32.17751614807505,196.50882562497475,149.5819394758259,144.6313041601694,120.95615504863557,205.33909977396476,258.1661798141846,294.5277495273987,431.42481300408167,52.77796979153499,274.34587401802116,416.1932744807472,232.60847256238048,91.69311358052616,370.23274825585673
2018-09-18,33.626879212471195,198.7938802701903,154.89047707115157,151.166180682142,122.70254957530392,209.69270416040104,268.838973238157,300.83742913010485,441.8009780487301,54.2614825111824,277.8317166979724,425.99429846002505,231.12606145099505,94.4927530529551,380.1635626561777
2018-09-19,35.563005054132994,195.27456249478467,151.61834945606466,156.48233202350042,119.61329810382354,207.27448228598524,260.2731788435702,298.8676325694059,441.76282286271737,53.078915334254646,269.8819421313906,419.6407415487629,235.41888147707454,91.91156997714502,372.277776783495
2018-09-20,35.31679321276089,193.60386961759536,149.81360573862733,157.72683220555206,119.92009966992228,207.01493868529064,261.39146961406533,297.38739774606495,449.3260602133284,53.021317464560155,275.54158215405283,402.7346986225355,241.18795445400093,92.57414215622593,371.364226083271
2018-09-21,35.12785188362458,194.9197501867215,152.02073394343523,148.91800749911334,121.57631864920717,209.09952901627238,261.2379664859183,301.68274969533906,453.3359766951726,54.93500752461964,278.78127286501,397.17592748803696,237.80886801108542,92.15892856661036,352.3139370205392
2018-09-24,34.480528825781846,197.2887528840678,155.1380579173591,157.94146271192162,121.53567445842644,210.31930660266704,260.80695269857256,299.771457363693,457.94572739888685,56.10451467029895,281.6716583709469,390.611638077892,232.3700596492916,92.62933259259945,367.1692293289507
2018-09-25,33.56492711986014,193.91287498980387,150.96822998157356,155.3111541382146,117.08464373226248,203.64867398215802,250.58074980946685,294.13645936677517,447.0304230816789,51.90850750232749,277.95375202839864,390.2436066353664,219.99472645011815,90.34743435953027,354.829370969687
2018-09-26,32.53621547308133,196.91801324774352,148.79189527656504,153.58942526774885,114.79198145112231,201.33200235708134,247.90205908126833,287.2134334770608,447.5856634986907,51.92225378948006,277.94176468228517,384.14914835957995,210.70752673966584,89.88487684015493,354.58396784391175
2018-09-27,32.56764357406584,196.49910200221277,146.99827696458533,155.72593390213686,115.4014711503396,203.45605624155664,256.7200013746932,290.6253010908423,455.7487953610932,51.730727124125714,293.91663212829906,387.27466355070464,217.22973601566818,92.45159128149255,354.824837626238
2018-09-28,32.304131331316476,199.64106675504075,147.81263454393226,153.41824518296127,116.46173063486245,202.68133768551047,256.2090954811391,287.3169824550729,454.3502698192669,51.23467821231911,285.930837757779,387.57968164076135,211.23391018609425,92.40668332270091,350.52732227271156
2018-10-01,30.7751373076681,193.87132299546963,144.42431210159242,157.00281709383236,112.6998406258429,195.83215423735328,251.11385705992305,280.55973213988756,445.82532185738415,50.32567046411421,276.4123407823797,386.86649179858495,205.25367439041017,88.80331059862316,330.20118482683154
2018-10-02,30.643095387368994,193.79394580755186,148.9143325677167,155.53880947567401,112.63490001622996,194.7310026543929,253.0442898507075,281.697761686318,445.0628682871597,49.51980556728806,274.66719621068654,376.71281868106007,203.674802218614,88.58463726613554,326.228190703517
2018-10-03,30.840148147098947,193.80481601639175,147.66371037885176,152.10104798365464,111.87920005341645,192.86621329384556,250.7082272267323,280.3508724746546,444.7469100706243,49.47889510086398,271.43527850934953,373.387816163323,202.64371260924761,88.35762279602118,326.30725197765315
2018-10-04,30.628694873797624,193.80576410188974,145.92403592327764,148.94726886740224,110.12651811513831,190.2254363614399,244.7747899798133,277.41516451323656,449.01400934515533,50.2535775644568,274.5453550696934,367.873975023298,194.71859757042094,88.80539430312267,322.0727478818043
2018-10-05,30.840006461279287,194.71230618954556,143.7363667238522,156.86223486390926,108.73073516710241,190.31049828408862,247.16997242865654,278.3088666674541,454.23462533328427,50.69555994519308,279.5819866568989,376.0216573621965,192.98160953479547,90.21722885479622,323.2391859119059
2018-10-08,30.78164490667035,196.47608032977251,144.1976750279884,159.71975401419343,110.6060301730307,185.71651177110746,253.95596989276825,281.3814973220704,456.11255593285466,51.324561459577076,284.70704058458114,370.7489083508902,200.8908906397447,92.60800351246381,326.4993263770671
2018-10-09,30.27583178637309,193.12368113232768,140.8900817091128,157.56530361348132,110.29012795462317,175.9793891409026,254.82809071852262,278.97035458731654,449.2813534804483,50.58565562623959,281.11102776048335,396.8107266246747,198.30234555522537,91.34683107392681,327.910692225408
2018-10-10,30.176299844737162,190.66171489604557,141.45999488749658,158.12095469910784,107.88383642698467,169.42439649547433,255.12101945906085,276.3283462285661,441.59715456330025,49.925871186212866,278.97114053240836,393.79980985632574,199.05050820993256,88.60647034035765,321.34122475200525
2018-10-11,30.482035318814912,196.12247027606114,147.38497319991214,161.13543632705307,109.76884093884198,160.28933256604634,263.43608430180404,284.61334133369456,448.3792843418491,49.778205991553946,288.1819940184679,419.27441536726536,203.62710442061638,90.98036601089589,327.8452730574245
2018-10-12,30.44707673440666,191.12104056821423,142.03601876282895,156.47212236131352,107.58298374615138,155.84201827120813,262.9411770791758,281.2966090038577,443.96873971737614,48.4308583531496,282.4359621407447,417.7523477327226,199.02654855649848,89.92056623177278,327.23478737025687
2018-10-15,30.599869326199283,191.142088768519,143.96865345846246,156.8473220021904,108.20272416466969,159.48594717768538,263.818877292734,280.00944996826854,444.5728864544872,48.288483857558184,282.26430893242105,418.84094465644995,202.04653941340092,90.07800361909248,324.4099284600112
2018-10-16,30.64137467884793,191.1784613791807,142.66604898279547,154.19054881122406,108.25376187761111,154.94288577706834,264.1907054542806,279.83809018445896,440.2132078929015,47.68455470629698,279.3801280372331,407.74450226337433,201.27279878495972,89.61803559881135,323.5529273298782
2018-10-17,30.623338936214072,192.7123875061557,142.01952425696143,154.86560443600482,107.23207297327376,163.17435812624305,262.18805641046566,281.31595702104687,442.16923960895184,47.29864207700085,280.15786578699976,401.52982339614175,200.70630665657356,89.01827557037475,325.7045400772932
2018-10-18,30.56585788762735,193.70851382481618,141.9883783858172,157.0704284253035,109.44639097081254,160.07890823165508,262.90792332847616,280.9641472699308,444.11643499585034,47.23049946233356,282.0968392866186,399.08379982614804,203.43231949782248,87.97218170297978,327.78231054631857
2018-10-19,30.305907712461988,191.79540188292287,140.7848529002989,155.44885089967963,108.64188422900183,160.28948392552118,266.7468899626885,270.8469091973486,444.29731290973,47.30746937454063,276.49015976295516,396.6595111499538,203.9865241843761,87.49876450205184,326.8097142601602
2018-10-22,30.283399163865212,187.49878758521666,140.896114979575,155.79185782846903,110.4451553925643,150.43035191744838,261.5780727003692,268.98736636271656,444.6812013490528,47.52518959600114,274.6296785978108,391.4315776670074,207.30867871904792,86.65989820347782,326.32887918925235
2018-10-23,30.137912351462052,187.53979236744203,139.5471220617636,153.9058809155387,109.47274883829567,147.28131401183785,258.2657049509594,267.8517552717034,444.75768259175084,46.86253371472375,270.67458162726706,390.2054938701517,204.90894762750148,84.81786789238375,326.12532469695645
2018-10-24,30.253964116079857,188.57012380674072,138.7014145424409,153.60366974956625,108.411144605184,147.75384073328098,259.21931669218964,269.3238594596835,444.796840312361,46.74122062986189,271.0581768760131,393.28133743792387,204.98425518490387,84.65120465183067,326.0989888008909
2018-10-25,29.9430488365176,185.88684521808486,136.89195144006712,151.25800709855326,108.78231158010219,145.644495221507,253.89397877779393,264.0279652560352,444.22270975681687,46.68831018949527,268.9068482499082,395.70087064871973,203.8835634224678,83.70734830197746,321.1064970419216
2018-10-26,30.237402663398164,184.53664469697702,136.521084716114,150.61175406210003,108.68513141267591,146.7428807018292,254.04891690394388,263.2383696239475,444.851878178798,46.93638784230858,266.0654773936038,402.0190177300761,203.36622489045342,84.96005096729003,316.95198694992433
2018-10-29,30.40321142714669,183.8049687653776,136.58061247850856,153.02065272788437,108.77898746984727,153.59105353714483,256.56903983494277,263.9912109991561,447.279306424157,46.87858487653973,269.58012689477914,401.09219277466195,204.86729288119827,85.18469625635377,318.4394270594391
2018-10-30,30.60172107449001,182.01939859536606,136.82525159980585,152.38580728807386,107.7952428799837,152.08312814973627,254.83796828364285,264.7222188100433,448.1623518358482,47.25806824179692,268.90413914813604,413.9939315187387,204.5332371724444,84.3031418631187,318.24658816378223
2018-10-31,30.486810179318795,176.84598625519672,136.7922669902379,151.72925728198484,106.34974332224725,149.09349194886158,257.3940632913363,265.3369749797949,445.8561156893552,46.95707001508283,269.035424022462,415.5046323782636,205.2154753309225,83.75998516028888,316.8926376215892
2018-11-01,30.661735089241752,179.61373655327955,138.03669135573077,153.10857158832596,108.11398281784103,154.3142583208509,259.5633339353848,265.0478767450124,450.2027365206146,46.8363930154117,275.93854863684584,405.98861555033756,206.57923985066208,84.8961955177922,317.99497711548065
2018-11-02,30.535412363750343,178.6989623457008,138.8665011007352,154.73031380620458,108.53726270116877,155.20629580226932,257.7111711623014,268.29626849745625,452.05472948025664,47.37680393509885,281.0248157197469,397.5599927265962,207.48537182548867,85.65437701535573,318.9908293915285
2018-11-05,30.67477646072939,177.49721957847245,138.93455477258198,154.67327688582117,109.69172866175649,154.370441027625,259.6662399043514,269.99650187256566,449.83678220147544,47.274660756964686,277.35537031887276,384.68608357975126,206.7175026651534,85.04978707879488,318.6810270228976
2018-11-06,30.40508825270818,175.8759420227205,136.2507153568792,152.7690391758374,109.5032056818374,155.33141781135802,256.3629762381584,267.920199166607,442.79021395408574,46.77861961191244,275.934838923679,378.46616623386865,203.71627694477905,84.74519196170793,312.4085847994611
2018-11-07,30.500795924420064,179.21496867926746,137.51443901499317,154.03949033074647,109.09389775399788,154.14483745502528,258.3365697772857,270.50548818779333,446.04807410150994,46.90019767803357,274.828766946562,381.4322890693255,203.9293254497941,85.2056392506863,310.36332288046447
2018-11-08,30.41008200334183,179.8014742882177,138.04610278319686,154.68537362435387,108.5269783580678,150.30237241835295,258.1755419359166,268.2732267186395,449.9535708274775,46.60045259040977,284.9335986785562,377.796359032852,204.18711653220905,84.56163203309112,310.3333792390459
2018-11-09,30.420302616069677,180.67705174332232,138.79094007114347,155.42896911204167,109.12329471913317,148.93886149141161,259.4613062740098,267.0522771515867,453.73998673492196,46.53239205819433,287.88176178306423,378.71618305726577,205.09958285840545,83.91013870665547,303.9939089181884
2018-11-12,30.310204583340923,180.58418774214647,137.5549120241178,155.11488595504017,107.31742277075318,146.2916899423267,257.58962127293415,261.92936991197854,444.17188577503657,46.05911615271216,283.26340281650755,375.843350113243,203.24696546795266,82.34433827073047,300.49046659692266
2018-11-13,30.26329289042039,179.7613646005527,137.1028336939482,154.76538055090623,107.73531787014318,145.77933803320428,254.86596404575513,260.3531413341512,446.5767404482398,45.75869451618752,283.5322601291488,380.22194494729996,204.24451560368811,80.81374626123466,304.11099093292205
2018-11-14,30.206982816603688,179.52810094406695,136.79709691842223,156.06900238243975,107.35462208569464,142.1859727553501,254.73832361195775,257.9091813741175,449.638200076698,45.56815855344219,282.17711080321595,378.8998954097227,203.9617174111775,80.83520646126425,301.4933220724048
2018-11-15,30.066534872384423,178.46499236876122,135.9175905884097,154.13152801358922,108.59140002072144,143.68198173365656,254.48667930437966,257.2375160386111,447.87771622403216,45.23277086141882,274.7683057582139,375.69364527104227,205.74648302331912,81.18776300727203,300.49952085312003
2018-11-16,29.88815255292433,178.49330813573494,135.4836189072522,155.2320821667261,107.44960939419151,142.09956392373127,256.3617844928176,258.77304523991245,446.0966964316309,45.07696601448575,277.94684850882356,373.84380485510815,204.9541466078739,81.28641084556921,306.4802372672572
2018-11-19,29.74440704783986,177.56442739668506,135.09013814743602,154.4483470866772,105.61594048399552,143.05820438132355,255.2608193069198,258.47411395895426,445.20468650375085,45.180271340188504,274.2722111632541,371.3459572632627,206.0047735677401,80.02521975990322,305.96820097880595
2018-11-20,29.79163057019987,177.6126620275908,134.1707779441215,152.18680298722063,106.29047645546665,146.6732812010874,254.12012488006656,256.5242992031246,439.4300877891302,45.30346008750464,278.2779096624635,364.74964364099026,201.9245285172713,79.99854804322919,306.03224266520493
2018-11-21,29.822560308209702,177.98571406131524,134.30745996714256,152.79856710360602,105.73134194382564,146.91906395252673,254.96661205270283,257.33266730854854,433.8392241836326,45.48854584713465,283.9562179617687,365.0894081305842,202.74654387285992,80.80585706841073,309.41457965834735
2018-11-22,29.915091556107036,180.5227416912896,134.48417583205503,151.4560901820427,105.43987084393834,148.605943421498,258.28493763643013,256.6618836106982,435.6073301813074,45.41376279916514,283.7225819475872,365.8095131097808,203.58284536999497,81.67157562563177,311.22127934695516
2018-11-23,29.801198390381604,178.94669392071526,133.93263185305454,150.2413368035984,105.23121819788129,143.0002981899948,258.2121424804941,256.45311356884605,429.59277747762894,45.21304021691835,288.66214786610954,368.54053130260337,203.17858957638416,81.58807991946574,308.42026197631014
2018-11-26,29.70110110804268,178.75991915037025,134.3925432404571,151.82729499185834,105.00253959757814,140.89067386570113,260.09479077703196,255.34607660872112,430.8825596536041,45.22741693820773,295.2796584166371,366.9055801869935,204.180397394471,81.54472022479115,309.5778134209929
2018-11-27,29.758941982386666,175.08249716882884,134.1502113225771,150.06300358958833,105.05073943806902,142.1464091948511,259.435257286,254.7671272728912,431.0946519095711,44.98898312912594,296.26934476697807,362.8527947669009,204.9798525823487,81.1694907002084,307.2433290191574
2018-11-28,29.694334259275813,174.39623315823556,134.84374538018645,151.16805140697724,104.68282536788398,140.9369371849248,260.2477088639971,253.64610474457152,431.03234813580775,44.81385802515051,295.6093054030536,366.81443264487234,204.44894045320757,81.24901314233644,314.5673049433677
2018-11-29,29.823792376307594,174.85429130659912,135.88853343861632,150.43100844417287,105.64454303080683,139.59555626891336,262.3303201755737,253.83766220275132,435.19330237298857,44.75697232751898,295.60361027411074,364.8893430170625,203.54096210978125,81.80356410430092,310.7039738856947
2018-11-30,29.626225328836252,172.2501844620314,135.84535351762523,151.06647613679732,105.52885397319238,136.42283089628745,261.9280206301342,251.299143355618,429.67179544242885,44.45465234376059,292.18615099186206,363.46486572189644,202.00480226815975,81.42744411233899,302.669588519671
2018-12-03,29.898832949478948,171.20137386307874,136.47584892471116,151.5640743521916,106.908807962789,139.50090954744215,262.6807381298797,252.17852295354552,437.30988769441444,44.95453906783918,293.52781469683214,361.5664749197725,202.1967846472762,82.16297793388925,303.98484315743895
2018-12-04,30.078120645520812,170.62800066718708,137.34082084323146,150.6060497245239,107.5541146490278,140.81133273283453,262.58463706656437,252.6359993641375,443.9977914337653,44.89329965997646,294.5782999576755,363.8679502674313,202.57339818370886,82.79558786029914,302.15371942384814
2018-12-05,29.75625563967505,167.87897306733387,139.40855885115374,148.89358257395878,106.67094146807298,140.77900706302734,259.94187714708437,250.100413638716,428.7558929893286,44.364059930985746,292.318560606279,363.35481443862875,199.73556730138822,81.34277875214808,296.07066702755446
2018-12-06,29.73651377353001,168.60012317082354,138.05151287900688,150.40404139053499,106.6722191712229,140.7593150735056,260.10746412945093,251.35975709862092,433.2346529809788,44.522392926317806,289.0602389395296,359.97635378335656,199.2601750938357,81.59540894252464,295.75157364140307
2018-12-07,30.004199735368804,168.93885531977995,140.44149567757862,150.49542035657313,107.91907850387584,145.51519815192066,260.5458417086187,253.09863093737644,437.09370394227886,44.822548314774835,295.76634032327803,363.8007040375185,200.57196146246034,82.33178629595409,295.25939581271155
2018-12-10,30.100912354351436,167.74114064493733,140.83306611388838,151.5670779419869,108.25645332364957,139.99945216109532,260.27881375212627,254.23172662097085,432.7853150350403,45.14175150334403,291.74520663487493,365.3794454062074,201.7418946346653,83.0259714830522,295.2670095459431
2018-12-11,30.129417773180553,169.5978640630969,137.87878611113086,151.23247768605495,107.1614871678797,137.57920295577583,259.19287125515467,254.09893037120514,435.6436651208583,45.2702543074753,291.9989149787603,366.4295739159977,199.60666896848255,83.35143337040057,290.83984166692824
2018-12-12,30.26145930613857,172.44001193065534,138.75097856776793,152.90082999241056,105.96306947720637,139.72788969973354,258.98631523685884,254.22566770204654,424.08173931937046,45.27807155704456,292.19647892870773,364.8189517217802,199.31566116455002,82.51558375572193,290.3346391349482
2018-12-13,30.31771424159876,174.14948519177003,139.3420640954239,153.86691343960152,106.79374487480696,136.96162816747972,259.4721960594416,255.51665954209597,413.8968292129636,45.13901159827601,288.4575303087549,361.3986167928233,197.3080254961824,82.17747798995566,292.28267374315453
2018-12-14,30.40062036302555,172.55004880048983,140.00700212422467,153.9704042607437,105.93310418271135,135.7428885741602,262.03988421648876,255.08457959338787,404.91762724961967,45.45137322699138,288.8770516456282,365.4738637805208,197.98395226844062,82.50878456713892,293.6664853413018
2018-12-17,30.123021893741594,172.27850360430534,138.9607186031627,153.10140793041245,104.48423364259408,135.53542872074485,260.3365233772376,253.50430947832038,401.35977001782436,45.22934971784692,289.6506047487225,362.54348244812854,197.69500045233517,83.4968461212989,291.46228398058486
2018-12-18,29.885288598952865,170.57051894199068,137.48128521624116,153.4552849255083,104.10963909455062,138.23733012185164,261.3922141186768,253.06520564754146,391.27192682845447,45.12319952562547,292.2910252633337,358.4397148313344,197.6434353701408,83.48854177808232,291.2807968753293
2018-12-19,30.20676597034655,173.25794325709703,138.848165265527,155.29192652512305,105.83676199403955,139.2943845069426,262.4847006201207,255.8677588841602,391.3878735424747,45.448082355944315,292.80126222416555,362.8322148701871,199.9716320317998,83.26783199139857,293.8719199136523
2018-12-20,30.178406942665493,175.98466373998534,140.0883204474138,155.3937283395126,101.36644061727483,142.95503422453785,263.00361042074564,256.3165900984684,398.07663870915053,45.26566854886844,292.49870079913427,362.63180582504845,200.94062973440097,84.33585454829417,296.9132197620945
2018-12-21,30.47751392354158,177.23365195977996,142.10775330932358,155.8954024322288,103.68664918274268,144.94533739819934,264.5012820629295,257.21329245870925,406.15932758346236,45.53212855048233,295.01201629359133,359.8598951639663,202.02612450872653,84.52660185953118,299.6371562934596
2018-12-24,30.910537728006634,174.34729737785165,143.84134960131522,157.53917603246697,104.18760351363788,150.10862470569114,266.0102644392172,262.24019565181686,408.3752635622936,46.06993217286081,298.1457047050731,364.1375969676761,205.17613645488348,84.74723772429911,306.7941025263394
2018-12-25,30.660297083442718,174.63028816023322,142.20053719603303,156.99218649029274,102.0965685837418,147.55770939497796,265.31242245201264,259.92884479659006,409.82162750873727,46.12785431712234,302.5733980963113,366.07427386312867,205.9364879356294,83.3141594910891,300.93756345144755
2018-12-26,30.564504766242173,177.4321604348419,143.77924247384934,155.7822828510136,100.76911885422001,149.7994718708716,264.42370804496954,258.36533790190964,411.6221599849343,47.57447332205982,304.56319359535075,368.801581113152,204.18541663255962,83.46687033692987,296.9080799289336
2018-12-27,30.672756685315463,179.91130467393205,143.891302782326,155.2551977982618,99.88154184080807,147.16618726162568,265.6185782607835,257.89257655223435,417.9385947399058,48.47526309876775,301.8425132086672,370.42745877736337,204.32102521535367,83.39667396692461,299.4471374383497
2018-12-28,30.875899685138506,179.28471897132667,144.40256038953225,155.86439204825007,99.27938224985233,147.351382107951,263.42315200885383,260.34177116707883,429.02838477066206,48.85841148283445,305.17360406866624,372.46815289766175,203.25701988266522,85.22451714604469,296.95994213800486
2018-12-31,30.99962125438424,178.53517974109846,146.49845288220547,156.91327457736182,103.9136376909162,148.1928858251813,262.59181994471356,259.6175328025254,439.63055447443594,48.79930879259059,304.8310223126943,378.7239603640004,204.55170398552139,85.42235023826255,297.8511691544954
2019-01-01,31.082198553409828,177.1176451344003,149.04886250795062,160.56779072969934,105.80879893144056,151.18391734034088,263.30902272956877,264.7778321728303,425.4999043618944,49.21237349751584,309.26184379005366,382.3147910910099,206.57846552523063,86.19014793648758,302.5942354476746
2019-01-02,30.841054452025116,176.65665925718952,149.34864867788434,159.93333521296535,105.73365163590164,152.2170470039,257.7734691572083,263.214809658748,426.8192325507957,49.052315737508614,306.4158992195193,385.5695158303372,206.07369786352254,84.94994030348784,304.4700544058656
2019-01-03,31.20197651028771,181.08906470907212,149.19744605973503,160.19085256016774,104.82143466599784,152.71532451648332,257.30177457960673,262.4183038496162,432.88797947239084,49.04266960102365,319.9655191432769,386.6471808214003,204.40838327285235,84.31269170533938,307.8561755461571
2019-01-04,31.07117783440196,181.49862073066492,148.78127622155787,161.61064515927958,102.93008261240071,159.90389377585677,261.382728168346,261.4217749975059,436.0563236150422,48.77075776631388,303.01824730275047,388.5261469086762,203.7920361063256,84.21579627994934,307.9399792945527
2019-01-07,30.679548958981616,185.98817306535736,147.08414765496465,160.1489550701672,101.51389557854104,164.6401435271677,259.0061702789367,257.64012074043035,441.40526821230173,47.28170150088746,295.2926620987171,383.6054210670895,202.11587563813345,83.2475284911429,303.9305834117015
2019-01-08,30.62770675872195,186.03566442051843,147.2884971449781,159.9477320593001,102.55238538929841,168.8158984845435,259.62116151489266,254.77833637397208,439.6662812007354,47.61856723260893,291.68959127169074,384.3166910550142,202.370373661818,83.38072635029873,307.01967142086517
2019-01-09,30.591255427947896,180.92186945072064,145.96940456986184,159.35446036371167,102.82096494881893,159.6113010505502,257.15639504839146,254.93723052152282,434.2901736561578,48.78178017884829,276.3104786620571,380.5215157355314,200.51364419303334,82.48550854150383,300.9794628880735
2019-01-10,30.60426549625759,181.7187413885978,145.9533496219692,159.11187010140955,104.1296841750898,165.25323232730867,256.7295400233158,255.7924064901851,416.8561320380076,49.11237143771721,276.0466148808137,381.20352438759863,200.92057821955257,82.74403250935305,299.0100769390699
2019-01-11,30.53073512135263,183.7122253930193,144.55505354224402,154.1641316901686,100.68569775443063,176.6148206260229,254.30900624875864,254.63880355902916,404.02380063919264,48.560999217001026,270.76715699587334,379.6256035013277,199.59612900673744,81.60552229695945,294.3624224591936
2019-01-14,30.4473237888521,176.59934046479955,143.80388778255883,153.1920801169466,100.84288525803908,183.87088986770618,252.0021078667276,254.1401869712996,391.8237139441959,48.57437089422838,260.8015675716658,378.1147838156304,199.22927933002305,81.55419965489779,289.8093156320839
2019-01-15,30.54620025437682,176.4748528293142,144.3548474151391,155.8861186896736,102.49900973624446,177.54622666627355,253.7682164244182,253.80191367170727,403.2065584473366,49.18660688223988,268.5407524160525,378.1063586205842,200.02006599762083,81.46033355759785,290.57988443206403
2019-01-16,30.590352991549985,171.66917155594066,144.24951756736496,159.4397837412918,102.61773249812214,178.52967695425045,254.0315855741714,254.06752237632574,404.091434046738,49.20793948398774,252.7618290829772,379.0055619100176,201.034720493077,81.52329804182092,289.15645764716834
2019-01-17,30.80424142367254,169.98592246803497,144.61808182453976,168.07422572795366,103.21718630068578,179.11803029341687,256.7353257956035,255.06467269354383,397.3154052925318,48.49346375599492,255.4406753478427,381.1405657932386,200.66744060879972,81.95089173379549,293.53432420768564
2019-01-18,31.1235196589245,170.75337279655022,144.63881048042887,169.24166988436306,102.94313595318778,174.57477478928882,262.39521585853475,260.4976682213776,382.0395122687798,48.96139394315679,258.41694072959456,382.9658705761221,201.68411911503162,83.09603650426679,292.81555374868793
2019-01-21,31.1358880552328,168.18662741490624,146.08620958123933,170.3488397149696,103.2279630967369,177.77638758713053,265.7997172173944,256.6317643023331,388.81653844542996,49.811955858155734,260.1026711702764,384.83061278376243,204.72095810937694,83.72793229455311,295.08419351781043
2019-01-22,31.127585489337267,167.9682771041145,145.60497682114485,170.7281044081325,104.1368201229222,179.40838048711478,264.1648322516337,252.85597999161942,381.55909261593666,49.95412292702886,250.40828654549875,391.74057951208385,203.74557909001882,83.10692135902013,295.609860766193
2019-01-23,31.210120761647133,167.39986279571804,145.45112810748898,171.47497449969097,103.14182008759128,179.10817200998798,263.41603105167974,253.85961072119161,377.802647298417,50.40402075354359,257.47893113041306,394.9001871749168,206.22649149354578,83.71950495931773,298.81494143096455
2019-01-24,31.448569725469373,172.51436545826604,145.98685130297466,174.69323329096298,103.229727973824,178.93103208353915,262.936499957825,258.0447759110501,370.556206570738,50.742757215748085,256.4443423213739,397.89614423568395,206.65016926638398,84.6396988080365,300.5276236802038
2019-01-25,31.594424449809207,172.64092360395443,147.84005144124689,174.91936974485242,102.03961087626348,178.4227958271088,262.75867524877617,255.32014455940524,387.7857158094476,50.72564592879179,252.98784948984158,398.85997306985513,205.96902679359602,84.81394393013625,304.49949072734984
2019-01-28,31.739401869209118,173.90804369683337,147.79750038489266,173.20413468109385,102.09280504059043,177.87860829418622,255.93833850171964,253.49387254580134,372.92519489468964,50.42914398882155,258.23496562405086,400.0833512098741,206.18182672155197,84.91250828402922,309.2055070357316
2019-01-29,31.823755770595383,176.4310223594639,146.98574872326304,173.07077801670692,101.52779691124137,181.86376639267135,257.69036481500336,255.73633905107434,358.81811533903084,50.33510740202454,250.80467835815244,401.19189117395337,206.37870925185905,85.08944144866793,309.21648269045113
2019-01-30,31.190315830111548,173.7371701328164,146.5789841171199,173.33124298068068,99.54005241560131,180.97428800007154,253.92803132896802,250.99752913033242,352.5902814232124,50.1953571951246,247.18429160230934,396.6497280741832,205.62287042535402,84.72418529634636,304.2500841543877
2019-01-31,31.120852922664564,172.91216134193087,146.42401453798283,172.3924876950031,99.60459238765328,180.69097823569737,256.948727265608,255.91024679086757,351.5482838786688,49.83073790160179,243.62814135237522,396.89314166330826,204.46150709911336,84.94853655665126,316.05242339539825
2019-02-01,31.27827445674612,170.80906221689784,147.87960505736208,175.80952731271196,98.91393302315916,187.55595938294914,248.8041319630892,255.73420435127443,356.1331762860285,50.49633996933742,244.51558907148484,399.9226589262396,206.18012772741864,85.75978569394545,314.80058700430027
2019-02-04,31.141328494583796,173.0964896689758,148.4992736069722,177.07161399443135,97.69886141903436,189.6334744639162,244.24291240091557,256.8328472914737,357.62859967432456,50.54672859554878,245.99229792684048,399.6903630104635,207.31760976699744,85.80959130583787,311.54540718934703
2019-02-05,30.856749206060716,175.18694951691438,148.10910863328138,176.40134351790672,96.02937101210787,193.28672429930373,249.323362721939,257.27131986393255,356.6952435977999,50.91657307187482,244.6222633148561,399.7982279314457,207.1721914925963,85.7431599212747,303.1587513925743
2019-02-06,31.050469664917653,176.63973846806962,146.14519731380736,176.39310755330817,93.24444301485026,192.5018903098985,237.54330601796715,255.6626005262882,351.2617164489437,51.48741039950191,244.7525907326365,403.3974382682338,207.60710046348476,85.50257844669527,304.02517600017234
2019-02-07,31.05151761530418,174.43560420757723,146.8486094186395,177.26602557493214,94.0416376463906,185.50233860564606,239.59005983614935,256.20394511159446,349.3825282164952,50.95509171930014,242.21463854415202,397.806229846429,207.1600517748212,85.13973982794688,300.8471150649638
2019-02-08,31.238655777179133,172.48880139652687,146.41527303708818,179.57133004230164,93.52928000641427,185.3514659126432,238.28094599338363,256.9092658186409,340.4612336338996,50.83367581051439,242.4257186502837,392.86886680778423,207.6431524752133,85.31390651381382,304.22779861664804
2019-02-11,31.549678942692193,172.43460449230713,147.53818165627877,181.4759505540442,93.62770810259148,189.13965002217006,241.1470620302574,256.3777808223033,345.13418204280157,50.69449491281633,243.05820619343356,393.64893991383923,209.02633787479292,85.9939515192647,304.73911626505975
2019-02-12,31.418825785434937,167.29917383320728,146.0105798481173,178.97892828404457,93.62119827426703,187.99388611026367,234.90309376462153,255.62568557238663,343.942210312867,48.45636642650663,243.67649056994978,396.1543640595255,208.0631263093262,85.6313773616047,301.41511935946363
2019-02-13,31.29730827986064,172.567157968399,147.45609696803348,182.93045548798446,93.43927131461169,191.07651077578882,230.3016979309422,256.8242170868045,349.43727426230265,48.317404521359805,246.55623380316987,397.9615002045568,209.22866674033358,85.86744098728686,305.27833354090114
2019-02-14,31.471063179529487,173.24118584385818,148.54050722487307,185.35898545569668,92.29426618649285,190.98491372409092,229.66935549302218,253.6846590134366,353.85275307719695,47.800702269105514,247.85070821424495,396.11044290752386,211.55645212743474,85.92938101817033,314.0412660870848
2019-02-15,31.437995140844357,173.04861927200318,151.2854472855097,182.497882319923,92.32953743918381,193.30935874793124,231.85424688394798,254.00933868143866,353.9286524971127,48.45698748225939,248.0334623626118,397.98023987217687,211.9230365035891,86.29656129223261,319.5731494820381
2019-02-18,31.567584965869283,176.10552152692125,151.6069920642326,179.24180977751925,92.37831433614886,191.9988811503281,235.8663257350818,254.6863152410212,356.6165419523705,49.65054576833342,252.77155630306964,400.3037715070967,214.34235579674507,86.67345851079908,314.1459286726201
2019-02-19,31.642850932789653,176.70196224361743,154.99417821308356,179.43625065507902,94.90808227360885,198.94948379503919,230.2357814187459,262.6396274036457,348.93108023660136,52.01661202027861,254.1037585239318,401.46018837976993,215.34008149699685,86.48273592415141,323.3066608426436
2019-02-20,31.33406022521133,173.91319334385446,150.11226006756522,175.58485528731572,93.06495379502326,194.0593260037139,227.702201081164,257.34822517155663,354.25148265531914,51.448772051045545,253.13674919937424,403.13596546792206,216.58698246855235,86.53006549376857,320.2819082492893
2019-02-21,31.068874939808982,174.07477360477,152.20827062608777,175.2735164454718,92.76870439350404,194.02819519311169,216.41741152632156,256.28112163702144,358.46167689430087,51.02720856632534,253.85662199640964,405.2027653636346,214.9819906976358,86.31997832605369,318.881981132381
2019-02-22,30.73051853478662,173.39475361583322,149.88553210243415,175.48816979486915,93.77565967750552,193.31492523573417,212.73500999999857,257.20821423805984,381.45742639261,48.933977178840465,254.02906690331238,403.8279199917597,214.39305978199266,86.03082768240024,317.5655677803691
2019-02-25,30.871260887995835,173.0800664882609,144.81841167701737,179.2429607929027,96.05302279568214,190.4689882470991,213.19691358021615,262.58095617552084,389.6566512857629,50.35576456633013,255.35846705068002,406.0502593607357,215.8762266186831,85.84468563002706,319.0471875613416
2019-02-26,30.509941829212565,171.88925660161658,146.77953197704718,182.71724807811773,96.12140631499643,188.02888083612012,213.10823078717692,265.3790253938989,378.9157867768346,51.23168898354972,256.93346136044926,408.31234594475836,216.75980063725407,85.04852260211224,318.9496869021199
2019-02-27,31.115362944797287,171.0551489468367,148.14715196185932,179.2756752820991,96.20590036672967,186.30823958190794,212.61929466741987,264.43298655181263,386.5310715596285,53.313357507773915,257.57167240965657,407.05380672697686,215.84052317351703,83.76610459468398,321.7114043332319
2019-02-28,30.89213398596046,172.124582105825,149.72365201166383,172.8875117553119,95.35731559713142,183.56436425852178,213.42917029667703,268.17171312000363,398.0015475171408,53.077071454135165,259.80097661803836,409.0633093725353,217.0947606560944,84.98683519816201,325.4911814466513
2019-03-01,30.36144074805307,172.2870351931351,149.41375791846724,172.68868288104855,96.52916959910495,176.90111140836592,210.9899997846026,266.7614120311509,377.464013360681,52.753365204822806,259.2597076973966,408.82613143791866,216.20822093935882,84.58584358191636,322.8551946297029
2019-03-04,30.318492475388627,172.5725971517313,147.85745853517284,174.8888271858177,95.48990022065944,178.36083921187208,211.04000929302404,260.874736295535,385.6556481397441,53.89338024648953,257.95929221132883,407.59634635855537,216.51187064166587,82.22777747713192,314.980001419231
2019-03-05,30.201524649417443,171.23981645136703,146.84516092296286,172.41493345645904,95.32537602799873,175.97525581743014,213.08056930940575,261.16009913793124,389.3205914529346,52.36897013921016,256.94811434271475,408.6837176791816,217.15785568437113,81.45464933628395,313.56908442700103
2019-03-06,30.11427629673293,170.66213495534734,148.3402722492706,172.2268834507308,95.1943218496927,172.58832816464215,209.31334071291786,259.45713231833884,391.71284523827046,51.85255442474325,255.51318782065334,405.9171961023995,213.4928414179368,81.31655107457075,311.2746981933922
2019-03-07,30.36632106674145,171.75463948588984,148.2013270691115,173.92748386762895,94.13030949458094,173.99089273577644,210.3050620637102,265.41231365397164,388.96127627042296,51.117126271338314,256.6949736571487,408.91602832001223,207.58000587638065,82.36696900542339,312.27594738150384
2019-03-08,29.87027247861297,169.3979789676886,145.93966289958368,168.84619966100271,91.1862960894121,172.9251782172839,206.9874467492942,259.8777381312723,388.165461713672,50.49493812447581,251.0814752163479,405.48641404829266,207.7574224361669,81.55695025303298,303.0760335089047
2019-03-11,29.457560369893994,167.6660168415056,145.38798006677203,171.11484146311514,89.92365715204156,170.98722341928158,207.8156931012282,258.3873177893718,395.60402305031977,50.037209511785335,251.7729604337743,406.2839874443236,208.56015693270427,81.00568140367017,302.26681071989344
2019-03-12,29.626303903218076,169.16138583776828,146.44596189891905,169.12776450911431,90.56771167172744,170.63314152618042,207.90161252936377,261.19042698896,402.998502565038,50.00210391940649,255.56082750619768,404.9119030224362,212.3012928577885,82.00029679248522,305.03952519815965
2019-03-13,29.826591928092103,168.58524440960116,147.5225584481691,168.24319477703978,89.73123731246727,168.5698113680258,210.30537965611532,263.54837795136575,401.38638147352356,50.304047080610864,255.3017945985875,403.1577975949455,213.69346557269665,81.28961797914795,292.9768016613306
2019-03-14,29.983903414707278,169.3453207650221,147.543041901846,166.90533476473857,88.34272213521281,168.56720114669452,209.9713318578963,267.16357065955344,405.80442354874964,50.39844037295282,257.81449468077784,404.6788271974889,214.37627576779153,81.772749534765,303.0074548949126
2019-03-15,30.468712355952885,170.57024748146466,149.72540067250384,171.04641022504433,89.51208505537016,169.63424369823414,211.00027989287798,268.7298903400608,411.1249327825452,50.780380215728286,259.3335471725107,409.95142134341995,219.01466460332588,82.93463695299724,306.3578660921387
2019-03-18,30.455062134373236,173.20176312666507,149.91925558757993,171.48247758909093,89.68770044705278,165.17837862858443,211.26880204240945,267.3413848932487,412.63319460428744,50.70416329181448,260.0599157888858,409.62402791432555,216.31841413945125,82.99506510869173,315.3451087424725
2019-03-19,29.250243841493557,174.29329962219322,150.09150396701614,175.84259298197742,90.93732074578352,166.44767408861696,213.78063667485142,269.48376675422344,414.8527662779606,50.956654665206585,260.9110932044,410.8230056585507,217.38492164881265,83.07147410921654,321.35079008608665
2019-03-20,30.737985813996723,175.62714288995267,152.6225020065138,177.7778535642071,91.60337742320668,167.83159300757552,215.8464545912687,271.2737731405688,421.13035879569276,51.41749259078568,262.2289395104807,414.44403987349483,217.28281097760606,83.98626996542343,325.29527125308664
2019-03-21,29.922690797681934,179.01398538438065,153.32281186245294,177.00829678465414,91.75581763062183,169.5067958822852,216.62684869752147,276.24790279490185,422.1686169297394,51.96286372252206,260.61586869077485,412.51564588006283,222.8209130169175,83.9393635803154,322.50370243625895
2019-03-22,29.96946512204963,181.99821502516673,153.05104377284272,177.085327895101,88.93942613829216,168.9697247058275,218.35941106632387,274.52638082188,421.0558635732871,51.645164037796754,259.8408217048919,415.09293704153976,224.09738099643988,84.07888567635011,322.8286390489207
2019-03-25,29.607582373390883,180.6780322242007,153.95602340297222,180.351972073305,87.24235365987607,167.5866549929123,217.65147402671653,278.4687793413725,423.1425594255166,52.03321399480466,260.51165966869814,418.6065415685554,224.54774449539218,83.7823065903062,327.00300424483567
2019-03-26,29.75255132179363,181.0518042614342,155.0597871302058,179.20112744716675,88.55310709288095,167.42171793567456,218.48297848638632,283.5040770285401,427.6889755422721,52.184228469482015,261.9159689465646,410.2252839084318,224.49997501689387,84.2454712692995,324.36087747010293
2019-03-27,29.056600718302366,182.08173004502845,156.10805821637592,177.97400428605687,90.41199073219691,168.2943163634773,217.1422391745097,280.3772390688553,435.5938610076915,51.895958223947844,260.8716403151635,416.48088567320633,223.48835951732548,84.7532422746894,319.0585212502453
2019-03-28,29.10124723650679,183.9453282945612,155.3707644326583,177.42670590946622,91.64055053311164,167.28616823847312,219.33121535503622,283.2102620292831,433.126976450081,51.588046086210554,263.7956712752138,413.80051125526427,222.88056241571581,84.8710837469066,312.03476892909805
2019-03-29,29.317485427549016,185.9047229477429,156.2286247716951,176.2058712668148,92.66381373536557,169.43842828708785,220.05457339637582,281.001061616931,440.94881629302824,52.20352993447558,265.2348826513776,422.46289801566223,224.8041898872884,86.29837397132607,317.2232750719003
2019-04-01,28.46054591622441,184.15147852872184,155.47744747662526,176.54431492050966,91.91338939353363,168.1510243898155,220.8504909393263,284.95049419785795,440.3250579253901,52.23590155387029,262.3851649712258,417.7734285535689,223.68954697975457,86.4028999833698,317.339574606614
2019-04-02,28.42511067020063,184.37881088611957,154.4785573027097,179.91698115970254,87.52859476935598,169.10064418908527,222.19839701000208,285.88830883553265,443.343682537254,52.379661169920965,265.51547051679,406.5334128004872,225.60273871718164,86.74882289164685,318.3571758615404
2019-04-03,28.352935501329974,184.56780706655448,155.17662413602883,179.8889001794441,89.46199565568153,170.8074558580921,222.78057864864803,288.8607576788701,453.12109664362396,51.91480744128429,267.34984348172947,425.1386665216544,226.84457819849916,87.67425576234122,323.0597116779293
2019-04-04,28.455829627096623,185.7360655519804,157.06159815922229,180.47004384980735,94.2279131285734,173.62617304436293,224.65234970247928,283.536926904325,458.1827771135848,51.9663377998035,271.12849823313206,399.4737100679944,231.17916147758427,88.44775335523568,321.40184513374726
2019-04-05,28.35972815213273,185.05462766063025,156.40285046496754,182.4547607138583,94.2884878155154,174.47145131498837,222.81832660301404,285.31769289005194,451.71088045110605,51.78013212706098,268.3897788554131,411.7655117721928,230.26049004088532,88.30215232559857,320.73094545680203
2019-04-08,29.03936316272971,182.17530660328111,155.4601340914502,180.1885724550991,92.02861658808484,171.14586913255673,226.61355830016586,283.8523244542112,450.2935593898724,51.70556437330581,267.3144638712467,417.6106192534408,229.84056162588868,88.07044866573489,318.28057771730147
2019-04-09,29.562620921126236,180.79865387269854,156.01266450562346,182.11930936108246,92.3100710295597,171.25241334482604,234.65561255528053,296.01911195460326,452.9578271864719,51.58398840443095,265.57447741144114,426.37980704963735,232.68987121965264,88.68191191649767,315.6956675584454
2019-04-10,29.5721061284053,179.10327991496382,155.7263091195789,182.7928422243312,92.82589448240489,171.63445347376077,232.64500294349102,297.99746846055683,448.5782589049324,51.6982476808085,262.7299340667714,415.91503082893433,232.33507995756844,87.42033347508873,312.2993415325706
2019-04-11,29.94404245032793,182.70030097131604,156.69778519333198,181.6969179731151,92.941995190655,172.41710858694606,237.94276013113546,307.55796193805736,450.5317081113098,51.763500650739324,259.9528723705142,399.548774135038,231.5415755667301,87.7108765141538,310.58512173603043
2019-04-12,30.489891079950873,182.5951217415957,157.08643088055217,185.39381458218625,94.50094063724151,173.61710283420277,235.8512106523465,321.52094321466336,456.2271295529269,52.64890224021695,261.89494042714523,393.8098676114941,233.2374113312137,89.0212663384709,309.1633245430221
2019-04-15,30.3375431968295,185.4525553942396,155.422738274502,183.47634550522594,92.8340859350439,173.06411014504567,231.2076275728483,302.3625177378844,451.1420635484046,52.408365617759166,255.6807414570742,381.80352574762384,232.32204991126306,88.31260520247265,300.1653343288061
2019-04-16,30.24405949603468,190.07562632884643,157.99397259191232,183.45897122784058,93.68693543561619,173.9821916520165,224.36371787897906,286.5755215487399,451.01496071080817,51.68328209446551,256.9463779247164,379.72276264102385,233.65898885720466,88.72496910876072,305.2046198675376
2019-04-17,29.58617551390046,193.5528120887637,157.43848188941573,186.2009691040095,95.53382930402327,176.82978638822306,224.13868883885615,292.340821832268,451.6547743571176,51.25421610493781,259.11236899704346,385.650733151074,232.40339412111913,89.36047151622512,309.5738335193837
2019-04-18,29.226329683729773,192.94030605311693,158.47911260097024,186.6747928134272,95.6665749995095,175.81303544992937,224.0434265419274,289.52943073404475,450.7733214706739,50.9963773163602,259.13166589277745,382.20942729287566,232.5477660497082,89.16842124258586,302.5632984679753
2019-04-19,28.42324214259104,193.72310864199653,158.78405177472106,183.23926856636163,95.93788957203562,173.9581259126551,221.06530779302676,285.431693282458,449.3896868613768,51.07625935049351,257.04495164739484,379.2462761935311,233.45757350234237,88.78872391483429,295.16566957515977
2019-04-22,28.44799081930265,195.22531197754708,160.06627814897007,178.3559392727565,95.0213421142758,174.2766426142004,218.94805933296726,276.5841734171661,446.9882597351385,50.80996436923988,256.07271161317635,381.4630303592779,230.86088844617404,89.26539971549504,297.0007804858845
2019-04-23,27.983865057482586,193.8266790835098,159.89551904303156,177.6985041175156,94.82490024283764,172.94226916960065,221.84185822580545,273.7732999545343,448.5947625006284,50.11138174752349,258.76839124064946,377.8077574610272,234.14609693114397,89.69692015119422,290.79379382807065
2019-04-24,28.11625934483453,192.85834869150182,160.1607657110524,178.73468936673976,94.65631890745759,172.34391933220382,222.98075890407895,270.37621681267404,447.0426865813394,50.4979409832906,259.0830070770384,375.78015452417407,230.07238997046505,87.65434362243045,295.7588230641418
2019-04-25,28.29304653378192,190.7439607196455,161.17928823754096,184.10182767196744,93.82405097783868,171.74999373279138,217.2503783117929,273.247637682096,447.01409568409196,50.25668387737801,259.0783535368685,374.0400017731665,228.42976136536805,87.77504467605839,292.81350548069804
2019-04-26,28.193165792950566,190.5862287042328,161.29340340146743,184.83544373957756,94.18710774973883,170.67775832482752,219.24823081234084,272.64562455676776,445.63645385147515,49.7277132526065,263.88242519330566,380.84498577075624,233.99225489479505,87.57076054182016,293.3957511638358
2019-04-29,28.717925646885803,191.17656065609074,162.6697504235506,185.72176049599946,95.93139403798398,172.69500168143068,219.69046007297655,278.6089328779568,446.8536230601928,49.6873311349189,264.15865423542317,381.5110232420496,232.40869804332428,87.3410232732815,288.1365942803339
2019-04-30,28.736082344591306,193.10765769837792,165.25897961492603,191.135013112465,97.1124749664669,172.8890223769853,219.37289949621817,280.4491917583312,451.36458991015894,49.85158858310015,263.769561646095,390.088863822087,232.22586207412007,86.93363153011309,292.0417809628804
2019-05-01,28.75019724265824,192.50613070236895,165.44181932749663,188.94318705418542,96.89277130230802,172.98569923282383,214.22967953214726,283.0913236069442,450.2845301566475,49.58215650165976,265.863627503446,393.99362434497885,233.09830031672544,86.2128354287518,290.9166818110205
2019-05-02,28.87906300852814,193.49365404847973,167.62598681762927,196.9806597472034,97.90790860642163,173.64063051926286,218.6572507246098,284.0251791915338,450.5556582828204,49.56593985648651,262.45174135273635,394.34063994349674,233.8842253673988,86.02335255157459,290.4253620379126
2019-05-03,28.772475463194734,194.88451056261212,168.36962572786743,201.2138657439904,98.83920213592589,176.48879534292578,219.3545663926659,293.80427422226035,454.2935762952071,49.79135543784091,273.013096331618,388.90417133438297,233.3021190933867,86.15099825706011,286.5186971088295
2019-05-06,28.330463816751767,195.44520007048865,167.1552574003669,200.10544757744745,99.19441707625565,176.78062979927347,219.12402918102552,299.097656040883,454.33906940266615,49.16738397193599,273.08933214929584,387.0473476142448,231.97151042959197,85.54066904099483,283.516776033008
2019-05-07,28.300515573825763,198.53490885434462,166.81273398320104,195.2567210783464,99.47318742851043,176.29411630342685,219.10886658846908,302.55573869775696,454.6501567663487,49.1405491443762,272.9301974469742,392.3403279338178,227.37853252640033,85.92854391754534,280.98383640632244
2019-05-08,28.400969959704092,196.29567269752292,166.81146144100424,195.21980309022322,99.24261393907999,176.2261219799462,217.78249587852463,301.5800955484287,454.3901561484003,48.95557805954711,274.74795068470814,394.88011057524375,223.91438795214026,86.22680009567117,282.4511799195297
2019-05-09,27.976357034409535,193.98877951198216,165.1878234020651,194.5371445732416,96.1742938046333,174.04610413017213,215.7061240220158,294.5194436852484,449.6283887165691,48.63031399002577,271.4765905739179,389.99452117121683,215.77975629141403,85.50002833031111,276.21107267527793
2019-05-10,28.354912784048295,195.8344858460682,164.8863561866719,193.54393691256354,97.55024315190946,174.85971398809065,219.3738383560896,302.76892247886207,446.2650456212556,49.13913396918053,271.2073989367763,393.904120043509,221.48696082400687,85.96121131720943,280.7893232828847
2019-05-13,28.179059502727966,194.11125136166473,166.36763176278055,191.24249223111366,99.65647313531845,173.61905913146728,217.68440082557413,300.3628313990768,442.0286621836528,48.58492121795214,273.0215247458767,379.63770887583155,237.78119395069496,85.58502449151526,273.5064650236698
2019-05-14,28.400225183239364,193.00897362199615,166.71030203756177,191.46442921681324,98.9433648834036,174.17467036093268,222.4028643434464,301.55812817367746,443.5774306768957,48.400101088878706,269.3484385010149,377.7966580274759,224.017606283541,85.26992245095303,269.7206824877181
2019-05-15,27.749152695580417,192.0883801095927,165.2852311721902,189.45528302042598,98.91148730447276,171.40295029400713,217.22843345977708,302.63613935833797,443.0747883621914,48.1767669565589,267.91082990725045,370.0836467285072,219.51318375511224,84.62485279848855,271.43732624905806
2019-05-16,27.884789461459672,193.0840404849936,164.2503201575143,189.78842982380337,98.30732253936377,171.70877282585425,218.70013340640816,301.497666808161,441.1597018791468,48.339417756039495,267.61488035928875,371.2770622124223,221.49318282399625,84.95337099222051,272.7117014868942
2019-05-17,27.738593449100268,190.93003657862687,162.33599385292854,189.24196825686522,97.11863616194144,170.36882824580664,215.25892332485202,304.2075980331157,437.3742469980939,47.996141304852316,263.7576368272868,402.721403088274,217.01161105521416,84.05677067068669,272.9685267427238
2019-05-20,27.85592751618063,190.96719472680454,162.14484416806664,189.9522828437336,97.47074619579739,172.72074598405447,217.8944015036934,309.7160215180612,438.7565013264008,48.28233281379941,261.05829501114545,407.1624209444643,218.14391167940056,84.97851093131958,280.43218362277
2019-05-21,27.78768568382201,189.95166776863695,161.1863697795357,189.59131060332302,97.9145370156943,172.9904851053076,219.35258758440034,312.1789402090845,436.40670778799534,48.09594076420743,262.4104329476528,396.0905709114793,214.48943051667146,84.50046443618993,284.25900461694255
2019-05-22,27.655575138346183,189.64215426089999,159.9080927320553,189.85547436668003,97.50180524043397,172.91263250068062,218.10748541144352,313.148583536427,433.9637311964301,48.05807830532643,261.16167801911877,396.3861155153146,214.8759426854832,84.25344164792226,283.5454762312135
2019-05-23,27.87772637940818,191.43371533655022,160.91211535710138,189.916268981248,98.23152152779186,174.99684856177825,216.5753832568101,310.9472603349718,434.374699634246,48.410225438795976,257.7653687808396,403.0449698026097,215.12082984274008,84.22805731965822,280.4274839546227
2019-05-24,27.82257715243053,189.2603266898564,161.3673075070832,189.69051680410809,98.55217753282001,172.87883016369648,217.27339433926485,307.54474538692796,433.66014545364226,48.50643289530612,257.4564583465283,408.73796645072997,215.41932312171923,84.03345262798337,282.8168884622324
2019-05-27,27.98580656361585,189.621880462056,162.17090887391504,189.5979872777641,98.57309319995952,173.11536137970805,216.87921521967974,307.0484842619724,431.87076152415915,48.29713996475655,257.41358577924916,415.4302391965378,217.81601098459552,84.24090086724568,287.43117218831975
2019-05-28,27.983241032483324,188.12111481880692,161.92726061940252,189.57756301893366,98.15227567389893,174.13302653799076,217.4692111755926,304.00882491448743,431.00624555359957,47.299463781760366,256.44834142318246,414.8550622204626,225.62572694448383,84.5955251403765,291.8658547334477
2019-05-29,27.816582674099067,186.28800983397204,161.4336197464927,191.21985277391164,97.5378950903875,173.65724508415,216.53147864500627,303.7519444207219,433.81218483129004,47.51675378626258,253.4212656987132,410.1192333612081,227.61989597507812,84.8585465566894,290.24115436354316
2019-05-30,28.147214147320394,184.31854344194755,161.78619242996663,193.1950602645776,97.21011566581433,175.43921623174657,215.93383268940244,304.16980166071824,432.4445432236066,47.30280385311434,253.85552300631826,413.77837498916426,227.90319245428492,85.86343770017913,289.6106307492012
2019-05-31,27.85287656430122,186.16639540889577,161.5549249564899,193.9412168763221,95.30850434060689,175.81521298443633,217.803086154755,306.4348523617512,433.9365101669212,47.5525651990657,254.20975948262574,414.09532137328694,233.1689467238436,86.00279453082791,286.1474753655514
2019-06-03,27.441607174475344,188.08729753943166,160.9247036442616,192.6239083568591,95.92520281684399,175.19490463569946,216.18979536858814,306.6031935321504,432.5279412266111,47.05627370130829,254.47644358577628,410.82945288367773,246.36957783488185,85.59971201572576,273.26064584445305
2019-06-04,27.954596475926284,188.88284084912684,161.9988782971798,194.11715495275482,95.1951561810619,172.1731519659336,219.1641476081523,305.84314027453195,438.41668876878117,47.46622252038878,256.2765614090634,411.35135490316526,261.56078014213745,85.96977608842427,270.55885560380676
2019-06-05,28.058067215304828,186.0237403673386,160.4874807782848,193.12786257939493,95.5009331244463,175.50103103913898,220.54740220514466,300.08450606559023,438.75132179833776,47.06889698473115,253.94908961832544,408.7724025921319,256.4967177336122,85.29875268436659,252.0912481779346
2019-06-06,28.178730728636328,187.9920093036007,159.73347275585604,191.91666343955927,96.6544588257511,174.45485042534793,219.44775481014722,294.1636710214732,438.85205831213415,46.804999036978465,253.5968485298049,407.9490091977872,261.31642345579434,84.99823248745378,247.54613804309957
2019-06-07,28.265971023076652,189.75461139699348,163.14338777643098,191.3600587480072,98.49869958301373,171.4327607143008,221.07917943543725,292.75780580674683,440.59847224524196,47.208889825913694,254.35771010804277,407.7301927155903,260.68416437965897,85.05368796939788,257.38734015933886
2019-06-10,28.40420693300114,186.16785195064597,166.62747939453314,192.99028551711172,99.17186492414682,170.78823835212546,220.58483744431916,292.14467783858356,442.771965022879,47.140680853249734,256.30835337566316,410.024675195002,276.86836282472865,85.62704470499561,251.91289112643463
2019-06-11,27.93934558756045,184.19781099500082,169.53222474463297,191.95842967742536,100.18408445722275,169.35596639532866,220.24062186831887,287.548847810998,444.04787536381474,46.72856975010819,249.81114062697023,419.35274385702644,277.1542960036371,85.18189347500969,234.9574670097383
2019-06-12,28.248944237198565,187.41115867832585,169.9776254781394,193.28409184011863,103.53999531350829,171.241043413039,219.65057860579952,286.4885324454118,453.6087822772861,46.99080631420832,251.42098397297235,417.6111197489919,272.3321595167051,85.96168878069864,247.85423848285333
2019-06-13,28.391764020216268,188.63297439167414,170.97338425626566,193.59888506982503,100.91225623086522,169.0474501548443,220.7309011755047,286.8913209899154,454.5988949461321,47.07067345775621,252.09694908268904,419.71926913962216,277.8863773745613,85.80198115119937,255.68696486586018
2019-06-14,28.189193503138245,188.74143595301447,168.42613722853994,193.34332977303634,99.48572475492126,168.59482220072275,222.31194167805359,286.6033826297924,459.79397823089613,47.24778961550776,251.778232288394,419.26829304239146,281.8327122329201,85.6682495871009,246.52378309286814
2019-06-17,28.500198993932866,187.4663374441461,170.91884619994516,194.54091883053033,100.81915158641225,166.6126491556266,220.80609659893634,288.8756087169287,452.8889724073788,47.93186960507787,257.76072417856284,424.53721783158244,281.10448209725735,86.44877240673713,248.89657763257517
2019-06-18,28.162512961903765,188.05607043972597,173.69276625096361,194.01518358317693,99.2539861224884,166.70777844421286,222.78156172734663,290.4421808550118,455.9439014809344,47.15596111895176,259.8356384347244,425.6545439818641,289.10136008444675,86.13752112947707,256.67391961112554
2019-06-19,28.03252557759807,191.40548168603027,176.7482891277579,196.7510727285798,103.85461980701932,167.03817764898446,227.25075468386692,296.46546513573384,460.619197582035,47.549434399515036,264.03205802723625,430.3703557560511,293.9642187203223,87.18019232279366,262.5186411003761
2019-06-20,27.972753102295517,194.32305460487942,180.3953707442485,195.9405426548574,103.96007794942265,168.2434718553893,227.4810946685266,292.7058878495381,462.9175634957309,47.29406991635425,264.97290776350457,425.0982792224942,299.4193929741466,86.88575599125377,266.18916500203653
2019-06-21,27.957250736146282,193.50536254343325,181.67612307857127,195.2670553431486,106.72224254628314,168.56531364125425,226.3935267573123,292.4413874837491,463.2450895536119,47.576262148919064,260.2550362419947,424.22389866725354,299.3319459362589,87.46697907638202,270.7115460646178
2019-06-24,28.302579489585987,194.69333714895615,186.67278312908886,198.23331397479424,108.36234396197179,170.30751986233767,226.68262724186604,296.88342379881317,465.2623855107708,48.05409221741442,266.73052507790635,422.4910241331527,301.1096133027709,88.1966682890567,272.68548724999675
2019-06-25,28.523067431607423,203.89507195026306,182.3501590660188,196.46284088127717,106.999545559742,173.17571890088874,231.75577471958988,299.70509498886764,472.0394039063761,48.39666727439067,263.93709080602207,417.38284706774755,293.0755417788498,88.52600569951073,279.5212396062423
2019-06-26,29.333335717856396,209.67477309000088,181.27039309933417,205.3597238146291,107.18737375805304,178.6298684417294,239.29078873489428,308.1384835439138,476.69583515334705,49.98215805703506,260.49241753657054,435.90236831033263,299.788493101996,90.69835274530651,277.00827312942306
2019-06-27,27.846843591531723,200.51485805227637,182.5398580075913,196.81911808572437,104.18581386698665,171.25932684877495,243.60777655630662,295.67208715709853,463.80607196261286,48.11428989952225,246.83825002275668,422.1859686072953,289.17885134486863,87.78410656959788,252.92419148677465
2019-06-28,27.877248917093134,197.84842156054268,178.78489730720804,192.08402734646634,102.19871768923188,170.17831807855904,238.32538480968137,286.56911343122937,461.90492602841704,47.3484416453644,234.49799746554243,415.33655109162027,277.6990801625951,86.92828001820851,247.75693074995263
2019-07-01,27.70778423953069,196.70084670890742,174.05848813229048,195.71582698566345,108.77868324082667,174.32329315125244,236.30293972191433,291.73596812173963,472.49263389408736,47.63596990778837,232.93808428840885,415.60534623003633,280.303663894637,88.1102868926964,249.2595529045101
2019-07-02,28.280189346407155,205.78377345820746,177.81503427583755,200.41896378163437,110.66350864368371,179.01682777669615,235.67834335263183,296.2760344167901,498.15294007254704,48.30422581934955,242.1412400733222,424.65144730459895,296.37065619943246,90.58347040436276,265.9998776476654
2019-07-03,28.7829991271741,214.66639840648304,186.8525784589431,206.40758027945228,112.53473192742358,182.77683048482731,236.6545041624977,301.4842593310591,508.802028271878,47.77912620962748,245.35888990675588,433.47912218852514,284.92053140271946,91.08496393852906,275.3845941304715
2019-07-04,29.766274195899808,216.69336248151924,191.3661934476608,209.19394337871225,118.53570699665217,185.3315823752445,237.69460186131815,312.59003358342056,511.22680912618034,47.871903561142574,249.24843497598906,450.1084494628507,275.92013078937657,91.68991813599703,282.4358097784221
2019-07-05,30.679033273378387,222.27586510709222,194.95070613778455,214.75110924615987,117.69984097577874,190.1969750367046,246.59181170334415,313.5749925649076,516.3825500741241,48.51573901802027,253.34084587388693,473.67591324783984,273.2067607817829,93.0430639157497,294.9884328864381
2019-07-08,30.524344552171065,223.7372902068949,194.30376280308508,215.54746122504582,116.11537099425276,190.8731522920273,247.126938520587,313.9763105248599,515.5736102777215,48.75833911085889,255.62373113677444,471.83587298346754,271.61298636680294,93.58907895422162,301.5828113922702
2019-07-09,30.569684515122542,222.06421829973965,191.40412727761853,213.17234973221485,114.01453758892059,188.85399820352168,245.70664730001852,310.02435853076213,509.0018591958756,48.23796865362776,252.133405386708,462.74925005518264,265.0933247303849,93.50505969775764,295.24961742855737
2019-07-10,30.555989631523946,224.30837658308025,190.287534409559,215.26379723593783,115.46774460042616,186.23967199153319,248.08557435013273,311.916944963512,512.705213312183,48.91353330235219,251.24224468866606,469.09765129817157,270.3532995879765,93.88620382475082,295.665614659806
2019-07-11,30.37259332329246,222.50174901784374,189.85183867652032,215.25639819144607,114.77180625067207,187.23585215919815,249.39510266000113,311.51563673499504,511.82578405235745,48.742651106851106,245.1074950511507,470.58148449161433,272.69068623987636,93.78153286263618,297.7386252367026
2019-07-12,30.242736414066126,223.2052945254581,199.57103873691673,216.85762175619243,115.83092201505788,189.38562470262764,248.66983566492985,313.76899277981886,510.6491823147512,48.56670709242914,244.64139725335008,477.8205459402591,271.3226619980887,93.1203105012283,295.3163888982484
2019-07-15,30.34209406942467,222.0212901506206,186.89890846691233,215.26434302165435,115.96659421784389,190.45934540601502,249.09372624534961,314.74222903473884,513.4649582868516,48.52653030669304,245.0395926535307,476.12450887890367,274.2862558871267,92.99841651211409,293.00152240332733
2019-07-16,30.437837218911103,224.28474788136378,189.98363727602734,216.78992690494218,116.94777235133,191.05562650911182,249.35934225443813,312.8713968759246,507.9545511443035,48.61887609545813,244.7303198914879,469.8079834706686,280.4194042007203,92.91615440949874,294.68259947186846
2019-07-17,30.149098165255015,221.2532134046635,190.4872805724607,216.58568378718218,115.99662071621485,191.3940534948464,249.12833958510814,311.9883602173617,502.5233023538871,48.275137956110804,246.54202188965448,459.8670960736661,278.9377774799738,92.48344171629805,292.23632064410776
2019-07-18,29.913338321510366,219.90479016796897,186.7355775745202,215.7747282228417,115.1578078100269,189.47428308482384,246.6672660569812,308.8777228437005,504.12590751865275,47.7083902044123,247.10694425557494,449.0835288070553,274.8735759530781,91.2897001303032,291.21277558546967
2019-07-19,29.83553847943811,220.56275174837916,185.23260673425756,214.36059977974634,114.59200170408548,190.64895628825514,244.15942232745385,305.93779818595937,498.90532060194914,47.52576804112182,243.52999585140438,455.07395283633514,274.16440426260596,90.98580947887616,290.3372703928403
2019-07-22,30.387348453391592,225.06068271117843,189.14380946336001,219.76979937944932,116.35883489914836,193.14556495389445,250.77314720326376,311.8400594948029,495.44493738714766,48.06805394097325,256.67711632470196,460.24073132618287,275.66538526587203,91.55027603111849,293.1638539751732
2019-07-23,29.39108473900066,220.87606190795705,185.26331060633805,211.24467525628236,113.37953871317254,191.5925002535922,243.71363588751308,299.95212490178494,478.049875683682,46.583590727012805,251.7969139258449,458.4230625443154,274.42426218128384,89.95394897748153,273.4332292017446
2019-07-24,28.922167936320065,215.50868040550196,199.67125465074832,208.3912305633153,109.81585441132901,188.0594912537725,240.47072212946964,294.79581544813897,463.48956368173435,46.07398801429058,245.42750104148897,446.4784080782396,271.39575565011313,88.72899288089764,274.182599974936
2019-07-25,29.16264591681635,218.0731996234114,192.3325006239845,213.2881808470695,110.14773568694369,191.71856527033452,241.24441025137176,298.64242313347665,471.5954058240894,46.030145546798934,243.8130546776159,455.6379215503137,280.10982005446147,89.50677342789587,260.1039338579908
2019-07-26,28.541560370021205,213.7589244007281,198.0304037296452,207.76915297805482,107.23925874921024,190.56293561962673,238.47907030319035,290.4362372659002,465.28199462918127,45.309274636372585,237.12218440754052,443.0327710431683,274.15066307786594,88.50757367308563,243.8112800075407
2019-07-29,28.77624925359074,212.09936268916016,193.11024294376838,204.70091018541956,105.77259289941975,183.44303337799823,234.37924939429664,284.9142923473005,451.2448830779643,44.42604737999265,240.35134288380746,427.150920595033,271.030221519095,87.82720499662668,246.7168260731492
2019-07-30,28.570031969090756,211.2748619363595,194.05001476783613,211.38160205532324,105.78634181344931,184.3520893692218,238.1260956359069,285.90272704015695,460.79173716925015,44.81619688285713,243.928399446741,417.7900531534732,266.1070563768467,88.07853963481041,253.93289479949237
2019-07-31,29.071250030887796,214.67817712327377,195.4178533174438,213.88239131914753,106.90406564368547,185.72236125788,238.53255601185066,285.3065618936577,463.77370284233587,44.77726278049904,255.08543437913653,431.3701192295998,268.35005106068695,89.30521924867179,256.8895422623166
2019-08-01,29.08133454905114,211.2023568810131,183.4909680697372,207.50118225508947,105.8288126513035,182.30539035205197,232.02217739576588,278.2947183223153,449.9055274332451,43.925871924015176,258.4475671203617,423.34518007766155,264.9972123402998,87.71142600399656,250.8601436097743
2019-08-02,28.90684721762507,211.97383771262838,186.75461977423583,208.95043237461192,105.55022290112792,182.46318355035305,230.03422965960343,280.9537096716442,446.48370826963725,44.31668074476491,255.8702152956567,429.48525034972835,269.0607567042706,88.7035990074516,260.63688378694326
2019-08-05,29.403488286004983,210.990921425727,189.38497161743592,208.64681445136299,105.40035672655898,182.267320332103,231.1837626394272,282.73160789396337,441.7379818133423,44.66653993689579,260.8591555583127,435.6210061327796,260.13512242974656,89.81120665924854,263.61426365547356
2019-08-06,28.546139564963223,209.26868845326194,193.1926964001807,207.7440023889815,104.56931705254259,181.13934163096172,230.6844155520946,280.24636884385944,439.5151633195314,44.51010942145309,257.4037254970303,428.27986650513276,257.4796667714105,88.90395864085983,260.3431403250547
2019-08-07,28.000169224707818,209.62176203839184,196.55372775273094,207.10341987617107,104.50250795060136,181.1050180193086,229.95283082013856,282.2938203439469,437.8286737259773,44.338619349808766,256.0472489783321,431.7844766753976,257.0768480647727,89.89445144676189,261.12317057085136
2019-08-08,28.303799812457864,209.17000407889248,191.88744102325637,206.2203823426123,104.12459978428532,179.09289834921978,230.41209070916452,280.76250350908856,434.22167385012466,44.36485442496764,255.571566059565,437.6741211747072,257.87745866893783,89.66338726840333,261.7473634186463
2019-08-09,28.229536213458413,208.86218713175552,196.71493242962717,205.21049715191307,103.73394365636412,178.06789146084293,230.87003897067882,283.52389498761033,430.7465614668878,44.32643952846745,255.1085497618712,445.0885832489737,261.25379585355455,89.74284066388793,264.3466073563163
2019-08-12,28.140175451503865,210.40483136805028,193.33655336587032,207.38304730501187,104.17909096986382,178.85841421729998,232.4407453713164,286.28203736905033,432.15090969196956,44.40509242167596,256.5296607454274,446.1182004177931,263.41143099584616,90.56123630516404,266.61029250893466
2019-08-13,28.09898651890798,209.66649168555122,194.155198268304,205.33589828357776,103.78685801440874,179.2609119169737,232.64973732085463,285.8889858971564,432.0857221029093,44.42532647628436,257.64695178078625,444.3139030571349,260.26139984092134,90.71048857395091,271.88786426502503
2019-08-14,28.12028954101767,210.46235550120102,192.66540444216926,208.44058977447128,103.97162972378268,179.74443482737917,233.73896535754034,284.78766908601693,432.5238802646629,44.70623670703744,260.71993729646044,441.7739937180411,265.5746744280327,89.78582519378499,270.10036654460225
2019-08-15,28.183968025593696,211.4754032890167,191.82027982442062,209.34601646966473,104.60587998367362,183.55356315809317,235.262970639076,286.2287800977443,435.0013589117204,45.01045611007443,265.0122636494445,449.0994869687433,265.18801615279057,90.23868498043898,272.60639785668013
2019-08-16,28.24347614978579,212.76924244062405,193.3137496737611,211.54812347378345,104.75231744422265,180.60404512609645,235.74268881395534,287.933036997597,435.0165033696166,45.06941354863418,267.894364738592,453.4330635328342,266.61422760647844,90.10468198969858,276.94070720379557
2019-08-19,28.2703038378038,213.33364034395564,195.1227966471616,211.95743359324376,105.65338707646929,181.98927187977108,236.173966518214,288.4810441867423,436.5707692302959,45.125913146484756,268.4490463338512,451.37249059975704,264.0482155259124,89.83729235859289,276.6266494434341
2019-08-20,28.388351042561432,215.51123044461582,198.68119757512122,212.96209266221248,106.10089857998476,184.1087063907396,238.7318808709667,291.19635891594805,437.6065935562895,45.54438741473726,271.620414355898,472.48882454232637,263.733312866089,90.39103817038927,279.0180953680586
2019-08-21,28.27433394692555,215.12201974213255,200.09578654692777,209.8650802021251,105.73124349493472,185.29044260986942,239.31436932617495,293.6299179235109,438.4706536033021,45.56070242033556,274.69080887057004,469.8475947800963,262.549612282656,90.42827661757636,280.00120005376556
2019-08-22,28.024110670370483,212.21519972249212,197.53831911217847,207.89472771991277,104.8014205089136,182.8009019016474,238.02102971908593,289.7284129537465,434.3429783808081,45.575967092909714,270.864561368321,467.34757659821406,259.6920012592149,89.59348108734152,275.9568172588646
2019-08-23,28.17988869834673,211.3446718685143,194.36421322587685,205.9526939191316,104.3046374225335,179.42809310541202,237.96107785145097,287.9202964750566,433.7756812730668,45.523681048261686,271.98993778552176,470.0180952728417,261.321126973925,89.81860884491996,274.65252088270165
2019-08-26,28.61610352658318,211.22029225615773,194.03326238802822,203.78759234587454,104.03279582474661,179.78776183900825,238.6777936495231,289.53331090562983,432.44676152543855,45.6763192959042,270.4341991112476,487.24031557643445,257.661250034155,90.6398245574175,273.9176135280504
2019-08-27,28.307815285292993,211.8877215116431,194.04939206083725,202.5882404599823,104.21361854954064,180.43697055454467,238.79064048713218,290.86126836092836,433.10433439924293,45.84446030027829,268.50308478582775,492.81645634191193,255.23633662455305,90.34119657905454,273.35637438487146
2019-08-28,28.28048384276575,212.4448326296164,191.16080730687355,204.34061065606704,104.10891378171753,175.7747225142343,237.70489235597918,290.8679510010452,434.52408642001717,45.91997411798301,263.32440029253587,487.80950634081023,250.5205937369354,90.61548117370268,273.4058685312396
2019-08-29,28.292674884143235,210.83898503871626,189.28978345626464,206.96822303119933,103.95190877138374,174.63503399075597,236.29860982468097,290.85858671017417,435.6076695826682,45.555849856631625,256.7689709462516,487.1801305514503,251.4698125496843,90.39922036273019,273.76793499793524
2019-08-30,28.40978027903465,212.9181257704946,192.70072577832156,210.47435964453575,104.74306606810711,175.39111694208506,237.51218819890303,295.31986613316576,436.8741212631777,45.99683110490797,263.8629800938242,486.5673995049864,254.21246136261763,90.49887450240058,276.7348749142487
2019-09-02,28.429327791373137,212.99495999901816,190.65892172006116,211.34396050939336,104.7282129150176,178.47638789386144,237.61469835307886,293.5467293847229,434.80472057131016,46.05912793626995,264.9330691619342,486.938342786767,253.32851293872235,92.0187260580727,276.7837456037321
2019-09-03,28.812673115698708,213.3576128375099,186.17424121737218,211.11855978716986,105.46829843090723,180.29698623447106,237.46155201581223,293.8182170866205,431.4452824270355,46.31115177401939,262.2127656606392,484.29456828415226,255.96294140959765,92.11392322588338,277.31593867978046
2019-09-04,28.818268990382467,212.10198910452687,182.32447588175015,208.79530957654214,106.1122206753851,178.99076799061336,237.11690822625448,291.0381889544966,425.4683679011957,46.13803532984992,267.5835008295279,479.0468049017384,252.61403951272789,92.14890492095333,277.26454859888014
2019-09-05,28.786608875578064,211.61249415571612,178.82652233058656,203.7220470281555,104.85545869698213,176.56263287850487,236.54921263543892,288.0448555066442,425.2675915849276,45.87849927051388,264.91708484488476,480.23038886459244,247.04737809785658,92.38879799619214,276.3890061829485
2019-09-06,28.57699242080195,212.55550575411263,175.44947907366765,207.9293532667876,105.03302165087018,173.19522586512014,236.5686250368197,287.59687552819383,427.18837355157996,45.90907233022598,264.61699198358457,480.5561972800509,237.95881222500608,92.93603464619427,277.1607806403386
2019-09-09,28.713284202757446,212.08809732393044,174.11755588124356,205.00036039836024,104.01007243175049,178.83158036584888,237.34491816743704,289.5339790860023,430.10842194475356,45.98728620682495,262.203124073491,481.8491545574381,234.60761502157794,93.5000815969771,276.03951148433435
2019-09-10,28.607392068475495,211.65220273624246,175.7517366785762,197.2535803874924,106.33139805278262,176.67597493628688,236.84262879084974,289.67426433220146,431.8787108597677,46.13973418858435,264.5224754540638,491.15600802902367,237.3522954430646,93.40069201935158,275.347438110974
2019-09-11,28.65376478224113,214.78738028509326,179.54943720620565,202.88707282250223,103.7963214014766,168.96857333284123,237.98239737805713,292.26770450962687,434.9952657272858,46.634435331660235,271.5271489851498,494.6450262430204,230.8212400895363,93.22953136254144,277.6377198293084
2019-09-12,28.837019647221094,213.63006482704031,181.62463195298895,194.58645962989294,100.93193710474957,166.62822714316286,237.72082879321366,293.45665468932606,429.22416450925175,46.3397528369019,275.3948494229887,491.11225587405005,236.4509214561466,93.52408610956738,278.3747198092956
2019-09-13,28.53554921116393,213.7718398002267,188.36583533743504,195.19989288287871,100.8171007094604,165.4337625163613,237.16787182826354,291.8105170438927,426.34905896170454,46.29410164596382,264.8871270708532,478.3589699482082,232.6813961986343,94.06041367400672,277.85461957853533
2019-09-16,28.53996012845375,215.3941521946916,196.18942795195102,206.08539631039005,101.36016271645515,165.39412141014373,237.66366477000082,294.57814495703917,427.55456134443847,46.43068859518708,265.3457969991221,476.16562434838227,223.30706754722786,94.19132909556564,280.62346772962763
2019-09-17,29.06983876766153,215.80341524148508,194.20665695677806,202.14094520055212,102.09821649206829,160.67111282180264,237.18154675339147,298.3788411992573,428.7907124860229,46.38420609374488,269.1749718928455,476.33003502265643,223.6703397531989,94.6890359578789,277.5968461344588
2019-09-18,29.28601041327642,215.30627631395825,193.99110542698156,203.06227820012828,101.76607635188682,161.80389961160728,238.09627134876516,299.2887007751016,430.2536523485081,46.49611021400289,269.8902797472168,477.46605217901697,219.44993350545056,95.30840894133306,278.17690788222876
2019-09-19,28.825930503996688,214.5607936753486,192.48403920070368,205.1722216383346,101.64464229389309,161.04156732194298,237.52661569860814,298.0678249818717,425.1115054393556,46.30667667204437,261.3438717086638,465.9013140202013,221.61926566138519,94.6444863476995,276.73775072629587
2019-09-20,30.082002268765056,212.93569351950904,190.42301998017243,206.31526472416564,100.42077041024183,159.0088888709159,235.88943475794076,296.84751188341136,421.2304158631506,46.00776168414303,254.93383351709613,461.6084472452378,230.9389554525614,94.13318152395652,275.21572530065646
2019-09-23,28.301453774753305,216.64735863012746,188.9828629839444,203.92186207378205,100.47840276714825,156.61562911412253,236.10568318700416,294.156719026306,424.09483440818735,46.3377869117537,254.51609040462944,457.2888537933655,227.50324003650732,94.3210192928334,274.21652194689375
2019-09-24,26.82385612338702,217.76030609564702,188.96090241582013,203.8403722146516,100.54515164766701,155.9721629363744,235.49341782954576,294.61876974683656,425.5020513218102,46.393165501669955,261.1534684915116,456.79455090969384,222.19299408617422,94.47259306308727,273.3493923297914
2019-09-25,25.667277663900393,218.01530805602897,189.0848250797516,200.92257996126102,100.4855595481355,159.25605305996638,234.79962279329192,292.9143152320196,421.05505320037844,46.77158161514687,257.5826996239158,452.89499818096397,221.77197545176512,94.32078711126788,274.50689077790867
2019-09-26,24.866015040370083,218.3137045434236,189.389137440162,203.16807007595565,100.99945262461212,160.155711978414,236.05328869736584,291.36997389371174,421.7188563402581,46.83796382529392,258.3194366623718,453.1775979188865,222.94325873328822,94.11867426639982,281.49592082381747
2019-09-27,26.43552749477608,220.03075525560266,188.86034753263135,202.14359420765263,101.11051003438656,160.8446558534747,235.9138042091371,292.3945334317786,425.5214256635467,45.97214906898132,254.8801384511973,456.5533388133878,224.74059951172967,94.02976114215984,283.76833368987354
2019-09-30,25.669376546672606,219.03566754517988,186.08342007140146,201.8828794037152,101.49306438541876,159.05260361716847,235.5860226156175,292.1545939075556,426.63489243344293,45.541950643336975,261.1504260794018,457.7779400735965,225.06630317053273,93.68324122193569,282.2189043018747
2019-10-01,24.94593637425806,218.650788673649,183.68196484281032,199.2806762896216,100.56735036003431,159.9735225038548,234.85315905838195,293.4705447639543,425.33852124667624,45.08266578596885,252.66704878952643,457.3639274341855,228.76597602135882,93.48397733571817,281.39554547490803
2019-10-02,25.007098159819172,219.67321722531145,185.36906416193398,206.84501718981235,101.13444474273527,161.52457730065962,235.05520917681343,293.3835329791252,425.3797090523012,44.99934589130206,253.65918875021399,459.49860193319086,229.31885850981598,93.52530165697473,282.4259259695648
2019-10-03,24.14344038984104,220.07747595449442,183.69766680394437,203.64361256648615,101.004450866484,161.53310501057865,233.7824100149508,293.07216029464786,423.5320294592592,45.834440074968185,251.65042989620557,458.1656634014805,226.7948899725118,93.35901527898693,281.15837336137014
2019-10-04,24.97701914709387,219.21473037024055,184.61178259045158,202.23841288275864,98.25801745064605,163.2374230880985,232.25466484718564,291.7876961412115,421.92483790956163,45.69619696312966,251.2605590839484,457.3252507496255,227.44515654774628,93.03801896196182,283.5320490579772
2019-10-07,24.86746472997399,217.3863864436211,182.8604356936806,204.6678977431945,96.74663425796497,161.38961319662545,231.4910270841056,293.6084096613041,425.7048557301269,45.53165013144217,253.33807135494914,453.9167923840618,226.40889951041666,93.49381077674092,283.33426518802844
2019-10-08,25.32858467935102,213.4254368565768,181.55454911886784,206.07006967806882,97.04994528954361,162.08766718616175,231.67528887861815,292.1833590395799,424.54503577027884,46.26113001172872,249.37857435328573,451.02837001588864,227.53036131828594,93.09379485950676,287.97949843599065
2019-10-09,26.537220124024653,212.20200219590447,181.2686293493441,199.49110496793574,97.71977016244433,155.00892896610097,230.0445612574688,291.79752379746947,424.0133216788416,45.74342257004089,246.62768330998873,446.98688935635977,226.1398739676643,92.24736907072787,285.14750713306324
2019-10-10,26.85283730685125,211.8684002096163,181.0225281848534,198.11933448437546,97.85859359702035,154.26400825308008,229.22239122574712,291.50047033523543,422.1169494718119,45.48812668427666,249.3273092438624,447.184250638571,224.97042944049437,92.37637065676098,279.36750925665916
2019-10-11,26.58923057990174,209.4409595841134,180.2650525272438,198.51529567878205,97.96850219913159,154.78241123355582,228.52586605857334,289.84732576592296,423.30511305518985,45.09591663682026,245.7127308691422,446.3471025262557,228.12590892944448,91.81054852508657,276.83245449437624
2019-10-14,25.753870391398983,207.89386326225716,180.5915399902373,201.99961043066966,97.45607723198488,152.38525851744552,228.30218616182236,286.88278737929926,425.7631143041398,44.772339188285684,246.8239526324578,447.4536463766648,229.5574968527653,91.88496319216424,277.130521100532
2019-10-15,26.2282247831632,211.99806945725487,184.17402512232198,202.26730831861104,95.75643753377355,150.15215853541335,229.13830057513798,286.8633511340694,425.7049267899009,44.9954052876049,254.06199278433726,451.99278248136505,229.42571588731616,92.32212877320906,285.5699044819026
2019-10-16,26.84000366050935,213.1824864296412,184.8284414504779,203.00615692857173,99.14784766042993,150.2088660476892,229.94124122492687,283.42084979811085,424.6895148670972,45.04289262659184,257.6633678771463,452.26244742076386,230.32459780354264,92.35395350963185,284.1356506590209
2019-10-17,25.5997853802044,211.19260228045766,183.72426275450485,201.2315208699878,97.25438655519544,148.8575113104325,228.32219833460516,278.8040810756039,421.5363812612792,45.204029454673275,254.95665155543054,447.70728476767437,234.20530638279965,92.53614936616222,284.70947612418286
2019-10-18,25.692601682227984,209.73332689074869,183.79964564127917,202.99311622001025,100.73228032065755,147.61949085972424,225.5823985231517,279.8390928461416,420.8196515389602,45.35117525077185,254.54857738120367,449.26736237785343,230.29722652905764,93.23833388060923,285.2652621987897
2019-10-21,24.045032062417565,210.76528633253258,182.78813214959882,200.39400325492795,98.67205353302246,147.76326329511747,225.05707001014943,280.5768430129745,420.4824287189574,44.896806596339516,246.25912575131284,448.8603384670936,232.6839728330921,92.66794429890211,285.9946849405345
2019-10-22,23.50746172085988,210.26101298265033,182.00866460395753,201.66397355596953,96.988932669693,154.25136364537656,224.83699320793724,281.78432408183886,418.9406065772658,45.13691454000264,249.9460890104694,448.72801555063177,233.90405580865206,93.38005330638562,286.842117354456
2019-10-23,22.75567244078759,209.6490026195512,180.61345468626706,201.59055161946495,95.26974021265414,154.86461443869553,222.5098776230942,278.81335650577853,415.78738578229525,44.843770614543764,245.05356405514084,446.7743314131145,236.247199944218,93.76524714206033,279.36639549786474
2019-10-24,22.526885168806167,214.62615936915498,182.63184339880362,204.44019225946673,97.33842258377427,152.16807914607503,224.86812068386686,282.7989768023045,420.5848984674353,45.181641846208635,247.83819245355045,447.7535686394378,240.98715688851638,93.42375073970479,279.403535179202
2019-10-25,22.98022900049507,213.72510712478916,181.04998635079528,198.09264423559316,96.59782035082043,148.8271615331253,224.41976393917335,280.6826922019828,411.682853243403,44.438853997547625,245.22275008500617,445.85391009673697,235.55827318119654,92.00191389217504,279.53684944056835
2019-10-28,23.730067419628234,214.0078316254203,180.7486435840921,197.32283244882265,97.33458171784736,147.95702622820687,225.91925025282774,282.55324332145625,413.99478931041244,44.388763187237245,244.00655443156003,444.83346427092107,235.76727888584836,92.17558815302819,277.3776523201122
2019-10-29,25.193672360176507,214.22432704316338,179.129914278484,199.47983119839304,96.15153578141931,148.33357819363067,225.22601964693482,280.9975045104894,411.243585267709,44.75383593489848,246.21404816438118,443.2373498003045,227.56256063414125,92.11675247428359,273.62446141038004
2019-10-30,25.583260719545414,213.38644294972275,178.88910562756465,199.4651627200673,98.01335582509402,145.9369370032961,226.59170688580926,283.0760963944765,412.91319036665,44.62463914132775,248.6347202218948,443.84194080659796,226.9610528587686,92.27952028945685,277.94138378617487
2019-10-31,24.751828784699327,214.55909260752136,178.89590596941477,199.8908775035479,95.87407503062848,143.32834818416737,226.97865717878466,280.02507177684396,416.29185296360805,44.31385804890743,249.94353336614705,443.5599897155064,225.39668279752502,91.94409031731226,279.45716147213665
2019-11-01,25.376300036494825,215.03846055284043,180.92448617627235,201.71830025297308,94.06340877253658,144.5531923573985,227.51426377387156,275.1035552590529,416.80979565660664,43.95904422764658,248.93855319828947,445.8236389087947,226.0815792134313,92.19805571819586,282.5555772450601
2019-11-04,25.287681498279348,214.41940842872583,181.22579001827992,203.89462327179407,91.02653770745792,146.14645783583632,227.60919446478667,273.5968454532571,417.1067953147388,43.94837176100741,248.56497817253648,450.4919172827172,227.41455389533056,92.01400993438129,285.3125621704578
2019-11-05,25.652493283705077,211.32676982978222,181.0144891407169,203.33954831409915,88.28085115698408,146.1025377921341,226.97562448847629,274.7959312212764,411.76264787083915,43.96250883835037,247.85462515110729,446.83688628207597,225.2944598744969,91.93847426830736,282.54677558855224
2019-11-06,26.774843148232332,214.66607347787127,182.22844356433916,206.63727076102873,89.61683407353269,146.17286271539064,229.68016408047106,281.3972664198864,422.1865419236379,44.898827582639996,257.7533804308209,451.91403291831347,229.15112281798508,93.01440920085155,290.5556062690214
2019-11-07,26.13811364214033,217.66307335469716,184.32059215490156,206.5315569276013,90.87341990209514,147.36155840540945,230.01247963248895,281.07311625480384,425.0290058973212,45.11247386982036,261.5870924994447,454.2297535268949,228.7247275416434,93.55708720488065,287.07982516228327
2019-11-08,25.88455505136764,217.06521951606237,184.66634671622683,207.41561886582213,90.94642378335091,146.69135583158098,229.1713490108598,283.5741327528682,423.1290319681875,44.89388882891299,262.6115147338385,457.4251078093582,227.12537711884545,92.44212779260904,285.81208361117655
2019-11-11,25.176708787093038,215.67002059991344,182.89585607779279,208.68239036320506,91.36990773320093,150.92093411060074,229.28535593354104,292.02252158999306,425.6328246918079,44.73879753346318,263.29401198777316,455.4659725314991,228.18291645950353,93.267505274132,284.9842752051463
2019-11-12,25.71617656198401,217.5061719306167,186.37150785186893,207.71103468322258,91.70876191930036,153.05789376268703,229.6250896568357,287.0114241845453,426.8137731227775,44.795280287923084,265.00342836224314,455.4234993437126,233.8014658826373,93.26693200706765,287.72592749337366
2019-11-13,25.938307811393777,217.1933241312141,189.60433822809716,210.3295843881965,92.06311612035151,156.07375002946662,230.97227300978804,292.04609938754265,419.6684290275727,45.083840391065266,267.0042461920398,458.12944262649063,233.57228027738273,93.21843791875175,288.6485227770637
2019-11-14,25.602427461248784,218.38468213001366,193.61025949649562,207.4561948443634,92.74090754627144,155.88169958168564,230.47160256268262,293.52011504540104,421.1593737404054,45.299198742144114,266.2948364362193,461.39750258729356,233.80844308931623,93.99119972047558,292.4783268349054
2019-11-15,24.963510018071545,219.8334766678857,194.16347704109123,211.07680363597814,92.94962570725262,158.65913078841862,230.12146274690545,298.8855566211559,425.04233859638,45.33605747644089,266.69864291900745,462.7812594045822,237.48476368615027,95.61949178707454,299.9970930670497
2019-11-18,25.25537900665952,220.92566458789074,196.22492950821004,217.94725197898526,93.51561752925144,159.45016688292756,230.12826877030446,299.1320263611079,428.7754092208961,45.412050542509526,266.73782494707973,464.3618407424214,236.766271436948,96.56277742139345,303.6969867457268
2019-11-19,25.324022327780547,220.79992579027788,196.17806777063427,205.40333495783548,92.90039441349838,161.06963470371656,228.42665308272882,304.7963957395874,430.55217199968195,45.275705286551194,265.20874496412637,463.42135485913013,235.93200864766942,96.80764660169277,295.5051844659594
2019-11-20,25.251745916047287,222.62086899096857,188.12645422957482,205.931416868358,93.53991446119049,161.831634694481,229.76855389084315,312.8775961367203,434.7069021368369,45.3150276751574,268.0726650731537,472.5199518735921,240.80576617214862,98.27937901375584,298.3427657519056
2019-11-21,25.248979139673295,224.6484640309916,190.76316404338237,205.0062776066806,94.60798843943537,160.98410254174215,229.68756829951906,311.27502179815014,442.237258331769,45.74843845885436,267.56066160235093,474.2341403454136,245.55307878732833,99.01464853591395,302.7465057673955
2019-11-22,25.10430746235794,225.9529469938673,191.83303506580776,203.7953593089573,95.33439055545985,166.36854033111496,230.54606349377414,313.4765968926727,442.92681254193417,46.136387727127186,267.30044995856923,477.66440022175624,249.02702739360709,100.17050331535741,305.95499770290553
2019-11-25,25.68521559072615,225.2162408778248,189.24456364044786,201.0216341530773,94.72852549983294,170.49866945046347,229.46591432300403,305.7307219598282,442.4411054412578,46.14136486362277,270.4256721469081,477.1810092342263,250.9997298988497,99.9340839663726,301.92809907956286
2019-11-26,25.268451194901736,224.8476381001835,187.45372026837305,198.1106133225147,94.93426877983147,169.9731525386341,227.70189195736785,307.2107635448611,443.33912960996696,46.47728295981554,266.99586358227845,474.43093568644844,245.01115746258276,99.50720581609748,305.3448943566533
2019-11-27,24.919653574724865,224.00433842202673,185.75828069686733,199.9030696950605,93.2079202020463,168.12587145562583,225.91399495499553,292.1331815753602,443.7141478130215,46.09886940118473,265.65646702978364,473.58667724674694,242.12118510206034,98.41815527332527,304.3581125231876
2019-11-28,24.524177717227445,225.35578302574643,186.91880293389738,202.07279992943091,93.34344984649132,169.71890322503597,224.8630966733053,307.6505167594159,444.0940351556216,46.01467302420752,265.4157221479801,469.00442190913196,240.19189113403272,98.58358354592805,305.22158820021957
2019-11-29,24.6085155895514,223.1936553799078,185.59874312540563,200.6533242745609,91.78802600526758,168.18601349704872,217.47083137009312,308.75947280942614,439.942759265723,45.38169192432108,262.3905256384839,466.64415739411595,244.76856807673187,96.55643828619114,298.33782832548474
2019-12-02,24.760109857244014,222.22691649387096,187.2575222101107,202.62843005221228,92.73002648858713,167.7762713321588,220.16234975065564,304.76650438600166,445.34530480471983,45.114305083014365,263.9114294200511,467.4187252430938,247.74635348573614,97.8503514868488,297.41183875371905
2019-12-03,25.098688994473484,221.42362584618735,188.4697682953038,204.6251295642496,93.02772958637907,173.58824779462066,220.7573756831626,308.99355560285,446.7215080517133,44.615618481726926,265.4154201622543,467.5705090563098,250.81748852340172,97.25576493706328,302.4010186346921
2019-12-04,24.89586394655495,221.10631483599715,185.5641135570544,202.95708397295385,92.11521688222014,182.19121298172445,216.4991980721898,313.2714556046449,444.0239291460626,44.806002492185996,261.97002213002435,471.21941766785204,250.9140548267574,96.73810700813357,299.3978702747086
2019-12-05,24.865237417612644,223.92119066015215,186.42558104754104,203.89875373097715,91.99725030561326,183.1849816685881,221.5356337228868,318.0023968725981,445.4726215150478,44.860840793408855,261.9110941053484,470.3117464775223,251.48359421779662,97.3919121025646,299.44245410897105
2019-12-06,24.646451881212144,229.0184082305834,186.0821416346949,202.73444113043558,92.16471197974103,184.43879928845342,220.81453110685854,317.3373273351139,445.1863770127582,45.16713652335303,262.56649940519065,470.17173605525085,251.33758515724742,97.01035418621476,298.7998449096786
2019-12-09,24.465820978506187,221.48097565310226,185.88245557455267,204.16748094086148,91.5257743169472,182.8854575306389,221.83101511259068,321.00322916265816,446.11120044331267,45.080278172104784,265.32952359696105,471.3702990582029,252.68006801677575,96.27889747981031,299.35886426734845
2019-12-10,24.735294352006107,215.94787975938294,184.9630024189336,204.7122911770966,91.76943461185346,187.63539630715775,220.5890665731781,318.1780731401104,446.91920376667207,44.85401550438121,270.70625915165783,466.9168385055032,251.1345427496647,96.47270748165269,303.8980218433883
2019-12-11,24.655657999985564,223.4687995212199,183.06598552707862,200.50166798356017,90.78294460340148,185.3346559037892,219.00218046833967,314.0432035097406,444.1652011823935,44.05550204249035,266.52541733215526,459.7523485997845,249.85191920246442,95.7533902776858,304.102564496659
2019-12-12,24.91601416900803,215.16383421181362,183.16036632150298,199.5916733257739,90.51883275187369,184.12151787594277,225.70499362130428,311.85030915552653,443.47179781156115,43.9298829585782,268.4512129648287,458.077609441051,250.57361054435833,92.327814208225,304.93739585613923
2019-12-13,24.935750764732905,219.87063209683808,181.823724184692,198.8752639096549,90.8161690467696,182.773074697877,226.34406631870715,311.4319402309338,442.76803211476863,44.46022935251985,267.36621118104404,457.9054520356899,251.60046062417155,93.9833450264046,304.6945035620566
2019-12-16,24.990373156128665,219.19794618603848,181.60622014083685,198.9115236671821,90.84874069467594,183.36937223285986,220.65514222480135,312.3754278451585,443.24713815416777,45.11581848007562,266.81925016512173,459.1665645528165,251.2010571483747,94.21386126818616,302.65267023981545
2019-12-17,24.856483692176376,219.1334531172045,179.6553933841476,201.58070944924742,89.8066284724332,183.55829966906455,209.35945910797793,309.78191760507036,441.29348540751096,45.09330356804339,264.3961555692468,455.9593164583495,250.3100307320094,94.48486193282429,302.9345656815727
2019-12-18,24.694870201176506,218.17144225090908,177.96211162598212,198.156293171147,89.5252453479716,185.93687218493892,208.0700490583099,309.65199997967096,442.0533862390237,44.809276628416725,263.7743768885191,454.3748673881478,250.81133390125152,95.08647544578045,303.2379024803788
2019-12-19,24.82917878433368,223.34674766128748,179.91444735311134,199.93156828967614,89.4941733620346,182.19676842310716,204.62591653467973,309.56908881976665,444.7213814243719,46.09915341821066,265.82850169014705,456.5630456457876,253.65358420542907,95.10803914281901,307.25435751782936
2019-12-20,24.97440821490671,224.18865274242972,182.54522935709235,202.95899312379433,89.74627770367375,182.0458871195888,203.63373050168784,310.32918116957427,445.33624305355653,46.11609532672831,266.20413210438477,452.5852127319176,253.5285590481807,94.28112296449792,308.46844412837066
2019-12-23,25.004089342062393,223.84734020160764,183.47715026733,200.613522526824,89.52382802958914,171.85560107059467,207.07778590587964,311.12550846190993,445.79077974133565,46.841725034728015,265.60636517504173,450.90700894838534,251.73114223930648,93.34342082657092,307.274011927725
2019-12-24,25.123116482227413,224.0164194755804,185.85102129404692,205.6961876565044,90.52531487821996,175.28477265335948,214.9038053429207,312.9580279369038,452.8200390385984,47.703811325216066,270.9902187319462,457.9895095696857,254.2503754413023,94.725092703087,304.35556188009144
2019-12-25,24.97545309361073,223.03113418983406,185.2825877221463,206.57671449070892,90.92700233029561,171.72741119981015,217.59670681950954,311.6710482874821,448.90379096045933,47.47099596309423,270.4124821843435,454.9293954840262,253.06991246077916,92.73158669298002,299.7008963999092
2019-12-26,24.981617504121957,228.89739359813137,184.01907592345083,207.5789178392309,91.49464546228856,167.46785754150068,217.42918162952338,312.7506959819175,451.7687795826314,47.67815055105935,271.69216649457445,454.8149461732239,252.66345427902246,93.15279232818298,297.7483903691064
2019-12-27,24.95542119788552,229.9898569303055,183.77480889745368,208.86283129926503,92.42362867077782,170.89863726626908,221.12188979287663,314.19657578993423,452.74230936518853,47.96550675537081,272.976233559062,456.40259151035167,253.35827554600047,92.47690365795359,290.29867963190725
2019-12-30,25.290802532680985,228.53935069163487,186.5186733272113,216.4674379537521,93.47961565607037,185.28088566724924,223.81447451267837,317.6804442972277,457.89608813105895,48.14343256329841,275.03520971452565,457.82547718877015,255.01088366563343,95.18402991970463,288.5823356073049
2019-12-31,25.196739308190907,225.13790944669768,185.89521049799438,218.27422493910248,93.2338325625062,182.04934327614532,222.1974478376021,317.40437552753656,458.7699987536852,48.17143518952356,277.32262950979305,458.4780181218287,255.09879234235615,93.45902950799696,290.0339703302323
2020-01-01,25.178156234717044,228.73389445591687,186.68502346885055,222.15054612242022,93.42183969909071,183.1386687887041,224.02499918473015,317.56703051812184,460.615949590771,48.58827814349651,278.27469197621195,462.19040309434524,256.44334985201607,93.04568611307624,295.1917892026504
2020-01-02,25.19030382319452,232.51020564870717,187.37933708506773,216.05365848489967,93.76498080216375,181.63802881722455,223.18268646298625,318.43164728598623,463.356859471717,48.772785665140624,280.193874268517,460.7297196889794,256.67235211796844,94.00498472175617,299.12088060293553
2020-01-03,25.1925535751081,231.30060576542948,186.45777961611378,212.00251725037919,93.44245066817861,176.0029120951001,220.74948715428306,317.9117324498345,457.65918573333147,48.55451690288925,276.81295552608935,457.22684016869965,255.41565090075295,92.73866492528663,301.66043665870745
2020-01-06,25.107479735690724,229.1940991090874,187.24078497734445,210.6733961844858,93.01715153337493,169.541414855464,217.77726502458736,316.0098168572755,457.25504019526693,48.3186929175651,277.93316379055597,454.1135014858919,254.67611469749707,92.40406301976331,301.5865649776296
2020-01-07,25.04930347129675,226.15547562754074,187.40015501265202,211.8663173571934,92.81227441084785,174.0971592195262,220.1912452611241,314.5997662891503,454.3247800200222,48.21067957413962,276.7957753063895,453.47935021800225,254.85261271714674,92.33767444027221,300.51927500097383
2020-01-08,25.227121304344376,224.6564208642845,189.41322243172033,214.24743047708614,93.54747361370634,171.51480084808966,220.3611620875768,317.5999550737489,456.5461447905956,48.332354277946344,276.2974207759652,454.18627773239984,254.75760075360077,96.1309904028989,296.2871395063224
2020-01-09,25.432545330284565,229.52607049223022,189.93343982107137,213.82050888358367,94.57341652638718,186.57537773350816,219.08961905221923,321.78759106697345,451.26163468661093,48.44806319488375,278.00937999414424,461.72980786213884,253.7088267989641,94.30205371128913,300.1477489137793
2020-01-10,25.291267197343885,224.3661392428276,186.5717538657232,211.57224769643975,94.22804693007383,180.57810925860815,223.92951315390442,320.63724553204,450.4356679513968,48.44612153363727,276.1908417758155,463.74675616217814,251.55792602209087,93.32687479979252,295.25930925277623
2020-01-13,25.896200331457962,233.6571105393952,188.6956620648789,215.23236673101243,96.79862814744212,166.50558783860802,232.37053623796515,330.08766390334637,459.965361356475,49.48906662099417,284.86698256121076,473.90477008710224,255.81623612998018,95.93791803693837,289.70011920890175
2020-01-14,24.989261623537498,230.69092322413766,189.1181430780833,205.54829655027663,93.08862983295919,166.1322456041498,219.19057017240792,312.94301410686614,437.2994106312345,47.537877792125386,277.8041054331608,461.9585873371679,246.5679950205233,91.72799666226358,272.5552600699449
2020-01-15,24.597226157573058,227.1584309811062,185.1452821081674,196.94022335489606,91.17216656101168,161.03554575423072,216.05952826053596,307.0352942026962,421.1228852859083,46.31294616038564,269.52340316520207,451.3657885980604,240.5230987771023,88.77535971473186,248.90434395208138
2020-01-16,23.45087465120225,217.37957730951314,176.20907627763066,182.77633543550144,86.66917537324798,147.1244323549203,211.97231374295873,290.77597014423986,398.5877555366463,44.27521310867946,257.63567005140516,433.1753512015967,230.63800677252345,85.27370001479238,226.65914999081204
2020-01-17,23.875669928795645,218.39650466295788,178.7390333372644,186.82847658749913,89.00308337675264,167.00392181464764,216.81913819901465,297.2721080165231,406.1334962351772,45.52289845859459,268.03947024088865,443.12149462985644,236.26991695750328,88.04333031965135,222.97393879454248
2020-01-20,23.832074271237783,213.84320413797036,179.5035328956342,185.5756953565062,88.76526882933354,172.71705348394616,215.93019698535156,296.5496039508375,403.27726997647295,45.494741741303386,269.07052234179986,441.3302305908527,236.83599935213255,88.14071420498763,229.25069137332505
2020-01-21,23.938310616603523,214.04592330517457,179.40238418835386,186.40016111618704,89.19149285010545,178.97622924598514,215.62396318212132,298.66752101845896,404.3352118758677,45.73764035301988,272.42523021232114,435.2686323466621,237.71691520805908,89.57655579775269,226.63685416939535
2020-01-22,23.905564656469412,216.5927490456206,178.94196355624192,185.96703318799595,89.31496584895649,181.0700865261655,215.25719257289137,298.94090191586605,404.8663064435469,45.65127126698495,272.5135430648367,436.6726469536752,237.24159942877964,90.88754958635398,220.3130186731289
2020-01-23,24.03398113235539,218.85488932836316,179.12718508243083,188.1092911177767,89.89787510444617,188.06160912538428,217.2158882910877,300.4284440672416,406.97345836990377,46.007224171095636,276.649025065662,439.44448305404404,238.11354269946295,91.1653698950851,223.08603800041564
2020-01-24,24.042951440357946,218.52054836270267,178.67315509430526,187.32792496946044,90.15024125757995,188.42067022764368,215.3543375066426,300.59434607111893,406.3698072037688,45.97827143552514,274.39430120895054,436.36353242744235,237.42549254296412,90.13009660174808,219.41228372577774
2020-01-27,23.979314052278056,219.68486076436713,179.99146669137147,188.10955068353806,89.9846211660241,188.7950014145456,215.8383422492406,300.1920439452271,410.1212293262201,47.40665088486516,273.28665514572856,441.3319930852681,237.8902825192525,90.17814236573716,221.02944616634758
2020-01-28,24.1790548243648,222.0941314537848,181.715619815738,190.02419527796624,90.97797459988745,192.4888736803418,221.7585731750344,302.28868960793216,407.15728779400865,49.850436579108376,272.31274363288406,439.27400684266524,238.81909233920473,89.63689180725198,217.61212313627473
2020-01-29,24.434215071573853,226.0993930217115,184.40649423425094,192.46916731925884,91.70770115814265,192.1162466042565,228.9743487296181,304.3051340201199,409.4508199902904,51.262670961360094,276.309689653153,438.26934737575147,241.43255154096857,92.30655351941483,222.82872406380025
2020-01-30,25.2186472580698,230.02708800628878,191.19326933934428,198.6621976035859,94.6097899010124,195.98845184531453,237.08137927943946,318.24788242803885,417.5070998608258,52.11263771111166,286.4870352320265,445.9332203332628,247.94127761958504,94.62331186846731,234.37283884623923
2020-01-31,24.26656783419151,223.75411329254908,180.41830753428664,193.35971772256693,91.1056958163785,190.33476488215447,231.23571258540147,302.9247945094328,409.14421551955206,51.120178757491765,278.599981146979,425.9590661915841,241.46248739103785,89.35444539612045,225.97001411133186
2020-02-03,24.345049620466735,242.38410502395828,182.28278904506672,197.37951592277497,91.32343487681047,193.38148272863918,234.06664703877803,299.1437209918505,403.73279138507786,52.35819710385344,277.1358752533627,418.62081083679556,239.78676927214235,86.76525942582063,218.20706962443143
2020-02-04,24.188052256471387,242.85811619993456,183.76933064824973,204.21140912771946,91.44548088203399,187.27569609899774,235.1801225561119,300.49775858439705,409.42603738314017,54.158282062514786,281.79739754637666,420.394926333298,242.2865452121259,84.58886517250171,213.08794317619046
2020-02-05,24.483852536666188,243.03600666840376,185.42252002295012,195.7731623325297,92.69622109722202,196.57105488707091,232.76519682286275,299.83523159669653,411.0090804582064,52.15464569839582,286.2369228705406,428.2939434972417,243.784027241626,81.39431139663412,210.1682990616309
2020-02-06,24.204009518354468,239.0286747479944,182.99023212997207,193.24562120978788,90.17168543429584,201.764343258899,231.89072115932902,298.2471475028108,410.03880335309793,51.11411804197601,278.15541472293006,418.8248179064602,244.9954904440954,80.78235677226883,205.28683814572597
2020-02-07,23.920098506607903,226.1623295307054,181.30667347718605,192.07962485493522,88.46785063221115,192.10161571902063,229.61789430328992,294.69670082990757,397.69925170911597,53.21507600314135,264.39819244593775,406.44767450062835,245.5878715896105,82.35028397023879,202.05032409928245
2020-02-10,24.549405268749492,229.72717532741845,186.8368481377188,204.4053497094046,93.15170341448979,201.37395672386754,236.65796008358416,304.6000550849023,405.3847588834694,51.77407409900422,277.17462203516493,424.2151574370044,250.86254865428677,87.83427072595487,208.418892875627
2020-02-11,24.40646946040092,227.6899901974032,188.9294112985366,205.62098499458813,92.59227591477297,200.77800349918766,233.96488317808132,301.1606153503117,402.718913797097,51.62427015892713,281.5281000287343,421.95486276356,248.74177275113013,83.98346685532228,209.7983523971713
2020-02-12,25.515627627928794,240.90728296775043,198.36929489854919,222.07990153394417,96.82412739399597,210.4073725867669,243.81003468737404,317.60719696392977,424.5290793845393,54.9728694435564,299.1440419286609,436.42106430141166,263.53047518327065,85.94991070996223,219.4805039648111
2020-02-13,26.012150010614604,240.6223448810658,199.97203744209622,229.79855588628925,97.62222434312955,203.5448139564547,248.38995056799914,321.3871569194448,427.06517382531865,51.77826967757789,301.5993592940148,445.3442763580096,263.2987450860232,85.15928466367528,220.53193607979327
2020-02-14,25.8013135764991,238.00565705084125,197.50970378026977,237.68016686406241,97.53319727835125,184.82643086342392,247.12182225620063,317.16783457060046,428.2252106900425,51.43779248866096,297.1374216785629,454.7340015684682,255.29213930748503,85.66482568314179,219.8337455664474
2020-02-17,25.781884582670806,235.88041090757446,200.3907181744986,239.68494868402942,98.20231001682717,189.17126851781128,248.58703914543108,318.08646784815136,426.18501865409667,52.75652684468706,299.44423253274135,456.09293877882027,262.0649324117564,85.24656979294069,215.87866798083752
2020-02-18,25.641264532437752,234.22423802492156,200.814697222671,243.8531053537976,99.2750294593693,176.6668461756315,253.00217516879775,318.32662672619506,427.77719696994745,53.11715988243495,299.56539552439347,455.97974769930556,258.2660985911318,84.6788249094999,215.83893320872082
2020-02-19,25.64300498112586,241.10325602379757,202.01959768119315,251.99778884643362,99.47421447335961,174.67851705418676,254.49707647356163,320.2579272054846,431.75086794216423,54.19386015203585,304.043583239059,462.12636586351925,261.1777699331787,84.94198705599331,219.93774106966455
2020-02-20,25.59516985490955,237.6035344555227,200.14224622684733,250.74058861973214,99.7399227470295,174.16132864410133,253.48653685813795,317.4846010127417,429.3887567589041,53.3205330471551,304.60845933982574,455.6823524690472,260.2944985797334,84.4081107472584,220.15385901480434
2020-02-21,25.341630376915692,232.114123499209,200.27272522432074,246.74588585618892,98.88385828814766,176.1541023188096,250.98826151298098,315.14372970483043,425.4185734623494,53.049663523880625,301.4923263944451,457.8719240852861,257.32296422609386,84.09722804003692,221.19564456388926
2020-02-24,25.431621877906856,229.8744092408225,200.65896953279665,246.8703179507598,100.11802698075488,176.37287184632314,252.82837169672135,315.68743676719697,425.25036802976837,53.0694361463334,301.4140675753089,462.4250017768442,257.0612532062566,84.69810479358935,223.73382597140395
2020-02-25,25.41692198999183,234.71004745416354,202.9637366610972,250.28492497943785,99.95824710342254,176.28077640649934,253.24440039274054,316.86970781836004,427.78314389606874,53.169097239776576,299.46213177840434,460.62340890558704,256.7957784928829,85.18743612389021,222.96342806487985
2020-02-26,25.3594825243721,230.55224593879842,205.06558422419556,250.92971212135916,100.20616900911982,171.8764079171002,255.66601272342285,318.16128176848946,428.45363396034617,53.0675901511275,301.68013691939353,463.2415552316368,258.36069950762396,85.78816620275812,224.43585512240642
2020-02-27,25.379366238710553,233.4588422899483,205.10598901396196,248.63554301246126,100.31690515074557,170.10896448522976,256.97284179061006,319.75871933848805,430.01119512188114,54.96094723231643,301.43785108301813,460.77737974351254,259.4591298942767,85.69939652918556,224.0682245273455
2020-02-28,25.45401587930459,233.07885742719293,204.8512232232148,252.01912152359017,100.76389639949873,169.84838013659925,261.14255997349886,320.96833382182524,429.65782549006235,53.8550319649329,301.8579304289328,458.9214758244685,258.8429447777335,85.61508768099353,225.9162651841744
2020-03-02,25.50343159959868,233.17631192145123,203.46519005516745,249.58392224611887,100.27090661355595,176.4667432860665,260.0401736190958,318.4430032528784,425.908540765971,53.20139535926696,301.10812191379546,456.0847005211193,257.83850316771685,85.30345407827058,224.84683899083984
2020-03-03,25.392988641504193,233.34994885542562,202.75732873157494,249.84112440131676,100.18378756339023,180.75544379688597,260.78948530698904,318.9865261685823,423.7335978009218,53.93329302207923,300.87978081990354,456.1486079890343,258.87029493424654,85.17502486321219,223.20442832719726
2020-03-04,25.40508463331387,236.6092718223227,209.80651459046462,253.59043717478116,100.69431944058948,181.8241151771199,262.7884660989294,320.93450997652343,426.9554029224333,54.70228959645099,306.8351204878873,460.19042187623955,262.0742989263449,87.04975210986682,227.9108694074811
2020-03-05,25.40743750288103,237.41843256657813,204.8521926885347,254.37013881304676,101.05157325388184,181.21538083386082,254.14484470766513,321.5754905514055,428.03891324585396,55.470651297825555,308.09942341577477,462.63079612275607,262.8465150848509,86.85800430370229,227.25532035171096
2020-03-06,25.175904797472352,233.9912356594883,209.9974163443231,252.54025151202472,100.56288098215771,176.5303393833755,257.5325390502176,319.1292220338089,430.14726759553884,54.653060713316734,309.02455583675066,461.6335871364138,260.8733105031521,86.84428559495517,228.35421577016913
2020-03-09,25.214511323718156,231.38551795317238,212.65656363627377,252.31259740772623,100.50196054779603,176.5312134130232,257.47976274201267,317.3878906028441,425.65810960989126,54.03822699056586,310.0228158481563,457.5578186281536,261.6006320689124,87.03069090927991,227.5279167420236
2020-03-10,25.45263885554962,231.56205095464804,214.8458771571403,249.47257159212987,98.8438689329063,176.88898156439117,260.49647656973667,319.1096395372183,426.5179956270416,54.47017041281869,313.7026553647174,458.3985048260603,263.12291400008803,87.05683009565934,225.80090755596765
2020-03-11,25.560903077963292,235.51677012431418,214.57688774033488,252.58077469283475,98.94109319138688,177.3487063327939,263.80278203967197,321.5906484773621,429.0582539902688,53.86432311794279,318.985787549602,461.19162917476064,264.5398785365305,88.68523017430668,226.9458499521447
2020-03-12,25.317407606877836,230.72797210440484,217.42853226812477,251.7922605016874,99.82643721394635,178.42754242187976,259.3822554488155,320.4513523563649,424.36797012228004,52.89465030754745,314.11972369918516,457.8899619732683,261.64429774143025,88.02180210186138,224.9896789740314
2020-03-13,25.382389720827106,232.61604223610382,216.8180674161525,251.77621013262456,98.32142808624127,178.0234465270007,257.69463951570276,321.4831526898909,421.2788608595214,52.27353048205104,315.61029612924034,456.6479986830525,261.7420159793598,87.88654084472724,224.53721976341083
2020-03-16,25.342942572499172,231.88255849499743,217.76471801307127,248.8262558513214,97.37181009677849,179.03601815254902,256.38931555212855,320.6002771746071,418.4764347172151,52.19471478337151,308.36289760727203,455.9832589341415,260.563958040733,86.92958723708469,221.78633487365144
2020-03-17,25.34994969989027,232.44813301918973,219.08796760234034,247.77871616090619,98.11405128380903,179.10435859573352,255.74229092859397,321.12246653625243,421.6570473820529,52.33187655764893,307.2419032338229,456.2513676473236,261.9771266026888,87.56126664918813,223.21383162550117
2020-03-18,25.4177260578233,237.14412719410416,220.96549000196842,248.41468586007127,98.21791267350643,179.76992821276926,253.64718445236448,324.6461869102561,419.5723842237026,52.33711286268526,304.1061993388027,455.236969064664,262.6042996223833,88.29709301699447,226.4948217886319
2020-03-19,25.888254912085934,237.45746411043245,220.22018102756897,249.11740801003336,97.79537905042393,178.58146562702666,253.47010122140696,324.9576767996036,415.25017156450593,52.75729803002537,304.68422692793376,456.35871750334127,261.6010082996438,87.8894027937962,224.24747397363316
2020-03-20,25.931963741306273,238.3625415282167,224.128206881142,249.85528683322218,97.87211706130266,181.46445063863317,253.77247501052128,324.5127998240282,413.91946449387444,52.844527030980736,307.1178869511126,454.7724858272132,262.8096894573121,88.0630501801752,220.41730177289142
2020-03-23,26.322450576941016,239.73634356116455,222.0895230981914,253.67995906726347,99.0622970294495,181.7408068562695,255.14513166228468,327.0831843202764,416.40690211076685,52.880104232631275,308.51661712102015,459.03873112759476,264.56982374313714,87.58494151658164,216.62499422917827
2020-03-24,25.669614902135603,238.0377962109959,220.1582495197944,252.67046876549244,99.08148206778931,181.83394924461496,255.43755656525232,328.90300670742414,413.14122445320436,53.04907453812497,309.60358189777884,455.90098763060274,265.6371242235199,87.72245811506284,216.60922617955475
2020-03-25,24.46289218167702,237.14551019221352,219.16216710081204,251.51731574326433,97.07435619052038,179.90069174588572,253.13824172449517,328.70153038774055,407.5827934614854,53.74925502052459,309.15852958736224,453.8947428226729,266.16513821554594,87.00891654747689,213.45845435667928
2020-03-26,25.051961265774597,238.48358165793803,215.355983479551,252.78989428249966,97.5590805461373,183.22369130784375,255.6790050545016,330.0266503466211,407.722653230685,54.19320775712563,313.7420248958916,456.9506578169548,266.1906767096091,86.99608821383676,214.70361812957492
2020-03-27,25.311057059373084,238.96284642762606,219.98137010118944,255.50023881529225,98.01607399982663,184.26403394855046,255.94813637306157,331.0843312021298,407.6930150827694,54.632717797904704,313.83703000332787,458.6288570411532,267.1083127904544,87.48309436757381,214.22575203285515
2020-03-30,25.642616154481857,238.4189908237713,217.0994359048058,255.30032410412892,98.86031143666779,184.16566737552535,255.2151357990097,330.16485539130554,407.8433844430374,55.47819672337367,315.50037735257985,456.8306734000485,267.51738191386414,88.10720479775452,214.06085804406897
2020-03-31,25.50262699526141,237.70134974481218,219.27307330538912,253.27911322480048,99.17406626961802,185.05099645122775,254.60524683470518,328.652104647645,404.8811077282078,55.139935720956665,312.3837646447438,455.191464438585,265.9492802698696,87.8785924839712,212.89597912007858
2020-04-01,24.772042330711088,237.93744620252642,225.84531545312407,256.96628581270244,99.00179611016486,187.40946084000635,255.9794380626782,334.48598656584926,406.8506260539033,55.61176698476844,316.34370133016137,458.62038738252824,266.5482768733118,88.68234484480564,213.4401683876575
2020-04-02,24.789067856708574,240.43647417416275,231.55390836507866,258.1579527092002,101.05410348650565,191.30103626446743,257.85906939708417,337.7828723288135,412.64846055252474,54.78609216680551,320.7605364984013,460.62638041563355,273.12453740962053,89.11931293215012,215.4418048727918
2020-04-03,25.115751947602025,240.96354097138857,229.71720903530678,256.89800030226905,101.59115444219411,193.18762611080126,257.46389387657933,336.0724307498664,409.6834550351285,54.918501144015146,322.0583886362907,461.08141462650264,269.17465419114865,89.77146148800396,214.43134504726325
2020-04-06,25.68899541804204,240.80546359529325,230.65674632622574,255.396703784434,101.37713775379314,193.2499888926272,257.2432994677484,330.86970013303585,413.2316282896107,55.23350760470992,321.9748215031262,462.47327523622164,275.19063343324166,89.50179155333063,214.6311882958711
2020-04-07,26.160307498232527,239.69964450127597,227.01722389093456,256.9758380759363,100.90070773146927,190.59616423370088,256.5618061924577,330.46265134481627,411.1405389756161,55.200520269451104,321.3417703876909,463.247498691685,274.37046384375884,88.93673927074379,213.60869885477757
2020-04-08,27.110934274618575,239.0929913417169,225.08876408491943,256.2803140657902,101.33477043714012,190.56794914073765,255.48486320366746,334.27741798258955,409.4172026930573,55.12525352345347,323.1873023906449,463.820577329943,277.5346056334435,88.44883604762867,212.62260519566652
2020-04-09,27.722994881344256,236.06698110061333,224.43189602822872,258.4757050903113,101.06260670768526,186.94553688993605,253.31150540378678,332.29812542503083,408.58444295560287,55.294219086035355,321.76865021180265,463.70160519144605,277.4712654305291,87.87811613467433,211.77016931828177
2020-04-10,27.34012836707744,236.3653079776301,222.96568061798928,260.1824574542685,101.18237804740379,185.99871098773835,253.94281352007428,336.9316687440401,406.9710221651334,56.22908226985154,323.79773309432466,463.2698263264346,279.2150435661458,87.82465392386145,212.87815959827734
2020-04-13,25.98867602939226,237.39749466416555,221.0566330685941,260.2476474627337,100.54262386291246,189.75632240170228,252.65801603206106,334.98553145610197,408.3066065503058,56.97466460977392,321.8378789597107,461.0610757099156,276.2450911935466,88.40184929512985,213.2427098103137
2020-04-14,26.12413605889191,238.4900485122448,219.87742044847604,259.6777556468024,100.64673296075554,193.58653766887872,251.16667247261697,338.4339400876276,411.6105476393803,55.692492014449115,322.10813036257025,462.32733448620417,278.04220185053794,87.42481242954815,213.9011245161909
2020-04-15,25.930592928377244,237.27909458695348,220.4371798312543,258.710610741747,100.38712893536764,192.36668690653488,250.7383506178659,339.0581819129441,411.0416001053518,54.61716049515796,321.1625485738357,462.22684020789086,274.16439868096256,86.33518032149065,214.93357659533496
2020-04-16,25.714360968516484,238.4475050721364,220.7101326383479,259.65225930682936,100.63646471637587,195.3789811540697,250.9435469788788,334.44184260913863,411.88502013666846,56.345139405278005,320.32788100012726,459.5768985273644,272.4553719883899,87.54347721738152,215.07179639446005
2020-04-17,26.416810120503204,237.7279679479996,219.69662914955532,263.6711701053147,100.22931224027128,194.1469212359736,250.40946660512358,332.52194988866705,411.26362868863566,56.51967504753429,319.23545534291077,456.6892407319884,267.458511843279,86.69736694239958,212.7637233270258
2020-04-20,26.51175227833936,236.80878000886804,218.78034937166154,260.80464374659465,100.28261459303606,196.0926349785481,249.65203519815333,332.2465070145182,412.7878404368643,56.7248190473568,320.42788857022634,455.9559540508361,264.9639355115228,87.36788612778854,211.97128811985323
2020-04-21,25.96026695435096,236.28194992001002,218.13875564707973,259.2340026340952,99.31239626258545,203.36672949164475,248.43015418068046,330.0878180382682,408.9468275479741,57.248585311061426,316.3988346590019,451.2952303100349,269.12102046197015,86.06855241049387,212.13129357344843
2020-04-22,26.589089377083667,236.52679240362025,217.81422737296384,261.78257140809745,99.75360012982757,205.5670358898953,247.60798337116583,331.6913052693568,407.6891444740495,56.623368027404226,316.4169078773209,451.69320272626726,265.589184481024,86.34845409337832,213.64054197538692
2020-04-23,26.45307059252017,233.5747788654244,217.4600922626248,266.31391436070834,99.70109989761704,205.18924314003584,246.64986286917485,332.74689527462823,408.26840115501466,57.22571028860136,314.9060524892858,451.25262714497364,263.78556514654065,86.43176034510938,208.43132867271353
2020-04-24,26.307315079150918,234.5627282177222,218.05063816622285,266.69285218700526,98.88846581712976,210.2533596884001,248.8625518204056,331.31073951909076,408.407054333706,57.971975390067485,315.99121788088524,454.1884655773227,267.2026431401456,85.28492857051421,207.92953375796571
2020-04-27,26.411706626001504,232.2700607793557,216.37130510818434,264.63150517889494,97.81967279725411,206.27876048915266,245.9917761957828,327.37047611292354,405.7398885050121,57.55821877268899,313.9118054036616,451.7181601087063,270.05968983080544,86.09172675198333,206.03331175330405
2020-04-28,26.61533442800824,235.61476319297003,216.7591718111882,262.9332198224954,98.63489908500945,211.29591929409762,248.4498408671776,329.8028900630075,406.654793520254,56.71245053791275,315.39108513458893,455.6325839079704,275.1604562168798,87.99098292442714,207.47375371067292
2020-04-29,27.483262935816708,233.22056458477255,216.98092539777215,259.4690911431559,99.32384017417633,208.6419522522251,249.56782737950456,328.5072200563034,407.015498986255,56.67539090700799,315.1719231271232,456.27310645133315,278.792615363116,87.89055766260586,208.3348728724569
2020-04-30,27.71273267780705,232.65499772613643,218.54437994650215,263.4318922364236,99.2066262546665,212.05517988087203,251.86709014439364,330.3161155650405,407.68883901207886,53.69388564082925,315.8181422228375,457.83569784486303,274.5105996281346,88.4837915534169,209.48133914195824
2020-05-01,27.524639292472777,228.0882662175621,216.1748439756768,263.5442936786909,99.07651860855219,196.4829863920633,249.90768899482003,324.53345759207684,404.7623593955362,53.072958190505254,313.32371423525177,453.7723865935325,277.9042999195521,89.1959208199213,207.00736799476172
2020-05-04,27.38652202189343,226.61739649277004,214.01068620563387,258.257874983042,98.20441000374693,187.5557310190792,247.5644089293714,322.0984296809205,403.0440658882812,53.153404074578106,311.3267446868248,450.04976743703065,279.33596674729597,90.38384170233807,204.74262047518178
2020-05-05,27.2108348185824,225.9753247443177,213.75629161455458,263.88968919623704,98.53192936944818,187.54767748380684,252.59406574241592,320.8845267277888,403.16367143891216,54.20693347930607,311.6324728150165,450.46945250396834,279.96601730093147,90.28100015039395,206.04337291566387
2020-05-06,27.287530383034035,227.11416575843353,216.9132209258457,269.0913586837144,99.6616592670956,179.81174642809253,252.60392359567143,323.05467464050486,406.1833349367095,52.56856330458448,314.08452541100405,454.73326369088966,280.19967055766836,93.7392905765761,212.1036167600523
2020-05-07,27.678808719997072,227.40531122271452,216.14591806941488,269.9782263704522,101.07188758949262,190.22376114792493,253.61444151281324,325.9726364752631,408.516958815611,49.85359704016396,315.98695317220074,454.8358233028509,276.9867315485726,94.30215412398748,213.05461219136117
2020-05-08,27.51779537338187,227.27468662122567,215.82147913850287,275.1882278045322,101.00357170116604,178.45081793174032,251.94893478593988,325.7260115363982,407.30053657844525,50.851325814009236,316.4604735220128,454.8877222852801,272.10270499234053,94.12897072782773,209.64498666320057
2020-05-11,27.34327520969376,226.45295036767243,215.30537415586826,274.65159184062895,100.07271653410633,178.04367770299922,254.58310904015494,322.742530386454,406.5933401793542,49.59809773202135,316.0871435398437,453.4789670052621,276.205688463924,91.89847438037616,209.12361949526758
2020-05-12,27.289841990974914,219.08195755129688,214.19750748900185,275.30826929787764,98.79386185229622,179.702610053844,254.09443809512,322.41061311416536,404.502830728664,49.50448310616167,314.85681224712994,448.25287341608,273.13217662901144,91.50249417319,199.3900045052671
2020-05-13,27.6017241360699,219.67500153678475,214.64564467512383,277.6040662024449,98.73092770300917,180.30911365016357,256.36860273044783,322.69290106473824,402.27153677242455,49.68982233411182,314.80488923398894,449.94243461926663,271.28789230169707,89.29860949990176,196.1041092273761
2020-05-14,28.252838715910144,220.70425847095973,216.46750381073426,283.44887442491813,98.55658321972818,175.9854943923248,256.5483492641327,323.93352936844605,400.8838607336803,50.33429057089476,315.9629389628991,449.8305206805296,266.45847781947043,90.61839518049119,202.55412673151923
2020-05-15,28.188654598202653,221.39241760967656,216.39049147769936,284.15109431590787,98.13188861653732,174.23615684729603,263.49222674651594,324.3450811176551,399.2835529773463,50.946696738051656,317.24837869795357,450.798317514612,266.3140408355087,88.85827014878522,199.8735774494046
2020-05-18,28.329122907098544,222.60525962740792,217.85341237233118,289.3707780181008,99.49343772480599,185.79000205545304,263.39549553705325,327.14146343641517,402.3898305460366,51.4882054766147,320.0677287228999,454.15921458646386,276.3797613751825,88.93333747228411,203.65013793502013
2020-05-19,28.41075389880353,222.0904345343563,217.56023257865485,286.89332064711147,98.73802111327409,188.8612290747315,258.9852681680231,326.878963640073,398.185014165492,52.3305898830441,318.3456871231761,455.81379311731007,274.2170985171856,87.9165208995464,205.14313532102182
2020-05-20,28.562014978746873,222.39281388401724,217.7532942005011,286.0233584982018,100.20003123151731,177.3638639918898,256.959157847162,327.1073525618547,401.2256425835409,51.90924333707695,316.50411922897007,456.8265607005564,269.03894814286286,85.7498738521047,205.27274124008767
2020-05-21,27.13322757350005,218.58137966537285,210.4101712195597,272.2154793020786,95.96564997674041,193.46632269015714,251.21316281661072,315.7846166265561,388.0966893716583,49.109972919459814,309.5311202324701,446.35700563212777,277.0376052728978,72.16140728543188,187.47480216691386
2020-05-22,27.51080587439944,217.55614106067688,210.30267181506844,274.4400719510475,95.95506741462336,173.61357809414594,251.07322409709897,318.6893354878961,389.90546181977436,49.362464607293596,311.6006442496844,446.0674237631247,276.8972748603466,73.24305810304185,187.297862007244
2020-05-25,27.737451808870706,220.59449157990662,215.44501375855197,287.9732054730847,100.0412159645903,199.86151762945744,254.0231876340596,328.4659987140528,405.33047477135614,52.598249340480294,318.16939354527807,458.6820715877962,278.7243907771941,76.45993437267038,192.28839469980238
2020-05-26,27.09646765388215,211.34646103028,208.46904594016993,294.57706469819647,97.53398668857002,224.18144523739466,250.59303177553608,317.82962379144703,396.6395857270633,50.44390323061851,307.7219445456962,451.11138413887494,266.91954450599064,72.59751484336655,186.90090766278666
2020-05-27,27.57563176478357,211.42496606896634,212.54889603688113,305.8326182463664,99.67770781869243,227.89692532759074,255.66878094120577,321.31661980319376,408.27220360171566,50.561591325589625,319.4515204097147,459.79187342336445,273.34253561730424,75.46992642903702,191.16244232888658
2020-05-28,27.924814728443064,215.15991827507278,223.03274479169525,315.85327131347714,101.31484972159386,238.73118412591904,263.1046909084334,330.5107731470251,412.8902593613757,53.033327296913974,332.2830056590209,470.5309758593396,280.7741228555748,75.53336841138245,199.7711906052062
2020-05-29,27.231147003163354,208.32611482115846,223.14638479616576,309.0163580108595,97.618641956985,242.32122736973463,255.32523572167446,322.3815248401438,402.69820211531584,51.875237089165296,333.507791208787,466.1556612770075,277.6303085374732,77.05153698644988,192.04966841559667
2020-06-01,27.773235627896437,210.77760399228325,226.8207709841595,313.09376760524333,98.71683782543896,243.50200500499372,258.8711744141312,324.6332700173,412.6309939267882,52.44702867064119,335.1986030046424,472.3474647546986,278.969037044175,75.72491614670459,200.177138916411
2020-06-02,28.4751277668248,223.02102262541345,232.1529674662528,324.7764900861414,101.15690052932571,263.2317183094833,263.8948533302377,337.29532421270534,429.0540415775436,53.589466266783354,361.6340705790136,483.4415522825336,287.2987732546953,83.10098954613723,205.82385607538828
2020-06-03,28.460507594624474,221.56711393671569,231.99382694984402,331.24119791817293,100.57940048183309,245.05699668233856,264.4551154074776,338.1978275814961,431.76963212526164,53.74141302808193,358.12165732553274,485.80926953568684,295.15803859051147,83.38616572504081,211.28862876972747
2020-06-04,28.166847188957533,221.77383638719076,229.42895400600383,334.8424935798951,99.6689839923298,246.5731141292264,265.6012341794674,340.169246547451,428.97214951349343,53.721291366866694,359.68322183355025,485.9067520022877,294.5770756519518,83.16196812638152,207.57418855047166
2020-06-05,27.600649624149945,219.84819601202813,221.62137410886444,330.79265946450164,98.27322183750557,244.23481685148747,265.63911479294234,336.2285575648919,425.874594805211,53.40301710248143,358.8073422881171,482.66591554703524,295.44935947187133,83.37047607565678,208.03506728766217
2020-06-08,27.091396820587104,220.7185517070003,221.44208864107097,330.170799575112,97.92999083214474,244.87261378647747,266.64433789205924,339.15760321872494,429.18246614936584,53.640246659079686,359.9616282779403,483.91460699592164,295.58198983746354,82.7447365956469,207.87781531848637
2020-06-09,27.288212408640916,225.14446791209392,221.70602726021158,328.2119343363925,99.32500640694305,240.21210084832057,268.9113093790281,335.84877655940033,430.719864859651,53.76177466408865,362.9100418754971,488.0493905658558,294.18253549234214,81.31728810828754,208.237837030232
2020-06-10,27.704264957709146,224.20984281329956,220.44740161163466,326.37058769131426,97.4391788540831,239.16764644560473,266.9567896185017,337.5909858616232,428.90902254149495,53.17115771578459,358.9316841852341,486.9035934104044,289.13071488342223,79.34148862105577,205.80960254255
2020-06-11,27.873124402519004,226.27647360285627,220.50224626510357,331.54714450884916,96.21838579068044,241.57237788249395,264.6461390385137,339.69043827946757,428.5049109053265,53.18467340249608,347.9504567840011,487.14310489004987,284.6425786812604,79.51978123852521,200.99354569808315
2020-06-12,28.11597845749852,226.1784820347974,219.16288308522329,334.29194355692414,96.33624673586691,241.55967155912617,266.90157140881774,345.6218004785579,430.2277696148386,52.93055930479467,341.03705941771426,488.20568443791035,290.35119516643607,80.04372770967721,202.96697584096032
2020-06-15,28.144674458518935,228.2162264256559,220.81661001070543,330.1425406682125,97.84926950244548,237.5060797703117,266.80089948513586,343.89986599296566,429.60224557736433,52.97667713077477,341.76169308165544,491.1289449262595,289.7417213217141,80.20607698831502,205.08725359404687
2020-06-16,29.469043845312104,229.7710401468187,221.08859574997183,328.5209617428065,99.94852661469174,238.82888868894466,264.8484457489532,348.6850224470095,432.76225937066084,53.92184267850095,354.27508025830264,492.9710943447169,291.95283632562274,81.98325934026799,202.65020989160595
2020-06-17,29.302431142393615,230.11245264170057,225.07044120081517,326.2596563709332,97.91121505238148,237.96417313852268,266.6044294425371,349.17958327884696,432.63423459029747,53.58982256008455,356.70998137732045,494.8487414382792,293.0369078690289,81.74577874562112,205.94532684245456
2020-06-18,29.493798243087845,230.3410092549491,226.3639039644165,335.992975007391,95.88951709510695,236.8402259853195,265.7251918680586,352.5852419752522,433.5502054274587,53.00039420100076,355.2977232726338,496.06434835463403,296.8145897495682,81.32170755565895,203.96768062327865
2020-06-19,28.99622178480272,230.0457681487067,236.39808088803034,336.99388054819156,97.21390795341745,236.89190923306435,265.55801843029633,354.2210033256261,433.49015089987654,53.18428977542363,354.67963547816316,493.13521594302404,297.8723653473544,81.3499935906325,209.4762653170529
2020-06-22,29.561438792498535,229.43390181571712,231.5174106057183,335.1945905777642,95.28869548402807,235.18775559020403,263.7733527094135,353.8436109071654,434.7446400832694,53.47837571946851,354.40238955802215,490.1265508678028,301.8262593221919,81.85560849735492,208.46548151121192
2020-06-23,29.223015379456488,228.5756572497394,227.95577200292422,341.8015217422228,98.18776041456523,234.10718955444815,267.3004592706977,357.6686741555466,437.32049962650694,54.452650371326484,358.60007841036077,492.7172072418222,301.80587501632226,82.16218399529053,207.22844579199582
2020-06-24,28.935710770798302,230.8007375331465,225.5514493468923,335.76084462929344,100.92486116477396,235.10504457059295,269.0686059729707,358.7436487135567,440.2319480838529,56.52651531312781,356.7104483477985,495.7251120792003,307.3559084554139,81.95361406558148,210.82165350225105
2020-06-25,29.15527727620008,228.79355837750782,228.7893968682951,330.4850415653077,98.77890950288152,235.54923706270438,270.8828614170403,358.86681329150656,438.1808327389265,55.885314615600535,352.92992568111333,497.2932713570068,304.3142003631139,81.25287434965114,206.5026211343995
2020-06-26,29.082287740864043,229.59773995955365,227.4989699286679,326.05566959086207,101.45332571481862,234.4207922392187,267.571863216058,364.15267699498685,441.8637874429828,57.681938058967404,356.5516591397897,501.92913686139957,307.9343848154572,81.82866326760826,204.59150182921132
2020-06-29,28.927927842950975,230.67652127011138,226.4245330669823,324.72991330074353,101.67651655845206,238.62385780314983,264.3707010554056,366.30099806341065,442.972587440247,57.33047979421688,362.25849921287573,502.2006540792016,308.2122864614333,82.13074349728637,208.07393093965499
2020-06-30,28.849756597154183,232.54556490245903,226.0246360770285,328.56909581945763,101.63101845088714,240.5638728430797,268.0027930653003,366.4437641617638,443.25700655882304,56.93294697959532,359.9502177380669,502.5617782769071,308.15322024634395,81.74230753426497,207.06075794370932
2020-07-01,27.390257334330407,234.0335517888716,230.09435991125648,332.2256047876966,100.02407691115484,239.03849561662994,265.6922098839069,368.56579801614055,445.6938734825155,57.11044609712038,363.19261728335306,503.76797217583515,306.24594582384776,82.17591691798847,208.73058356508514
2020-07-02,27.043454548750812,235.63594721989315,230.53676817405767,331.92551644217656,100.99195061357622,240.26670781133564,267.3478879327243,367.83058724091245,447.11696475972633,56.54575537956037,363.9524935220371,504.718898136335,310.54819083232894,82.39971296076226,208.82758008971047
2020-07-03,27.46477809352056,232.98213930827654,227.8848307465676,320.5752498087553,99.73531120618578,236.56794781885412,265.1841700351839,364.93813955611637,443.0240158810064,55.49104116864333,356.013141591263,500.35503890556544,306.1546929861972,82.35092452673379,208.50086886164334
2020-07-06,28.079505668374956,230.63110909694598,227.2281363704057,317.1443155824377,101.86534618635312,236.89731397120713,264.2277076020271,367.3476237173476,441.76478948549715,55.26877134413127,356.0034585979797,502.71499593342895,308.7779798012843,82.2597802466444,208.77083084934117
2020-07-07,26.774162559447756,234.36142470004256,227.9118034101796,320.4098697122868,106.7284325863486,237.85982072348628,265.48187542363996,372.0661190857391,446.00731298510254,55.828791862641474,364.17350363380655,505.1045359658062,311.40877253483916,83.17073592375165,210.60152097144396
2020-07-08,26.988404344178225,233.4357143882606,227.41114808091066,315.84390083595054,106.43611317717263,239.0387491853251,266.3796632732362,373.79561835750917,445.32224908125016,56.12877133345013,363.7933070334266,507.2855193576774,314.6335068023611,83.23877868776728,210.79143302871117
2020-07-09,27.37718082160527,232.77177334110814,227.6714754156225,310.4986641374945,106.23659008977654,241.0528076896971,266.7482652596272,376.56428856635523,447.28391592161665,57.25325875526094,361.5400202473081,510.2755601989166,319.45779243327644,83.34013841267846,209.79243675533795
2020-07-10,27.16604990792378,233.2433124068593,225.65448016076678,307.6684214181983,105.80487284361541,240.99174911427946,267.91683042758655,376.2586378197134,443.90395440563844,59.948126304780644,360.14498202671285,506.0741872060013,316.3195314589424,82.95036809803773,208.28080455786505
2020-07-13,27.418544660182764,229.27612281963093,227.08660478359192,310.5698601075125,105.64675521994835,242.90556161277914,267.09661265065506,376.30912764693807,445.9597935323029,59.92263685522679,357.986684913749,506.29599844445727,320.19770683368813,83.39805070941325,208.93634909860134
2020-07-14,27.386318836378248,230.3020952336294,226.38189756931436,312.74080805646406,106.69547120304466,245.23767781111238,265.78717726872463,374.3684677373876,445.40052653652583,59.55482759641504,360.5821088678974,508.96389847132343,323.3068677075198,83.22284121764397,209.4098713103021
2020-07-15,27.396994148145318,231.67673102188127,227.5371400288257,315.1261458636208,108.81379317514603,244.47431165658193,267.5144280019157,376.44068710632337,448.34188211603544,59.04271420067945,362.7409465654235,510.89312863543546,319.2135704274034,83.94570155724017,209.3692529569685
2020-07-16,26.94510887688782,231.28030311840783,226.0579672371907,313.3578777939833,107.99163380027372,244.51267136703916,266.4354208205639,376.8128924693258,444.4012474375974,59.00393277765767,363.9898599241739,512.321680512196,313.2754666625547,83.52879753295021,210.4899935503521
2020-07-17,27.038322102323743,230.24984535133726,225.31325826837403,312.8391587098644,107.28420081486117,244.3501423990093,266.45535150637016,372.9318053337011,442.78003807034435,58.77744309170185,362.8515873729852,511.71026521902076,313.3289018954401,83.3872968086342,211.4157766137354
2020-07-20,26.95033889348691,231.1711109403274,225.1931931015698,309.238626986514,106.58588447247747,242.65924345091972,266.62638922626167,373.22451526261375,442.1686029856719,58.46137064772486,366.48671729484954,510.40565542100086,314.9831366233395,83.23911379854158,210.827927326994
2020-07-21,27.317465990530337,235.43686232429002,227.12087599834948,311.8156480493389,108.6048021423675,245.48934394401198,268.96233205566614,379.5865779971833,447.2899929646113,60.55919417244175,370.24192366163356,517.3859326602213,318.8403139977516,84.06039235933001,213.03158516527486
2020-07-22,27.224177153565627,236.62170616126426,226.57240422534264,310.57886564045276,108.5621581575006,248.71824925672144,269.33821305604226,379.03316795250066,445.0557060746808,61.782193207639715,372.33469191875304,519.553120170667,314.0651096675752,84.0646695461057,212.31062693995656
2020-07-23,27.22906932465494,235.47768305311544,224.6993490896486,306.1274644160581,106.53830244863542,243.81091780488555,267.014946884722,373.8791976653261,439.10294021225116,60.1135664221402,367.43301226842806,520.7710086364121,313.0435244303238,83.46341528595352,210.93607972450027
2020-07-24,25.845937342514937,231.89043436450893,215.08034384562637,295.6946044914992,102.24912194277303,236.01807038435902,256.53279589905515,356.7896368716622,431.2849299340419,60.1097363619401,351.22864127211994,510.9074170733918,300.2524053055672,80.09332568733282,202.359849996785
2020-07-27,25.183336612644858,224.9439588206364,212.4675941406045,288.5420490340881,101.72327309965226,230.243158172227,251.64639244952718,351.7943828201316,419.2088399400261,59.79799657435121,343.4761444742328,501.8776236968588,288.031299428971,79.339488893111,198.24923031953122
2020-07-28,25.17168150714215,230.54608778039733,212.81120089327862,295.8842040717207,102.16902321130661,225.63404023644773,251.91886349606207,352.8416811947512,423.7207773026528,59.25697298857601,340.9915480165812,508.68651287188453,289.695635783398,80.64276205099912,202.48466523359951
2020-07-29,25.589782184460695,237.33083830129252,213.91047726890892,301.20145634551403,104.10911818062985,232.9676001615571,254.60296633379463,356.63310674538707,424.6690410882112,61.998605785658796,347.3952132548915,503.62090172312764,298.69886509379484,81.3984611282612,205.84283558561899
2020-07-30,26.011963665334694,247.53573487962257,213.57372214234394,300.01559489459805,104.72330985131143,234.45421996020954,252.00162867511872,348.71891038464435,410.40342672799994,62.12293391737719,333.5963125013261,497.93114002411926,295.0393559058876,80.8514124131691,202.45827213380377
2020-07-31,25.597485975497985,255.6632202536468,211.87922263428172,294.94749386379505,103.34093498816354,234.45803905475023,249.24736485918413,344.4286611552196,418.2273172893884,61.577442456909104,328.1363328118244,484.04894308465805,294.2584206821056,79.743335069289,199.18322031452777
2020-08-03,25.595198080129588,266.74088850963244,216.46872957983967,308.75950095485814,105.92390954096241,246.26342867801006,257.98839113096057,358.3526473953548,441.2316551599071,65.7951111430372,346.7357245323245,488.7067308064271,298.2274893219049,83.10534335735997,209.0217177948775
2020-08-04,26.282176727811684,276.96521897632243,227.22098040908966,330.3710634249514,114.30649155234372,249.44296740755868,268.5666027688708,369.7404468605383,447.5167317237793,69.62389955520689,370.17419225376784,512.6566909911386,322.9425379433824,87.20920089835712,217.62370089054446
2020-08-05,25.519180344410234,265.1083741341088,230.55076896682613,342.87690022432093,117.50648591900307,262.13272737788515,275.50775627789915,376.50081508561414,453.00307547877605,71.47350558571684,369.4164132022038,510.38559185946616,332.4885032218669,89.245819078509,228.19897344753846
2020-08-06,27.08332311114411,276.5336628586787,237.43115934856,353.834882972067,120.78058972935494,279.2188749424399,285.54751841626717,394.05324737749527,467.0268550870899,72.71145256755067,394.61037475000757,528.0989889976158,344.0541234116041,92.61155824323339,237.795558711848
2020-08-07,27.56159268713587,284.2008389715507,243.31045321765063,365.3365470402646,128.0412589764559,297.9120472766767,296.7565492210136,415.75712622382497,484.46606452043824,73.33874350177904,409.0698133117303,540.0114704274657,361.30655038899954,96.15129580401538,247.2933139173996
2020-08-10,27.485626086153108,290.34849158788774,253.59843119490898,385.20971502552476,138.35864347383497,301.59731890088085,305.3393055649546,436.44946833279494,501.87285002362853,75.52922072220048,428.66936390384654,564.5643690460456,375.69618234845467,100.28030966495882,260.02308655118065
2020-08-11,26.553763443007178,291.9818840613788,253.9068198071663,380.55616023703084,137.32274831072755,291.5023096271468,305.03059987080314,431.6786049108084,495.0472388413658,77.45745031296377,426.2706075209812,560.3797187430536,376.3392313354148,99.24353396261422,258.28151448673725
2020-08-12,25.311007359566055,274.45947354690435,247.33778789790458,370.2030969813021,130.2146555996777,282.6811898651201,298.2542189654444,424.60728784793804,485.68939500435056,78.89498226999943,419.28504969486403,546.2953549648872,376.02066749014614,98.61086822127608,249.0558228490081
2020-08-13,25.219519441305533,271.3551827491073,248.70155850735412,374.2610908754047,134.7457667591383,288.495226294542,301.1868738318754,429.4155191721306,490.7505656262508,80.27596356465905,426.9430663823318,549.9430772780861,380.9727883160055,99.55304231950555,251.67738500096831
2020-08-14,25.060153824237442,267.16250508474525,248.84918987062179,374.2800496175931,134.11356665882397,288.39046197748996,301.51125232980604,427.32408116486425,488.5085113744045,79.69165499518381,423.56626438523176,549.2114920170796,382.8703612674731,99.66944978657409,250.41040004193624
2020-08-17,24.58236185765708,268.124068148282,246.79400334266123,371.1928234637058,132.50347388651386,281.6575932490637,299.5666174809414,426.5398080519707,483.32412160559096,80.20402812680092,425.8666904987542,548.6593146976892,370.5306192726465,99.94661931311165,248.64432536756115
2020-08-18,25.255663058201453,265.54251392469587,245.97755444056705,368.91973922373575,129.82452585783736,276.2412456260898,295.00654228201756,434.84088136143424,477.1728298853243,78.64127140190021,424.673474335442,543.2484573860178,362.972900438484,98.32704669634121,247.43341259913433
2020-08-19,24.943256210249647,267.76861404769903,245.90988047580024,369.11706644359003,128.98006290011287,275.39019857924507,294.1805398110839,431.03695798593753,475.6757186022665,79.4552778331451,423.65125077529643,537.3736329915705,364.12180768333366,97.7651268816272,247.3880877063028
2020-08-20,24.72531204886501,269.29591672825535,243.4083346629515,367.3522870136886,129.0924151580728,268.69042810318956,291.1660390118501,423.0682880572593,468.85480086804665,77.87963829356272,420.3600408946039,539.7246795051758,357.61921233912267,96.80576286161437,245.39301610246596
2020-08-21,24.37548249111779,271.69077119446183,243.89956494725595,363.2691642204869,130.90161428182748,264.8349413098139,287.9895255612231,419.34732664364407,468.236036740974,77.28673913966313,418.7418015043076,537.4637450941635,358.32767012480656,96.31315617183016,245.07901129144238
2020-08-24,24.122962663376104,270.2502497804827,243.2599055768202,360.3294409062823,129.07629794140442,265.34218377159397,287.234536183292,418.09624337751035,469.79886370249943,76.45425198478829,414.9630556928754,534.1376165072948,356.68583426908043,96.2221644372135,245.99486854303373
2020-08-25,23.68240296273158,270.5696798946465,243.47932380483832,355.4962993181899,124.89269804985348,258.48224006183165,287.0726343024523,414.13086922848294,468.44076864039056,76.03144154215562,418.0564614291991,533.2310565251054,353.6413419799798,95.68952215707456,245.67088839292933
2020-08-26,23.525362716258957,276.91645223893414,243.9795560634963,359.38795019368877,124.86659946942663,257.4175806340784,287.6272784274483,418.8195841500121,469.1624495289138,77.83943968418765,421.39749419478915,533.8542832714762,353.22383516010115,96.42245568050474,246.88860374090441
2020-08-27,23.692973936269482,287.66672551503854,245.5600721706965,359.82300677956255,129.1216469210745,260.9463461161013,285.1250463376482,420.48620783782445,468.84863193141626,78.7595085385225,421.6022098410818,536.873266234832,352.22663519636615,96.19989523592854,247.54249200948666
2020-08-28,23.933323216195063,286.08644471877494,245.74953195192734,356.64743274246115,129.02705418774147,256.3808049326326,286.32773626706387,421.63193381294104,470.2625172000384,79.85625854204511,423.50980928241074,538.6826464752468,353.7053803623712,96.35898581221987,249.8106890377468
2020-08-31,23.85051427045488,288.87717678367517,249.5478653729397,354.4958850692514,123.0258382203563,251.938238000456,289.3057920373132,422.0805278524207,469.2725053013147,80.12621041258798,416.45841085885496,537.1036571673199,355.8777240956079,96.18255328215182,249.74862451317398
2020-09-01,23.868049801498742,290.0452696757848,247.6935767010666,356.2843679615892,129.11876544129305,243.66227811727202,288.5907492608458,422.2106330227929,471.07241027752866,80.07836221644475,416.0640568608531,533.9314176264841,354.5215680005294,96.1423984592642,248.435434283485
2020-09-02,23.913840479036637,291.01045317701164,255.26429785599916,356.0733540673084,136.0259546366267,253.5311888108959,291.3062265614581,424.1508927401503,474.09965473268613,80.37523941270115,422.9666899605779,536.594141194909,355.96024775688767,97.1667376931968,248.74044466345137
2020-09-03,24.05909889935646,296.32359642553325,256.62559019400834,356.6470045012448,139.32065598300943,250.08434819366283,294.73410773799026,424.19667038869613,477.9145050831854,81.49493570816523,426.5479237866,537.4199371083984,359.17300813620926,97.60897946934965,241.70563759683532
2020-09-04,23.930355237523887,297.39003571398274,257.0100353238561,358.2543093318431,143.96152318109304,252.6789902701113,291.35801133433307,423.66728101626603,479.1577453269983,81.64324145498817,425.82428099014703,534.7876087677712,359.7059909296532,97.48143103706548,242.56672895826583
2020-09-07,23.866572791609958,295.7803056183775,256.6561198330239,355.411651936688,146.21930259061762,254.4014352014621,290.83474417546466,419.481955402436,472.4466558071557,81.09148780484493,425.3889375669781,532.6777509527277,356.5028342556833,96.9676521545855,237.58548214117704
2020-09-08,24.024841341662363,298.0736324571338,256.76657358749964,353.4670371238478,146.8675523116374,255.29020174355114,290.38195355764867,421.7949657175906,478.96790741204325,82.06416496822115,427.9861203553076,531.7097850368147,357.76510736464405,97.25906441850044,238.53170569740263
2020-09-09,24.096998094820663,296.2351278576004,251.81082110745965,354.99906615488214,146.75549870661,254.54993212091483,287.0543346064309,418.610535039958,474.5770591529837,81.0938026242279,423.38631571314943,525.8810130377368,360.1787562938787,97.06888698091592,237.92584276683377
2020-09-10,24.14458764243132,304.6247868568849,254.90989993533407,352.0802978385212,147.41535152118297,254.70884810505785,286.94007037117495,419.3279120985644,474.9574394711434,81.16608471321203,424.57210434897206,531.2769851773361,358.9875770466209,97.30110657482271,235.9080685044772
2020-09-11,24.215872788466594,308.64076250060657,255.8229685907182,350.2082879802451,147.90447181206142,260.01000424433755,285.3894413989685,420.3791155920947,478.41917243380016,81.13613070735471,427.16085824505234,537.3324152256622,360.881549869337,97.58745380796903,231.74026536063957
2020-09-14,23.95196642260564,306.81161980216945,253.70327644648214,351.9643207287477,143.08172011414794,260.78952906719843,283.44238907921977,416.6453797906624,487.5104313659734,80.39703251444251,421.2002991996844,535.8864551498931,359.9604999673817,96.77497284349103,236.51989621486
2020-09-15,23.9879755075595,312.2171328128917,254.32466929765764,365.11745149726335,142.92727838897116,257.3982336374492,285.3072641886015,418.09286881046444,493.7897937892705,80.1965413846656,422.75833500113924,531.8370636341318,359.37073914661835,96.61980768111535,238.99061199844184
2020-09-16,23.97191140818073,307.538554487583,253.89313584136886,375.1987581537766,143.26221020836886,256.43318107377763,286.67060047485063,423.98488465595807,500.86004717281224,79.60559702770041,422.8794240583269,531.884768017206,355.08206836358426,96.2573662647813,241.99423988157974
2020-09-17,23.996445851387772,308.0613637479952,253.4550365590109,390.5288050494727,141.96731331911786,254.11534290345224,286.58071017176616,422.91843699809203,497.517476443113,79.93844650633629,422.06024668890075,538.1265758549206,357.44783868897844,96.19722228140034,238.8072325766866
2020-09-18,24.103390790202866,300.7245253396145,253.77468992454948,392.945856056077,143.18598209781038,254.85628158197318,286.0520604268214,421.70535183231306,495.8708483192086,80.42233633891618,423.2252766843571,537.6869278446161,359.8361513735775,96.4901669522095,235.58221135922938
2020-09-21,23.925085003845943,303.22565827284217,252.20511524837988,387.576643958954,142.75374868934796,252.31213986985787,283.1403942559987,417.53957706195644,488.97213079149356,80.42334861274595,423.08708418112894,530.9647583627882,356.5030809258406,96.66612910754421,236.11870181311284
2020-09-22,23.987174331668243,321.74713583030723,255.6305671477411,399.67169962180805,142.8689670969071,250.16955682172153,281.0117965778193,427.75857624384963,489.9989713908573,81.41868236114439,428.029368572768,536.363209716345,358.13095678551485,97.71905020604017,242.58194552963005
2020-09-23,23.316641941995567,311.9587347768357,248.16015752362355,360.288179888072,138.55200873470145,249.53267162268054,275.1370542586079,420.94214944834937,486.88600639873414,80.19915177236267,415.89651339060396,531.5835181223621,352.691805066336,98.05771113511953,236.92201981024533
2020-09-24,23.086487741690313,304.4105938027378,242.05471196219634,362.29441830250926,139.60584037000018,245.30472916831067,267.34245275044356,411.06561856139837,479.26196847277055,79.74129925354195,406.9620716855452,513.6743556890626,349.9228768862999,96.4478056509196,235.453860534266
2020-09-25,23.525693324046404,325.3648747067343,246.73063299024747,366.0257301637561,142.18296319738616,249.4125055818423,271.9694583345989,418.1777075215335,484.7805831911392,81.28366314293358,414.1820852402491,506.01643324311954,358.88233633731954,98.63635908860871,237.10820109936793
2020-09-28,23.975087885085138,321.76420829914736,250.44420585020694,378.70618160391115,146.68902850902154,254.56410604643662,274.66004390179654,425.1465933195658,493.2802004088578,83.7751259914846,425.914693921373,516.6930096892308,367.27579249185953,103.46656539184245,237.71232310389266
2020-09-29,24.899241809351043,345.2223201858422,258.0345765920853,375.40267168803376,149.58176021486273,259.22280509421864,280.5447013204595,430.8827608144376,499.7580273424175,86.38263619255298,430.99264076160824,518.3364194163457,372.6876836823701,104.87889075980239,240.15988232255344
2020-09-30,24.599671224021108,345.2772199530215,255.78024350045743,372.74043594888855,147.95630312836403,258.48000079714313,281.55151932947155,425.05881324501814,493.79890214265805,86.22075533222123,429.3765763271039,517.6150020391842,367.30867543877974,103.42406443327134,237.47819360051338
2020-10-01,23.73312787767646,307.29017584619294,244.50895567639222,370.1289134528886,142.30910967699828,249.92538894359768,276.2515434005173,405.7736856613162,474.63914907637945,83.03509630595727,413.3780748756441,504.7529144546691,354.3248906732864,98.89233763904743,226.65828672144056
2020-10-02,24.419942219637022,308.9273084815719,252.08355681875184,381.3209382891372,146.554011944214,259.60239134515245,277.87070050478434,420.9506375589772,483.0916742764903,84.20601406883297,423.99406834101825,518.4831589029592,354.84793151657817,101.57272607188473,234.92427939541562
2020-10-05,23.457939143571135,299.64806732558327,240.31983303250146,366.04880128181725,139.88806114587226,251.94283306778863,274.89297813289687,403.54056734808125,459.22656644195945,80.38363046226219,408.74512808067124,505.36385585867936,347.16485817337815,97.41194787271586,226.91806970985263
2020-10-06,23.66613776001316,308.09805332122323,241.85161680865028,356.6152084914079,142.90639233712187,255.28146668555172,285.8483208867879,407.33351912402094,472.81043601614067,81.53535828708308,417.0338527913319,510.6959373688347,350.3323603000044,98.6300386940803,227.77278777858126
2020-10-07,24.630142792314253,320.569140205189,253.28916905212142,384.20148836269954,150.5454612917622,266.87343517441553,288.62383681620497,425.86665660438433,492.78740726612847,84.94752223756886,439.93709308378305,531.2603410445801,362.480005794243,103.93904289813815,237.43883009589442
2020-10-08,24.588258659680434,313.0483533728411,251.37707576108573,375.1562926433078,151.18181795029696,267.5476428273923,286.4885690216167,426.59901851742893,495.7059891851999,83.17282095395126,442.2813238583755,533.1901743893552,365.1387864814427,104.31123265256525,230.2783793182561
2020-10-09,24.57098775698458,324.9322473081278,251.54195689223997,382.21100911433444,152.1959342085805,268.49619665505514,285.72863123170947,428.81471755231115,492.10486294633006,83.8911515051512,443.3260334837326,535.0143889643795,369.545871145779,104.72392837337446,231.4620233214097
2020-10-12,24.917815492887087,318.18977814235365,254.10295610992287,392.5270667324849,153.28209298839812,268.75598469376763,286.17733788995685,427.52587153506465,490.50332781304445,84.30455246208216,441.38190875978813,535.2024958213702,364.887391313783,105.227563128047,236.8464243365384
2020-10-13,25.32110518607595,312.68532598186226,252.97020183396515,392.66836427278173,153.94802908016993,268.6013823616264,287.8775036827684,429.875008139275,482.72453842293066,84.40409514753006,439.726181234405,534.4807188754563,363.55585622862714,105.522886084676,237.35950046911208
2020-10-14,25.512462186811103,324.9759679858251,254.59760656853362,399.2642089954877,156.27447951048816,272.04077250489183,289.1304907730371,433.43959871191674,492.5276909584096,86.22185996623838,445.10792474042,535.2738070591204,367.58192092397803,107.1582768271122,237.4676267975777
2020-10-15,25.373569992297206,324.2209640151068,254.73897213521465,395.7805712003839,155.9313044359032,273.944551160354,286.6009875433107,428.9859747469788,491.18439775819803,86.52728537224795,444.1701340590307,538.2534391372051,358.7794535714813,106.83028141888747,226.9595680398489
2020-10-16,25.427489983877166,327.70074985718145,253.07230122974556,384.21470734345195,154.94405018290334,274.5574004594953,286.3681440842913,431.0929162517843,487.601557604682,88.42926219752509,440.08157570012844,535.0524675276316,350.9227095097384,106.85776016709265,222.54375121885954
2020-10-19,25.472923017651663,329.552982680458,252.69893259637263,382.2846087780166,154.03230065621494,275.20487909658726,284.52252779840256,432.6243866598268,494.0473019111916,87.910779426579,439.94485513540104,533.8827093876264,353.4700011304875,106.2121775252174,220.09597295796615
2020-10-20,25.655514959407896,339.14219668488056,254.95723907184234,387.5494849932894,155.588719547316,277.7201554275238,284.54668820530406,432.56768320743885,497.34326223149617,88.53594295544718,442.9669603455357,537.2332745200354,367.87171435627357,107.64111283701791,222.08848888610186
2020-10-21,25.61420738105059,341.4078748026237,254.474573912492,388.62064963447597,155.457156741432,277.21459321125985,283.37315644217375,433.231794342539,479.0183268659566,88.63153498387854,438.9542638034145,536.5538099562988,361.9189248950436,107.7805424094049,221.61756257195103
2020-10-22,25.706241036399785,343.9355448776219,254.67921208184146,395.1531658039397,156.66318362687392,277.58833767129,283.2164710021646,433.6226705940394,478.00193957764833,87.96684934879724,439.893639569071,536.6520574763011,362.06905103922776,107.93602910099686,223.49340730507524
2020-10-23,25.900076105977984,347.49061136314316,256.58201542990315,396.47833750722083,158.4806612890408,277.06216752317397,283.2538254544441,434.644225688281,482.43301243217826,87.5710863606283,441.73776315471093,540.0033182874678,357.33979903373347,108.57223253973585,220.6907787436727
2020-10-26,26.08958362787532,347.986125196287,257.0769393199206,389.4768670903426,159.10786461276646,277.1109140237523,281.84860490675095,436.5446317249804,490.85128691382954,88.55849806159199,440.1149132945393,541.8710517633864,359.47228306973324,108.980243117228,222.90723155347445
2020-10-27,26.18085478864531,349.1113397539028,257.82799561299083,393.42275251041997,160.67132256740817,278.1634197003707,284.3088383885025,437.1257582952497,492.59725699626665,86.84400173508773,441.1727864270858,540.9838712283549,359.38949400381784,109.70290378982956,223.69808964652597
2020-10-28,26.271969136156596,351.01331489738874,257.34757538231696,399.3667447381675,159.3522777591092,279.2810534295944,285.5546718184006,441.7189307700448,495.3569478627002,87.38305618394543,445.99121026562307,549.6190906952669,361.22517288171747,110.46299293669826,225.2227248869677
2020-10-29,26.15198775587616,351.871705878502,258.5538480092797,386.21775829870006,159.03714245108816,280.8856532978101,286.1325587722007,442.7210495050739,489.5447244335929,88.69944866718568,447.8025091861883,550.3009974502199,359.6513384937314,110.79678291318207,223.47966699390633
2020-10-30,25.92573224562688,354.7834601434366,259.3503556598468,379.0708156365666,157.46804155150488,278.6328595565956,285.8042434491186,440.15422109722255,493.96168449104096,87.52777974500829,447.2169960501749,546.2781640888378,361.01987091014996,110.57982290923294,220.997664766791
2020-11-02,25.782724885214115,354.3173406174293,258.9481815978543,383.9327802742401,156.9633375399341,279.93515926412795,285.9614235129349,440.17526951532756,497.4269985146138,84.09592094163602,446.59962941209807,543.3907485416051,360.34499291949203,110.79315275179862,221.1714150153036
2020-11-03,25.770719436637393,354.4846983360693,258.9026228954259,387.52756317613387,155.52661021645974,280.3479143429543,283.9528669911386,435.865035454722,505.80090222691297,81.97255781110277,444.87959522523164,535.4350473260464,358.2710210069866,110.87978589359467,221.18975356858326
2020-11-04,25.861935232517506,357.4031019125185,262.97756811113686,393.7786488926017,157.77092813968892,285.5474968478929,287.1919115283671,444.2704395742881,508.2937135953258,85.1457647525257,452.9566419791844,528.5729904808995,363.87232298949584,111.97540586900136,222.95478915372715
2020-11-05,25.717063437529355,357.27581231000977,258.83452724121895,392.57953222840933,157.2477094183902,286.67468802203024,286.3796717657405,445.3485898111843,508.2646560739942,84.98117377241508,457.32885698027076,546.4399516045778,362.97127686997794,111.26799000078127,222.720542293476
2020-11-06,25.488591853440397,353.76017360909685,262.8748830316668,396.78406414328117,157.17053548021005,293.35425811631234,286.22752033405885,447.72013956540354,507.6220302927747,89.62597428514857,456.3211975323575,544.7660565900734,358.4927042895839,112.96485833713373,222.44689857073274
2020-11-09,25.456316253365628,351.58039117194676,260.08557356592206,375.7868974352584,156.0433487755318,290.7850339794897,284.23770076210025,449.2761136322597,506.5908838424263,91.41818488000878,450.68814292991306,528.8320788791226,354.48208682896694,111.75226382429118,220.6500989720672
2020-11-10,25.300078279369366,345.1007443482108,261.9286611753115,373.8648287566792,155.7405217021008,287.57957951494024,283.9801168880328,448.43425085644986,499.7667479340488,91.98129739453746,449.2864700357801,534.48031211621,352.97571603032634,111.96962337479748,220.38304129383087
2020-11-11,25.37131979943646,341.8773263126293,262.8334114385663,365.5248770017568,155.6024769278047,284.1219630049003,283.8701884339662,449.1664648555745,502.17101927009685,93.79427864273326,448.12317387668134,544.2887373176028,349.70230455721503,111.49457708279088,220.15269428311225
2020-11-12,25.67767031929731,340.50151185507985,264.85823073438564,367.4600881713225,156.49923852545345,283.5423696379105,284.6235607778885,451.72000830900237,506.1535720672116,92.74527257001756,446.21494429256586,524.4086257050938,355.34998638407313,112.44946911634317,216.8531328519715
2020-11-13,25.858792618881857,339.9105898574838,267.75454049040536,367.8212990926571,157.70610569377172,284.1604453025933,285.5832570678289,456.6744860764169,513.3920669202778,90.11687590732343,451.58711849697283,517.0489828353725,344.5020158252332,112.77304015562582,218.4226300953463
2020-11-16,25.827868728393273,329.7169350239155,269.63165987433115,367.32000740188766,159.66071961145627,287.1693056538355,288.1855099948756,460.4513615338481,524.278738249273,88.90681268901538,455.38716784302727,500.40934951350187,353.6275265195541,114.07375510437784,222.1415286041149
2020-11-17,26.064018528417026,325.86180787020413,272.0081597429366,366.4626891873604,161.78258168431913,289.16030139571046,290.0564447810296,472.5385283459908,533.3032248825448,92.26204948515972,458.49168702958565,494.2481087071171,362.82945351709657,115.68757437850662,219.6200710743399
2020-11-18,25.947396278667103,319.3011371838699,272.44762560365484,370.75339483766857,161.36359720408058,287.8113229718479,289.33972486880316,470.04105721907183,540.7706468164622,93.2861312692032,461.9138006829072,492.4081581823739,361.1399178811155,115.86471802535056,220.89772600516824
2020-11-19,26.131213562222253,315.673132893629,271.4902643286192,365.2900656482632,159.92006343024775,289.3925331426656,289.0200167395929,470.0650670902356,539.6520702911996,95.6561727685462,460.0881400702525,494.88166650423045,360.8984429631166,115.49570851710965,219.62397348307826
2020-11-20,26.122738615267295,310.1871842547593,271.4196654859162,360.55243542224605,159.514751835613,293.2522602210159,288.1783185082151,470.57360201669974,541.4606940140794,91.80511768644371,457.32431846074746,495.76714441022625,339.12525775334706,114.60854616279815,218.48676048026857
2020-11-23,25.996234598586746,305.63437459208916,274.905947751067,340.04743963695984,159.74391083747045,295.306634354576,288.8242850648819,474.3895523414744,539.9699693728764,90.20830589960676,458.5314839839197,494.21166319665576,334.921958016068,114.20629110737683,216.24014985691537
2020-11-24,25.969418030870035,302.34913448203946,276.654801326631,335.0668539962132,158.6466814964309,293.625766534198,288.7392595332021,475.93564147773424,545.3817682990333,90.73975872124198,459.54741579089017,494.2945362490084,338.1012736416694,114.86997825693908,214.83940647945977
2020-11-25,25.7912211436521,307.9086904558202,277.09095851863464,340.28351881174393,157.41176665554445,292.4931286246039,287.70833580550124,477.77005010187037,542.913547471124,90.10984365609592,463.55722024869584,498.53785072244267,343.47335479260636,114.11881508805308,211.17294298024078
2020-11-26,25.866573782642977,296.94057147430686,273.95451531893775,336.49277524412474,156.1331551627922,291.03881825581436,286.4851141695054,474.58614214104483,544.9375343854073,91.4302826401828,458.1201624934148,499.0275649149862,345.5291983501688,114.46813731999045,209.98160373837803
2020-11-27,26.016479825714114,301.9828841684538,278.22227054380556,333.21378130360023,157.40922069064686,294.24493377600845,287.3725175516921,477.8753263146819,551.6815860207316,91.37182074067607,461.72778869887486,497.0297049923954,340.46383896699166,115.93471279526885,213.99142450123935
2020-11-30,25.67474962016413,303.1015953498791,276.6857585783048,323.6761812321851,154.9476429185856,293.7796884667903,283.92304368664884,473.354536753348,546.0430902924011,91.38255533300942,457.23640397286,504.79657533989484,332.519232268672,115.31137122728691,213.5106218755538
2020-12-01,25.69241877996802,304.0147469782738,273.76767321817766,324.33152299798144,153.4528812466505,291.8798814311622,284.047642656264,475.18025682352703,549.4471929238657,91.41428752199354,456.6007123493168,507.4078446570383,352.0762345607415,116.09381764661204,213.7131603025484
2020-12-02,25.36891286538596,300.9741678476027,271.4416507127798,325.2746009140194,151.59424104124534,291.94336957383774,283.1133697863904,475.2777215030106,546.0928973385822,90.3471041223006,452.3996014693357,508.69367472083945,350.30552288717735,114.47599228580333,213.16886014237576
2020-12-03,26.137337876858677,299.7497431076562,275.43398035454453,319.22839209487614,150.87843393558754,292.9569307717147,282.6325484039661,471.2322433141112,545.157873132566,91.23484505493931,455.96398252011096,513.9307201937066,346.58874958947655,114.12199133076001,212.90038305782778
2020-12-04,26.039574146294562,301.82423959240003,276.64757165136245,318.2389109463275,152.93016738224196,296.2790604981597,284.11081792513903,475.21938591610916,541.1504022520995,91.50279669400831,461.2198131090825,518.0223863100133,346.0089188202376,115.4303814289938,214.38363382900988
2020-12-07,25.761663301821887,301.40150136714925,277.17674072672645,318.67603258226643,150.69704931783207,296.4594621718106,284.15701696804217,469.3253513369322,538.0245331305586,92.01351217592381,465.2092234665491,514.4665904217837,350.5869641476853,112.8230668174851,215.93568432821996
2020-12-08,25.742307120389096,300.40238627826983,278.0345882842865,317.0905162801931,151.60720181757821,296.54456444839997,282.0173598137307,467.9982666766041,539.9886912432189,93.15296496073033,465.8542618150022,516.7883793093895,345.352932348978,113.90424797258294,217.15150295629107
2020-12-09,25.514870090683402,303.25022622354624,279.59199988692427,317.67203961562416,151.66517527813707,296.6396061218421,283.75178386778725,471.44596983210266,544.0683536973213,93.8440760127416,469.272560440521,517.9157373284787,352.5125526832335,115.45090138311201,218.08736565059064
2020-12-10,25.434433862515384,300.1487308134211,274.86477927421754,316.82966679273824,153.66208571096092,295.34983839540894,282.90026613510724,468.24188536238233,539.5684075051656,93.10074330246123,468.81952245472667,517.4231496299731,349.12068695791925,114.36036627380616,218.19465171378428
2020-12-11,25.54894965515612,298.01809492248884,273.9627735464176,316.6892117065815,154.75271077776367,296.08390408769947,284.26156890631995,466.4855852879118,542.5647871056013,94.25388725191615,470.8735185287043,517.7787957619631,354.08190617646477,113.74236081386637,217.60016816407853
2020-12-14,25.60880360986439,295.40413541151287,275.0980995092714,318.85555262620665,152.44521130986288,296.8214551420979,284.2907507313332,470.6889146764586,550.1585612015565,94.71504437247475,474.3818173562117,517.4296082569667,356.3521934459052,113.4880593731776,216.85684205012677
2020-12-15,25.520423044978752,293.83525968931605,273.39232295934767,316.162099894715,151.80702925062172,296.0574054398789,282.5901593787938,465.4051265889871,550.7473684934201,94.67806038877201,472.3880356384826,512.4091717334658,353.56569109058137,113.18918268748423,213.39640054273107
2020-12-16,25.37923522681685,293.1706438020507,274.70499077836126,315.66891436912135,150.68743065037842,295.50485727998563,281.37823876038766,462.97138582329325,553.1601354865873,93.483377709834,474.6767470775567,518.4058094632311,353.5331908733337,112.37949875396532,214.46881765430595
2020-12-17,25.528205801073312,292.7818063669175,273.48161080981276,314.9114184061944,151.37598714685763,296.9653515146956,281.9594522284157,465.7085746796512,552.3845088118804,94.20957991171427,474.82191962873515,523.0893624624946,350.77904077356857,112.8778971021131,217.96734781789488
2020-12-18,25.969441519534765,296.7334928701559,276.2682765815456,316.9196904244877,152.41557165214834,299.3080507029831,282.99837406484255,471.6345385198431,549.4196832927136,95.42385368228591,477.75520602131314,523.0603090074235,363.7705309909855,112.79690024562483,218.5213554295687
2020-12-21,25.95709331752381,298.81953352318516,276.5542366649172,321.94885932531025,151.1131651534167,303.7514738599627,283.4623019646674,485.24721455675285,556.5133728941507,95.84963833628,481.36457185582975,523.4196411610302,367.92671764046975,112.89200926416842,221.03005316853074
2020-12-22,26.286360483622563,301.0362989942621,280.569339025131,326.4567082955811,152.11683414324042,307.308869832785,286.39486144845,496.5552237957851,563.1394079973509,97.41385526497206,491.75532006787694,533.2848302836577,373.6691579863688,113.35127486345735,224.92835231710953
2020-12-23,26.34832752683819,302.856216183798,280.7506450728937,325.7037426730128,151.8663016187812,307.28804178293535,285.3775260955094,492.04754573705213,567.4890122615002,96.82636604866536,488.3022545720186,534.3629476267961,386.3467084883263,112.88179248985539,223.89433319408087
2020-12-24,25.978195310765575,300.1705717303308,278.8722338259478,329.701707917631,152.29666617291053,305.85627806901186,288.4783632565032,486.80695713285496,565.4964796851463,96.05853237610393,494.19617748470574,534.3474612324526,397.11746611230353,112.7031020120377,224.7189649599095
2020-12-25,25.633978052289997,297.12422552343554,276.08826516496305,328.84119991147884,150.9612305208592,307.6013486492637,287.52480072893934,489.6128014561629,564.0825356536872,96.66507970266267,480.4719378529826,534.3111924041784,401.45873985284715,113.32479642107167,224.4169780288032
2020-12-28,25.34417612099296,299.6456992138012,275.4588092464853,327.48461653407793,152.84846583901958,307.6950169236341,287.04288550337463,486.35194447772795,566.0009626891476,96.30800462594128,484.70389250627306,537.8638767909398,400.8612758455565,114.20302358204735,224.14259385244807
2020-12-29,25.135608997241977,295.3371410643208,275.28519162024355,327.7337095393079,153.39749958746387,308.3282866162155,289.05183983655854,482.51132164082253,566.685623242952,95.49887463454178,492.57778753926954,533.0753022468508,410.97410559643833,113.26472928575426,224.31433271740767
2020-12-30,25.575065051770007,293.01549857980626,273.3265000688255,329.220573167895,153.71315406587772,308.2279469533182,289.239846237587,480.00536857222977,569.6128464269714,94.9741415560503,497.575002930392,531.6968787256345,407.20823270901985,114.5031106811482,225.57648645324275
2020-12-31,25.289511408733716,293.13275884597505,276.1571489320407,325.18623620329026,155.6711354978633,309.9557413334515,289.44916682047574,481.15947563876995,572.8210213648141,93.3204241084811,506.7546651921892,535.9138353571208,405.5272215194887,114.69589105616876,226.1924824704427
2021-01-01,25.509628074946278,290.89247420226997,275.06059308294283,322.82153929289706,155.53532395797427,311.81626112558786,287.16765245548703,477.9451875872752,566.1953026057738,92.36284737361252,492.69583505800296,528.4144843110641,415.81919951151485,114.26670669201847,224.937635624365
2021-01-04,25.360124755822234,292.56622090941903,272.05336683116263,324.05858517072744,156.70390579565856,313.03768982182186,287.4491559820726,479.18212661727995,572.5399985699167,93.29846530827277,480.772996408514,532.7403597759317,423.3088985970381,115.32415991367901,227.59467438611205
2021-01-05,25.18479138077493,290.5862675186826,271.67141900258906,323.867093089737,155.16422925268344,309.5924977250007,287.0005686334443,475.9999926974351,571.0349533590869,92.77695293177786,465.46774153694764,529.4705427822416,421.5911915195954,115.23106290996016,226.14894940552873
2021-01-06,25.417597628053667,287.1604696110452,268.6671497452488,321.71761905043036,154.51178593637115,309.0180475509028,288.3241050808356,477.6147815684646,566.8879249280765,91.75994104772022,458.4726909716707,527.9380037038329,428.92572588064183,115.59848317258799,225.14177526475115
2021-01-07,25.561653788187616,290.8440596357138,267.1292291927886,326.3256601233875,156.10544307389586,310.7499350599407,289.83946618418156,481.0781252297604,569.1773844193301,91.35563474210467,454.7934108342838,537.2994590496369,427.9758988742647,116.38610072748966,227.81125154646887
2021-01-08,25.5200619878305,291.64721774616373,268.64203343517397,325.18373552830553,154.66752734317137,310.5578069020745,292.7080137262222,481.77546639090997,571.4882683040854,89.56339234252783,470.9658063403585,538.0771967414524,426.8696279269822,116.68904526622707,233.18102108790603
2021-01-11,25.867236430928916,291.69146355024895,264.6985011410456,327.82938458905454,153.73865323280208,309.9063188784529,291.0987768511807,483.16977110662356,569.881555097562,86.95968780349949,469.371664306001,536.4482880989023,429.36142416163716,116.469045566145,229.8212995820823
2021-01-12,26.034311731816757,294.4697758694755,265.4923077490663,328.33327781566254,155.6818805513368,312.68910799885884,292.9626683457191,489.49095335104397,565.2800955079407,87.96651472602133,478.79884506710954,539.8047189732871,419.74697694233447,117.44190615934318,230.95491526357475
2021-01-13,24.939222709487254,294.5342861423538,265.2103015815741,326.6383444751371,156.8323689968263,311.9063569451662,294.7603928974712,488.9735341653193,557.8378800190933,86.40857882139466,478.57767025505336,537.1683088103989,419.95829653617653,117.20108744438626,229.06962092663588
2021-01-14,24.67395352484749,292.22519495506253,261.5900396121599,324.1384831725405,155.57160192887974,307.27385796557115,293.4114669196988,487.55447319335457,558.1897498756982,83.89565314157002,467.752562417033,534.0597700541466,416.27414654706,115.76118602704587,226.32155095856936
2021-01-15,24.79081695385368,291.06716260136074,263.16170332838925,326.70684434526066,155.36506886435427,308.09622073448907,297.9479780893368,488.34391146925134,561.3797499873243,86.57806984123158,477.3018801525785,532.8671413667853,413.847080807468,116.39601943277677,228.267185220276
2021-01-18,24.788874173092204,287.29070877378183,256.97667475529136,326.694770706884,155.04185395765737,306.17665443097786,294.1153847878472,483.08360020525294,562.5658614993355,84.75141460642621,468.0295480889584,530.9365328651348,413.69088715233266,115.57074366992711,228.54810284781877
2021-01-19,24.967766983095625,284.81341412201033,258.98745377187106,327.5744911172287,154.6993488679431,304.71432195009197,295.14765459179324,482.77039951841084,557.9684990796551,86.17739395790952,451.11860721236997,527.9624210037026,414.21201558249436,115.28625307855468,228.44896212339378
2021-01-20,24.71151771953375,285.353441555407,261.1412898940677,325.3084366317751,154.77457407819415,304.83684670818667,295.88967898281743,485.19208787552924,560.1939559731529,86.39215435642451,452.34476997667906,529.0002564799887,414.62707869259464,116.21445826214405,227.82567258848087
2021-01-21,24.750736666621734,284.38580596128287,262.75351942380354,325.458023815359,151.6986101817344,304.05012284734335,292.98086139412936,482.54804664006116,564.8471999536008,87.85026120913574,461.21092077317246,528.7343008837473,414.5404410178733,116.25701572970436,231.78576985210705
2021-01-22,24.72403469882229,286.20063251519576,262.5306432216241,329.03764590017835,150.8081231387512,304.8780394726729,293.472441608092,483.3846247157175,570.0886566327898,89.43805752496853,440.90962202749216,529.2158197285074,413.28256379841037,116.70478635069688,235.95447716152236
2021-01-25,24.53537200933758,284.2964397369358,258.95060372241096,331.49900641690806,153.37052724148185,300.75343253609833,293.609191821706,478.19086688019854,562.7360941299305,87.5853801836691,425.5950499849566,526.7077280956805,415.82077398164364,115.76807961263663,236.5789817156719
2021-01-26,24.94863755001313,286.0104139279962,263.5057103618839,336.28157088710566,158.8859157148793,300.69655396412276,295.9708030545708,483.0669797160061,556.4253685951461,84.54566140804629,421.54371531006177,525.0910236558951,418.2763090614933,116.24003586073079,237.69287119745044
2021-01-27,24.53696460461193,283.615378777147,261.26932388016394,332.1791932352829,159.34662433675902,299.6293036935177,291.7209563370049,479.25345120011406,537.5164004476335,82.52661865048053,423.83097570205257,534.217586718074,414.8205796108386,116.09911156040883,234.19914008897013
2021-01-28,24.64530846287586,287.07889540396445,261.7855481563939,337.4534816412509,159.86932937175845,301.47501838263514,292.8218903372047,478.29993224592386,553.7173558238178,83.26754479173692,426.00871686662214,533.2828632362241,417.99051506769695,117.31609601662348,235.12779141349893
2021-01-29,24.961971241671062,287.12823413071885,261.3549841463259,339.4567369578587,158.8934849849757,299.6346062846659,292.6166579372259,477.81952318142845,550.0953816571705,84.17419790146367,427.92328210369374,532.2657884294046,417.80502592988876,117.08784076303454,236.31707872986368
2021-02-01,25.1063727220132,288.6221362109505,260.3870788010765,340.6361174124897,160.49399519861058,301.528291794358,293.4918437838568,481.36272085987605,544.7644389750025,86.13031222490456,432.4742258816047,537.4455193992401,420.3960089566282,117.7182913334221,236.06827437309136
2021-02-02,25.244864838162812,287.39680574654716,260.71285639162716,339.4287254337501,160.58987241091137,301.2199389315371,291.7184573731922,479.2273093093996,548.355658282691,87.65323908090585,434.0092629593259,526.2638756422631,416.04826098550404,117.0242504905215,230.04665494022507
2021-02-03,25.065765690395068,289.66215215703346,264.52856838973213,344.173336541341,161.63001765199067,303.2007420799455,293.28146835655986,486.0803599842727,556.8143150325207,89.04900003035029,438.7352873691783,525.3543735969217,418.07987107082863,118.38772150118031,224.94565958071192
2021-02-04,24.948583647894726,288.94547503602644,271.11314504249407,340.33250266761627,160.74114165260045,308.3994327663295,291.86587282221734,486.36307578541044,556.9760797219584,88.675203248011,438.52443501287615,522.8416447714058,423.6146804438452,117.06471666891187,222.70434878583447
2021-02-05,24.790165309267014,287.1162672375584,275.010859048402,335.7058528007371,160.62702793823723,307.4814215264191,290.5739538288091,481.81389875972775,554.4556509920294,87.81491332649395,431.9414793504765,523.9366582082223,418.68076915708093,115.79351915673604,216.18527785744465
2021-02-08,24.953829634447406,285.27008800386733,287.41979076988105,337.093639211782,159.56144825602124,301.52293736331444,291.77092168730053,485.8647460091881,553.7531468355418,87.7114400868314,428.60620876760885,534.7914266360103,419.2079540053321,114.6575750250844,203.6708082225522
2021-02-09,25.064104990576425,291.5643088891775,289.1507229469694,338.6328093913857,162.44780728751385,306.67217702443014,293.68007821186814,490.25099434548486,551.9169615332872,87.8166391110996,425.1263175914576,536.7123820462367,419.5843849274368,115.06037919142348,206.95221231478257
2021-02-10,24.93707022452535,291.7800323362303,289.23385571396716,340.26419055663325,163.67373841198636,303.7388347448572,295.54259333757545,493.3809058510761,555.6714978920675,88.31404156320352,429.0341333648698,536.8961559751417,423.94602017363496,116.39711008533261,205.47688022851136
2021-02-11,25.269048730952495,300.8461844061725,294.22774544454154,346.2530305199752,168.96237953603745,309.2911611267005,301.8140605077306,503.53401272287965,553.7060842431828,90.66853558475385,441.4818282603338,549.3625240898745,435.58875628708654,118.86964901057743,222.8658174573631
2021-02-12,25.16424366881571,304.269228254416,300.0708750736328,350.5999682077073,171.49488089826477,312.56825915916505,306.2427518692224,517.4849745118671,551.0313053730611,92.93271051511896,446.080940728835,568.685640079041,450.75603918404227,121.78808637984838,234.47455708558786
2021-02-15,24.735742933871855,304.65874806782796,295.33600256185156,346.8885726325256,173.28328595583125,301.18993752469873,302.91513801527356,516.0333102509513,551.0238432896845,90.73228689377916,432.1764366049745,544.8428367705493,458.2283212847597,118.93080019282552,243.1004738017121
2021-02-16,24.618720881757756,320.9300158010748,294.6516938558969,356.4919281988877,180.39035248703684,301.71066969308737,307.7474613908372,522.5309718063379,561.2425145159852,93.2021702045843,434.03968260616995,570.2416266369178,467.1897173842068,122.29127015996981,236.37941211790368
2021-02-17,24.500395112042092,320.47809297730436,291.9642267664076,361.78155269479214,180.39007163204937,297.24256720056275,305.4916309510004,516.6869947700347,569.9583649785363,93.6319680883796,432.9102866232194,569.8893439741743,466.0865461794283,123.58408061908396,232.57358334790814
2021-02-18,24.271862422558893,314.0295503633855,291.94413568510015,350.4112850699131,180.18853136783488,289.2143849178706,309.3401729414485,511.52686812751114,540.4661045034211,91.60275916519575,436.93541468590695,566.8595022277583,468.6294013352725,121.98775911857994,221.29190658874467
2021-02-19,24.683962819801533,313.51782563638835,294.0269824147683,350.28452771168696,178.2949270481569,290.18298755831387,308.96550318716845,515.5009158388136,526.1070277660945,91.82130986982513,428.2964843144265,568.8016840553363,469.4707635287227,121.45481946760124,247.22447207056342
2021-02-22,24.548034693188594,315.3116367803929,295.772076066048,350.23687364152426,172.6955552395394,285.7339212784492,312.5353810046196,519.4186501926866,528.1776905803512,90.41742594788663,467.3879176024478,567.9297025043438,470.23484232703044,121.31206924324906,223.64151751216872
2021-02-23,24.610929602951952,317.2578194860481,299.95055042002457,352.35880090050404,169.69288220781726,283.8753236649185,312.8167862128916,519.206171936294,539.9580166326487,91.85551788859235,471.18334352474983,570.7739364182312,478.89978997554186,122.70138151826876,214.5932018729204
2021-02-24,24.454436234546343,319.14165102354275,299.88513263934107,352.52403757540515,167.2347311740438,280.30139164934474,312.6850053546463,516.4699350109018,525.0027408693387,90.99882911857055,466.8537006543936,572.5648153786613,472.0342499916034,122.27568384685658,236.37824896876202
2021-02-25,24.267500675814695,319.93229318247717,298.2763330538957,351.8337382354432,173.60893293937113,283.53381126091597,311.61695817527465,512.5564341882939,521.3434500138488,89.80211165732055,454.4948398642877,568.4946629626274,464.96587418744366,121.88957798223495,246.95413004422767
2021-02-26,24.093532850693425,319.4355313416279,295.3722871127758,348.76220491219067,166.69429486589792,295.3378806735573,311.17675490496293,510.7258024891188,528.5716052344685,93.5032755399204,449.1363807872614,565.9270766095661,472.36539186068603,120.32130756071514,259.79788816945916
2021-03-01,24.302672574094263,323.7869243334614,295.48086699753514,356.44091626695666,167.04478705655725,296.1082719789816,315.7665228469474,515.7360034841448,541.1219530645749,92.95538226771674,454.9263000084431,568.913231383416,473.0592535251032,120.16734923674471,270.99985506516464
2021-03-02,24.211528510855434,322.87117280044475,296.1274174753189,356.6717218699807,164.01509838229083,296.42096165005137,310.8439512613273,513.4378346047935,552.6617607967924,90.34623810283881,448.7622279789842,567.363624978774,474.45077559925414,121.15069449528372,256.619231952355
2021-03-03,24.77358068606388,326.55273844365803,297.7227291197631,357.01601732860024,163.8274271142363,302.2386779965684,313.2066971525014,516.8536555285276,546.5863333909925,91.8041404997481,451.6196073941574,569.8628546731013,477.38044216365284,121.25452832383309,251.41532187477088
2021-03-04,24.318026105608887,324.42559096682277,290.42994035834425,355.3456370264814,161.43212732120517,300.1293601933691,312.4696398071957,510.8792896671602,535.2630759915239,91.6655740026429,463.3107130324782,568.6794097693513,486.0166413875853,118.98134863235576,248.20117160733477
2021-03-05,24.291816008518335,328.2511499910956,294.50347174805125,356.3493812281344,157.55361008025832,297.3522137711825,316.37297341935647,511.722380102867,536.6176410986808,92.59921082299256,473.8589172762837,569.0745944144329,492.3348927139759,121.61367636310517,259.1009868271761
2021-03-08,24.114425250987676,329.43469325889197,297.82864759465787,356.92811401597316,157.51249251376254,292.85672514520695,311.20274931478815,508.62359460241584,531.3121037885662,92.90095715167313,480.1552466295626,569.1710290049465,474.8755788092412,121.6962580984816,262.30485086996214
2021-03-09,24.30065408369914,329.595839015499,293.9790795668584,359.94186951991213,159.23167787941674,292.60128356073585,304.49934490297676,512.2980821181748,530.5092844189014,93.94841121650894,483.83925133683715,574.1098165565868,476.33037011069393,125.38281296441002,264.8820548172085
2021-03-10,24.193070726394264,329.4095454159569,291.8986615725685,362.5533301449973,160.61850407484337,291.3775885874353,311.8367383582528,522.1141531055473,521.5710641311018,95.70046707732193,495.3245195706059,573.0463261334266,473.03553160766467,124.51048767271358,282.4446943868477
2021-03-11,24.027296609953794,328.1513533802211,293.9809082368045,364.3877979911856,160.45541941422587,290.50539918912335,311.1326007622971,525.4724855986763,516.3480971919203,95.61417613751252,492.09757983542704,570.4558023748334,441.34478231962174,123.42571098281768,296.9383898930374
2021-03-12,23.134648906017393,328.07942833440933,289.8322397230039,362.672352775994,160.33619123021742,290.81512312970216,319.627246913121,524.5742072933816,514.9666522423682,96.10270861932251,503.841214299575,568.844485546737,453.96238704672663,122.29449319076983,287.71136296294173
2021-03-15,23.74029483075102,331.32623989412775,294.00276060030745,366.3664944339522,160.62368411941642,293.2843762487364,319.3041428526103,530.977457204193,522.0944062576459,96.15012566114292,515.5907092419669,572.3376699204056,458.6850308961957,125.66138132900375,284.39026324906376
2021-03-16,23.476691168008834,330.60310521804513,284.8217175261246,365.60187025266646,162.4343105165966,294.76511110292324,322.4079287954335,538.2939952237322,523.8547387843912,95.29964657525463,520.7337175418309,569.2073969080144,471.9839159377249,124.21859232895967,281.1391990494007
2021-03-17,23.512388336863804,330.93928713973645,291.7525838218359,362.1474725695274,161.09811822047647,293.5286338365517,325.8934257710697,523.0232192597811,516.84999847911,93.06733230527085,514.3947127947598,560.7365435205628,443.97302142398814,120.92043410420376,274.7125593803188
2021-03-18,23.515180331400863,326.20193305776445,282.600190819098,358.8663662177743,159.84318174760483,293.04843402371256,328.07993240347656,512.9503197612709,506.4212274425937,92.7832771481781,505.74361156775876,555.692240524106,407.0444270654827,117.62820948006842,277.31158917006195
2021-03-19,23.440034065867206,322.54180007538076,277.5949295637453,357.8662384397292,158.15663907206974,291.82304257766447,329.3717594945972,513.9973065970906,495.14492785133183,90.9122957348494,498.41874315731667,554.8204527640112,430.602597722004,118.02872810557531,272.8024796672121
2021-03-22,23.91628946913939,322.8422506586102,274.2282837322064,359.46965234318617,158.54336849286403,291.9738373827899,334.1155428280563,513.7186022280397,485.5246428289912,91.7513909829381,496.014121891562,554.39867674691,444.168448341427,117.08711707453904,272.67677054216904
2021-03-23,24.11946976409753,325.0852276139458,274.5934871628658,360.64379648090994,159.97772457164396,297.8068877092003,339.99388121251786,520.0029160601222,493.1006116516153,93.25769002731228,499.9576180187535,565.0425938330761,451.4724570930924,118.0200853717393,281.6248731726529
2021-03-24,23.346648066081688,319.20155541331843,274.4690865364624,357.1953216802958,158.92372564652356,291.6197737160867,341.5923132336994,509.88075493868274,491.0127415066596,92.4833939367341,497.02809931504163,559.5594731272961,464.66516736460613,115.86372192281998,278.03084537035767
2021-03-25,23.351881955321527,323.4116236979115,275.47351364588803,355.53266567069437,158.57081518609306,292.21525018927053,340.475904752145,506.6355919006072,494.41809007594014,92.16808939453918,492.40296634689,554.89735423049,471.3732458066374,116.01351840512098,272.36524348719234
2021-03-26,23.032189405686157,327.71869255110147,278.4527724775039,356.0772898863858,158.8857847600214,291.71372252123473,340.0885839194061,507.1907403102476,504.1529789489246,91.1812033098058,490.9568393466484,550.9027414090255,483.87640839217386,115.77151348529381,269.28583685668025
2021-03-29,23.15966654409022,329.59987215618514,275.64600837330227,360.17377315323506,160.27076071631572,296.6507605828468,336.93936231114856,512.3498391486524,493.23910107478287,93.76959484923073,492.4677996617391,559.5667326390051,487.53759486642673,116.7021888611616,274.19778250810833
2021-03-30,22.803668002436453,330.0310863245215,277.28203098865237,358.79434542868916,159.8960330717455,298.66720404037034,339.089537512863,508.97890357998926,497.03979874531564,92.9290302321179,489.29496008620885,559.7682234693428,474.26088662258985,116.15086943471022,274.8395713555811
2021-03-31,23.372163920184473,332.3517642731318,276.1665276875316,357.57564654931537,160.87409306607563,298.8425817728162,328.84029752300575,508.70395360822533,502.1921085678877,93.12101587183,491.0510054013832,560.310363442909,459.842321312026,115.07620109685537,273.0999898304102
2021-04-01,23.410009181772793,330.2156519173288,277.7827882203524,356.00686982708925,160.2597462313509,298.86143477448775,335.16943837001816,513.8880941270969,495.03827764413586,94.33904236697484,490.7646073573125,558.1843451768235,466.92277161504853,115.91257300149829,267.44107604987255
2021-04-02,23.504369071143586,332.9691745305867,281.7318026649603,363.1707923629554,162.07736977077036,301.7053250524676,343.56332943368096,521.2086207632691,491.5061208763991,96.07169198697585,498.6285265536369,566.9470373384557,455.7869650333358,118.09140702217684,276.16728567943807
2021-04-05,24.31777048708771,334.03477491046783,283.37266005219624,362.43480954340043,161.62834545285602,303.10683014305005,325.1292194632961,521.9615027087476,498.68489086846154,96.64226002797619,499.3631682534933,567.9469615698754,450.20142722260914,119.64491567348563,280.53850144963815
2021-04-06,24.607716905736368,334.61649339283514,283.13398293043775,364.91003252521,161.71621795843754,303.6422468655144,330.90522363240825,524.2663657449608,504.21745095196445,95.99918718422582,501.27172785797103,574.7639649383597,465.01850102718646,119.8836925446743,284.5984216248987
2021-04-07,24.599311873702344,339.4762225694864,284.09974362601804,363.1307381150751,161.92364019561245,303.96476945263225,333.43347294019384,525.5234789329387,507.47574095562976,96.29311637156093,498.951455242324,573.1913924702327,461.37486577229674,119.95024950336226,283.4634413307263
2021-04-08,24.735495492353916,335.9681330634612,280.6657893890895,365.8154537211122,160.97857727203274,304.2705155282939,337.76622683844596,522.8586669307122,505.2317007119379,95.86940281499282,499.19535608523387,568.9132243278416,458.8384750817494,119.64763481985388,286.20277900297384
2021-04-09,24.834561576057368,336.17256805079285,281.2218236514128,367.7928588694498,160.11629186860307,307.5540093767143,338.9119428016657,527.0617751642418,507.62985791081064,95.95190156016295,499.2706223937808,567.616292816221,445.3614580626787,120.42093524150964,286.7946233025647
2021-04-12,24.432326460786555,332.7464905159877,281.1069373660885,367.26093993720656,158.41843094203654,309.35679586277803,330.67828743170963,518.911904767636,512.5799515457302,95.06676701021702,498.65540560081996,561.52358530939,440.2456771388895,119.58712794984413,288.3507893955743
2021-04-13,24.4186799097408,327.9771901571019,278.20443726710215,363.3023913577971,156.64974319126847,308.5111933639037,327.75863082852163,513.0796089283439,500.4514908888517,92.81965283914059,495.23226090834237,557.5375553694829,444.46444635201885,117.88937722863999,280.7035123831794
2021-04-14,24.366918993404294,332.4498165018632,273.6861296590615,363.4311934502605,155.91134168575113,308.3574168224412,325.56796909657146,514.1602331618749,498.879960142197,91.31753825797122,493.86317422848265,556.9466075636408,438.1824954907783,117.65852604232242,283.0949115168792
2021-04-15,24.355920243974396,335.15501770287693,274.0267531211388,362.4514340033978,156.4909905065185,310.3317912065899,335.0466588556061,513.7005778993351,500.0482149598582,92.3288462789772,499.4542985780985,555.2817783396589,439.46191514230037,118.23321305469504,285.6015615503216
2021-04-16,24.45534175869381,338.7728619337323,275.92138532090024,361.99014672493126,155.74277734743023,308.8378439811927,334.02472099590324,517.7634381451453,500.18845670740006,92.22995949362118,495.4766437851549,562.4527672619487,435.62415987971394,117.81774062990674,288.2986071143091
2021-04-19,24.62745147773862,334.53267005662235,272.2488630076878,362.0343281207243,155.70332356572823,307.3242533706989,331.7881899646094,506.48129134716413,511.3544631791605,92.77299562847526,499.63798722125773,566.0482324954739,433.94830191770666,118.02734949090352,286.58042367617526
2021-04-20,24.120922366335627,331.06638631050276,271.55518820878524,357.8474858088693,154.12263072823876,304.250112323064,330.77246441444396,503.0980082293181,537.2230056215618,92.05156641477693,497.4415644771808,555.7044959710605,435.775656850908,117.08374087495983,284.8610689702216
2021-04-21,24.643190457123612,328.4114956043547,268.1169206584653,358.6976330852686,154.81567804944044,305.2345869600336,331.99049899571645,502.84763791649016,558.0139319208192,93.6856927339026,499.752211738056,550.2867961643956,452.10928214026995,117.99022921485818,286.9809790928401
2021-04-22,25.048975373953688,325.3929650810528,266.3327271616596,360.505364762738,154.01247842585227,305.28442274082613,333.7719438514723,505.8572815691572,547.3638559156628,93.7665475777082,499.25045449765,548.5716273976694,447.9809756590234,118.6600575770504,287.93040641200434
2021-04-23,24.950291644249,321.98752418950465,260.78402481515326,359.83340053355374,154.27513983784846,304.96942175269265,335.39433194256185,508.79285405792797,570.9277331346616,92.86364319639118,498.85472895178873,551.1645649901877,444.76200541082085,118.39226507405937,288.53187410085525
2021-04-26,25.069815943024896,313.1577181510223,255.00282551174433,359.44520234693744,153.8770397124003,306.02514326183075,333.99581006528246,508.99223818834474,556.3499165035677,92.13455610580326,498.3032927638804,549.0327060899815,438.88240227113045,118.59272443881022,286.0678874411703
2021-04-27,24.89780713276982,309.63797228549447,247.52814715323956,357.7920769475654,150.85894128828835,303.60014327588107,333.1194549335762,498.53924539936355,555.2200327887854,90.41476999168162,493.3779005050493,558.8138651859871,432.40725220463196,118.42990355078122,283.6756891612522
2021-04-28,24.777584280508723,314.40495745484407,247.99316079161716,355.9566793939759,149.66300077989717,300.8664128236041,327.93592712447247,498.6155045503274,558.416869771594,90.01830414832595,486.96171022694824,551.4088656131078,425.31363824523766,117.52091396183533,279.6717863007734
2021-04-29,24.85203424340345,316.0927104915986,252.68821210341082,353.7618017385779,149.78844526215235,301.6545130608337,330.6548277632902,493.8321881972897,559.3576545719602,90.00355142132918,487.63185522180015,550.555139404232,436.7341225464538,117.0541101979053,276.55614644354836
2021-04-30,24.760661638186075,314.32350372402504,254.14893640517474,353.54937959684685,150.9474405405825,302.52708036989907,330.86318262791826,488.213955616402,568.1156098967012,90.44430857424038,494.4226113799308,547.9651128119476,445.19001018792466,117.33221622187985,279.96566860911656
2021-05-03,25.143263439738682,324.2751649081437,253.20841202451498,359.081028879028,152.5072910316285,302.48433973334863,332.21198719578973,493.5510609082293,559.7172105368776,91.13447844608747,499.3530876558603,546.5994658319323,425.4807218151455,117.7989524509545,279.7319930148678
2021-05-04,24.735429501835434,327.5036512103584,255.4762459898068,357.80616094989534,152.9026511362719,303.62064123605967,328.7908122892527,490.0633519184093,563.2174263075779,90.62117271310721,501.1524023328207,541.3416657491351,430.32966692858804,117.58856578772199,278.6355485429321
2021-05-05,24.988539351461792,311.52338392750494,253.68692045886777,358.65070716808617,154.24408359076827,301.1240056933753,329.4240164231036,493.86609643617794,566.881751647986,90.5386765833156,500.2568039697977,541.1160058383372,439.50046551449293,117.33157891745628,274.52531165430963
2021-05-06,25.262215682399685,326.5369724174843,253.3574519087301,365.05927236016595,155.7947403926342,300.3611246460716,330.2734231913494,490.99639003395276,572.1002353334035,90.88700609841418,511.2500125170656,551.4368553480236,429.49289962298377,117.22554824059593,278.71341421110174
2021-05-07,25.081617910738107,324.8402011793604,254.18772348603838,368.26951282205937,154.9151848455324,295.7150102167468,329.68912934980983,485.83358718253464,572.1941528865251,90.9802334210044,504.9293911026325,572.4751245629953,429.24003546784115,116.96741595836102,279.13015645172993
2021-05-10,25.30565507561557,318.86869350838924,259.361646052781,363.40489879318596,154.43118451297158,292.1692464244653,330.1660584352389,489.0500150134679,572.8151035692712,91.41073535940295,508.16758457159904,570.0675700752593,434.1723195526012,117.05217424766494,278.5275046569795
2021-05-11,25.03329219050719,319.6809696687993,260.97472440016816,359.3138842296099,153.75921716228177,291.63722887429765,336.7668503506364,491.0260663017564,570.4865593091102,91.23678724403511,512.2571808572266,567.5542120415623,417.2480279841449,117.68430221953768,279.12097936608257
2021-05-12,24.74322402507511,310.90880345517246,256.63919846872693,357.0182123968585,154.1932185941663,296.4038631527145,337.5921793374195,482.78981698749993,568.690461392221,91.74516258063765,508.73908967350593,572.7404550410913,426.17306793961404,117.85250674882627,280.124227097274
2021-05-13,25.07016399790534,303.0892375643923,259.6037860034266,349.1427984111751,154.71415081198862,297.14066286277244,335.3327502954002,477.18398284082696,571.6945129081414,92.36285767372115,507.7391074111894,571.8946570224039,441.5502648928764,117.76674746202968,280.84276898139643
2021-05-14,25.293013542821452,327.0407398820209,260.79842959935735,356.14623795480634,155.5695668852209,296.64244773417755,336.37531531655605,481.57395332015665,575.697885585184,93.11168945893435,507.3514337583779,589.6704563634414,431.99508296112225,119.20910305802794,284.6525351236077
2021-05-17,25.3044969711943,326.1784914220679,262.51039732881424,365.888857170948,156.43631334795106,315.19630717823935,340.4520044220581,485.2899235088185,581.8769142261939,92.46261318538937,516.9527067681107,578.0714687379233,448.8214925194654,119.31014593363753,285.0576443385668
2021-05-18,25.84128391985429,326.5517646690499,260.9591652777236,372.3571525078531,156.42219606015775,325.7845623098609,341.89235343993624,484.2028667048403,589.4758677430845,93.44102837614058,506.849866682897,580.3481992102974,454.7244737186763,120.12379331079602,286.44856345752686
2021-05-19,26.0119399476454,329.4279147430415,260.67839791096003,370.48955223110505,156.3099865798022,322.32568842643707,338.8518830621227,478.46394388444924,588.7285172390932,92.77797176054246,505.2874447680083,590.8463138438349,452.23329201277426,120.11068202460352,285.15748814841453
2021-05-20,26.329330578801763,334.6965839470117,258.57570215175093,372.58965785209193,157.17658729515696,312.1462756115563,340.0622032211772,468.1176068880733,585.9797878831847,92.33778479495906,491.2944369409883,596.1481044393316,452.5765237905683,119.12433432755805,284.8075434663841
2021-05-21,26.739718188216987,331.02000164064987,253.18041447177427,373.43912137837805,157.32819721215597,322.20395427939764,339.9232589239035,471.1851676393489,586.4882586182254,91.67760112027352,492.872645245197,589.2152295452414,442.3355471037549,119.13826761546318,281.7425077817102
2021-05-24,26.792791639866614,331.624772837407,255.2653110734253,366.6172171110597,158.02712786300577,321.1748687474292,342.8109423242994,475.8844542981047,591.5671465127884,91.33065458904021,497.43379621301824,588.585284100265,456.79851383806584,119.69376943648702,283.96882780905804
2021-05-25,26.339106694615506,332.57660183807326,258.2026449827438,369.9077942494769,159.16867954397833,317.6118095766809,343.936243200663,479.378926455861,606.5117679585867,91.11371406185805,485.7587058518284,579.1596042234139,465.4563404620689,121.2962237644295,289.08304020321856
2021-05-26,26.299756752103146,326.6212472781135,256.7740977728503,361.44338697924195,157.57585309966316,315.78627187682275,340.7574947815019,475.4925174296695,597.6262155234115,90.32626604752417,511.2201158399678,578.4216222021154,455.08055369140396,119.68306662573902,291.2598818701159
2021-05-27,26.974189277361486,330.9038097482051,254.15003216220734,362.6505420506489,159.81893352912215,322.0488049265537,346.0087692838097,476.65805111551924,611.5382006743987,92.17215862470238,484.8571971852218,584.1308190550106,466.5921965283592,120.29878304024228,291.70406454913604
2021-05-28,27.164962380841395,330.5845511757425,253.4409972024181,364.17844996945723,159.4644101773283,318.52905442308844,347.63915683513585,481.21938483453044,614.7968045868079,93.41371374755997,493.1723539786321,603.768227014675,468.00279199008105,120.76595612218738,295.0473882755899
2021-05-31,27.123912141972106,331.16590936025926,253.0923158859754,364.33501564986074,161.24021114715197,325.3962265734845,347.9465652808425,482.79729119870944,604.0461010764988,92.85381918062613,483.4449896645267,602.0344632482996,465.7004373969251,121.40727732117706,301.891755466369
2021-06-01,26.68469662353721,330.2965467314307,251.28654272038196,363.8928947554322,159.4403397310803,323.8489099480329,346.35095246190446,484.53381769709716,605.824799736408,92.94214521423513,472.62997373439396,607.192577137439,455.8887036151734,119.77302097293824,302.0489128970335
2021-06-02,26.36747866308858,328.33683433202873,249.59686733522403,363.68756146748495,159.0367965752897,325.43440711940906,351.9322209139978,484.4522387031542,598.2847025840641,93.06242746701564,458.82499929787514,605.4474726448893,466.74644643448005,119.3856557281333,303.26502687800377
2021-06-03,26.469906711683045,329.4028199140979,251.4772243887259,362.81380573362236,159.67259446608728,324.0742387278249,358.4456123274515,489.3663434632829,593.1617238232418,92.38407566292719,468.2449494486199,606.386247704117,481.17633654731685,121.4389712349598,308.9360290625565
2021-06-04,26.322918350007757,327.9751367685337,250.9910650110646,361.1298438929784,158.3101624182089,320.1873168265874,362.951326201883,486.1841127917904,594.4041169791966,91.31678096833367,481.62554893231476,613.8521971262367,479.87145321863835,121.07238122007158,308.6140580992791
2021-06-07,25.98470402540498,323.68090792541346,247.92002803723165,355.61988964021805,154.83772082189193,315.00388669528917,360.2109385601172,481.837067112079,598.9886110688603,91.28154471927547,479.9799121248075,609.4882131329955,475.6742161796032,118.48203656732147,309.5101294647239
2021-06-08,26.241331267912337,325.94152532935243,249.2875398584321,356.2777007856223,154.947974430828,315.44143450757247,358.4505791959558,484.4997345511389,577.8414547267116,90.74206631292539,482.74378348535737,642.3257131134492,477.8182117302262,118.47825018453707,306.0619194785647
2021-06-09,26.541201912689786,324.8878270852971,251.85131573397484,355.01770946638777,155.85715445845966,315.83476373791495,356.2849406995235,488.5866215047855,584.940348198281,90.60424060799325,482.6437184726897,637.5955511057557,479.08067754550177,116.89144149054033,290.219951961204
2021-06-10,26.448052828636946,327.23776947346437,252.73273008222677,358.1207847189885,156.86541886715472,316.6701604008232,354.4976330299433,495.69651780402967,589.2989075615608,92.95687049737619,487.089702191546,610.3474477830963,478.3264804667187,118.19146608252964,294.4111023832377
2021-06-11,26.393537641292166,325.5267392109695,251.87710555882288,356.67601795817484,156.9346127081428,314.3936260091896,355.45463077528893,496.3128894489575,587.5596996242087,92.57687494645789,490.42692760388246,623.0204373731461,476.8204665157489,117.57531673183234,296.4097289934748
2021-06-14,26.254592872187654,323.0848241679581,250.96998837588683,357.1681942617669,156.41632800569622,314.27508990466373,343.63138237229987,497.77746397259966,597.056125182773,91.91583763370349,492.8382730721179,621.093612004712,476.7717879050698,117.27125396179173,294.66695031229426
2021-06-15,26.2887170912192,323.01433991943327,253.53900068242214,354.8517462535172,157.14217310427725,315.76448525126574,344.10994574197207,500.4610927869956,597.038011775172,92.89214485481672,506.21989204385295,621.795652692775,473.06385770503226,117.83153645304515,294.5227077324898
2021-06-16,26.502662234144275,322.47309753010705,255.6615441084084,355.9845902168446,158.6690351408971,317.3902511349149,349.72749220758914,499.8686144984014,600.9713273188845,92.73251479618817,506.19655631100886,645.3056265109423,472.0662880286808,118.12082370001978,290.6383423528176
2021-06-17,26.33197005119003,320.4499979413495,253.3026434082655,357.7401898346359,158.61974247008953,314.09493408627327,353.107741167357,496.4529506504857,594.2507919361908,92.3777317221241,498.7264514390115,651.8115831317789,467.51566374224353,119.75361504207514,289.8739752716071
2021-06-18,26.346716255452204,320.3809214400495,256.9564207079262,359.57273163022086,158.84283816911096,315.83923758396617,356.9594703424218,495.8215024076647,598.3398449820437,92.29485496080751,501.17089211851993,657.1289870106459,471.824588134738,119.0356018881755,286.5077457802269
2021-06-21,26.342030166846484,321.646064813764,256.6281029486571,357.71938381464946,159.0707743941232,315.4902048441996,357.07210800777574,497.8352040693473,595.2751710561213,91.72601254987663,499.0455825679881,663.6105279932289,478.9744649978393,117.62363342156922,295.0623900363887
2021-06-22,26.317603039448645,321.939279389814,260.0819437877733,356.03070400347053,158.99250228500495,314.8347176046961,356.95208502761375,497.74968324259646,593.9517074312487,92.54528165774187,493.455597917482,668.2150321398775,478.7846004421015,119.03804217183131,291.1348286191092
2021-06-23,26.438851910179718,325.48266002654333,258.34103654107156,352.87939665064266,161.06422928112,315.14973816381416,359.01196340296383,499.0450614769389,602.5669846914624,92.45490552578472,504.38794398360096,661.9022968006632,474.9672987654613,118.6986552439915,291.7082593589539
2021-06-24,26.382667734036257,325.2450508333445,257.3065734257719,350.3090489857035,160.8770155054753,316.57740302288977,357.5735525456349,494.9796560967256,604.5520912496575,93.18924137084348,504.5486998795428,656.7319952631561,479.95260891826814,117.79654530587963,291.83858281960255
2021-06-25,26.365822325183473,326.69785580920035,258.0866966852366,352.09282006579133,161.55070344597596,313.33457901613434,366.519845259493,488.408650464146,612.8905647129138,92.93145593939828,509.41859672181084,668.2666143801085,483.2561399146341,118.1839621199163,295.0844183865258
2021-06-28,26.076526816540326,324.07987296644814,257.5783346654632,348.69652721534834,160.83852293024654,315.99729696447815,372.2662580424754,481.51371067610364,613.2624952038552,91.60826966884892,496.4026628410432,660.5587184105295,482.03829019279436,116.69192133119279,294.84031927906796
2021-06-29,25.87138417474984,322.06057798882296,256.2429357350686,340.4318147185516,159.83474192753067,310.31115108675374,371.3442160346982,473.8866697942283,615.5012216057953,91.13858728503143,487.63687390277755,655.1822670915867,486.3770225502046,114.03985072324788,288.8142561944052
2021-06-30,25.672274829003033,320.23589694346293,254.0504994095807,339.659985449693,159.62112328050713,304.5640869848954,367.27186929839377,468.2788924778936,605.4899258173123,91.57682773386983,481.366526702572,645.5894930780667,488.5896210794309,115.49121538991416,289.5108686474453
2021-07-01,25.699668921001354,321.9895098902564,254.5632466297024,340.6121676334433,161.1535496236353,306.49158121869,368.1426179862968,468.91281339662913,613.0171156964599,92.02517946271844,470.85868431646963,635.0981987013602,488.55906332149436,117.18956592127097,295.82846496150887
2021-07-02,25.818506772864218,322.36704930284776,257.27639040791746,337.2490011303932,161.13018499951423,303.10192753043606,366.84459470345365,466.7248370187888,629.2194886103871,92.86735242854981,472.9792465157967,637.7796413361168,488.20931750837724,115.17089977228267,292.1426532491631
2021-07-05,26.03053229807851,323.47562822057347,257.3797243939036,341.5176827536779,161.1411143522765,300.4302512089222,372.1290645055291,464.7514802071354,638.8886096943453,92.33167388061979,471.11961284533606,642.6668913184589,490.8930337093698,115.01026873069036,293.9772604763021
2021-07-06,26.04920673931789,322.64880217058027,256.73616352831465,342.7378658620297,161.75548634035673,300.21356929167933,369.2803941702884,459.5502267819032,645.4762569653269,92.63328210555729,475.2347356161922,634.5274691615315,491.23127403800004,114.12881563053752,293.9308705750867
2021-07-07,26.39303008314646,323.7465265891944,255.41956000836734,341.6397774351572,161.4676083848039,301.1122777932061,363.43127192046495,461.31104581899325,628.6992375639414,92.39377227241381,485.60248158130804,632.1867137873345,497.5849799035694,113.60668423781564,283.0503053920903
2021-07-08,26.14016842906558,324.171123361624,250.7706601574287,347.2487652635225,160.9837312763128,299.33542548088735,360.2164727017305,455.62273499245924,628.9385854385827,91.81045942513262,484.27075484425256,635.138967145873,494.55816036433976,115.05437239884137,283.1426794468084
2021-07-09,26.49786540694926,325.35490670793416,252.0390078963458,353.2390186986484,162.10503102189116,302.7871752644864,357.78455310500425,455.6157681263984,625.5431676669107,92.27634099968832,484.1899170336597,632.4829828370748,497.528182831494,114.48808997072256,268.4757084784207
2021-07-12,26.58199305668646,328.1488845657264,254.39634409811637,351.2672472865075,163.8270131899685,304.2356206792255,360.4626556493714,464.3505637697839,629.9038239138297,92.6724057229635,494.4770673324645,640.3336479804236,500.53979090128166,115.0149904764495,266.7655749927144
2021-07-13,26.464690320347188,328.3801686908155,256.617752588143,351.4359394177101,164.8224054828319,301.8164512080078,358.51828338068435,455.5293731633412,628.1175368575974,92.80942929222161,490.7200272520497,638.305354315453,503.26095343430535,117.23136534691125,259.22692857384965
2021-07-14,26.42016305253891,328.1489236938656,255.93100307627685,350.8708345412273,160.95925156734046,301.02821840923286,358.90430719377196,451.81169542340723,626.7235723024371,93.03347105816982,491.8446183648051,628.909154049012,507.6351885437326,118.59918899563903,257.86385588208674
2021-07-15,26.43659178918112,325.1505976451575,253.75867543149565,349.986495810852,157.21298702498672,296.861696695137,357.7272052784583,445.2337630234736,618.3408511022188,92.46527700890574,488.52556205227535,625.2050038180911,503.9970945657677,117.35531742746744,257.9753620617355
2021-07-16,26.867962762155283,326.2989719549527,255.501720123818,349.961703552452,156.32691569451643,296.3494139057427,355.00444996854674,445.3401720945101,623.6474206786909,93.06450081337039,487.0043510094675,624.8586648678496,505.16618715776303,118.09797801389806,259.9137640656463
2021-07-19,26.82643264098311,326.0534739517915,256.8458223610917,348.87659402505017,154.89065895121502,296.1157753977766,354.8253595585515,437.43513329688716,620.2335546067192,92.82720985887181,496.7475571460062,620.4358659904625,509.53934719111345,118.0918154060131,261.40812538686214
2021-07-20,26.93336075344796,329.47811329393556,259.79688650593283,354.29177895763223,158.09397962145636,299.0028203153442,361.6541878063398,438.3042166302817,613.0539128798788,93.50011307406676,499.2363274075342,631.8012298951068,516.8255701494837,116.98642274519845,266.0057327144857
2021-07-21,27.007702981615594,327.7810198351423,258.57089077803414,348.93940279376767,158.77647727385278,297.71000251960436,355.82166669515783,434.0030420430897,611.5990835987375,93.5113820033756,493.4905072444762,619.6562693909538,519.0366499234361,115.90772141876387,266.42403479126426
2021-07-22,27.027683558263107,331.2967384507864,260.04741863820277,353.74238063348065,160.2254020560517,300.21525287111956,351.029136644102,445.6458211183945,614.0511666316668,93.83069844270267,485.33034886733344,623.6263504830634,527.4304605571801,115.21767465930692,265.8238688257622
2021-07-23,26.86129726710723,331.4745878186787,257.9309802358333,351.82133007629886,158.6034608954243,300.05119221604633,349.3658466119426,442.5586869599272,611.7990733462087,93.79626347065867,490.66773081628753,637.4406395676665,530.3088283918612,117.26521939011299,263.3521100496328
2021-07-26,26.704517300108378,329.87930487151937,253.48721590642347,346.07480864290926,155.5951986056995,296.40417404865383,363.12116140882114,440.66179144614426,604.127782916215,92.61254280935066,483.0611599101672,634.021155323609,528.0899803327683,118.63244199262944,260.9279869279635
2021-07-27,26.80350907717524,332.393589559717,251.7215626754571,345.87274089409743,155.05114553926856,296.3780744786136,370.13894651058905,448.2021226031773,601.3658421570516,92.47525155391605,475.43403867259053,614.1059626023429,527.5643240974365,118.08104539095379,264.14702588195456
2021-07-28,27.433561866742668,332.14969074001044,250.15465714623144,341.7112329954454,154.7126027589214,297.0813018759276,367.43946397992346,437.9398558738351,613.3238777941833,92.61601240857824,487.29688152271797,584.4060984161108,532.0004417792414,117.92478549292953,263.2753682209436
2021-07-29,27.466501562895267,331.8712945171065,250.24131818817696,344.59012969138587,153.59240754359993,299.21635473525447,370.56912267240085,437.41720135937925,621.7144324819216,92.99564349263557,484.90281896073856,573.5794967551417,539.6182665062136,116.1676881422154,263.4523988675359
2021-07-30,26.82931223910682,332.1266194097034,250.03269127345203,343.1022605959378,152.8672659575761,298.8636191632557,373.37138761561704,421.96386266183345,614.7396004699742,93.21605208238552,490.02562786906,584.0413562817392,538.9801353900704,117.68172156859366,263.56674911072724
2021-08-02,25.621250706904767,333.9205004448664,250.0983970131714,341.9315482210325,152.61266924707022,298.6078841092822,373.2181574496524,419.96717417761806,608.2583377801245,92.7913806183056,487.22093568598854,569.935264120236,540.3652237808335,119.14454549372262,260.94725283446047
2021-08-03,25.38423794471476,330.1711499645882,247.7414590756986,339.270096324275,153.2551857456606,297.0160685254067,374.4677168537154,417.78730559302096,614.2829922940145,92.75551481356835,486.055600867431,581.7917161558693,549.0761270281012,121.71559962800521,259.0715740974945
2021-08-04,24.509997250411597,327.90449959311763,246.64402502908712,334.77672175918474,152.4055501873516,292.85654426245793,384.80796568182274,418.8131939220084,603.1893629421264,92.26193937708604,484.35531969881816,584.956570846323,547.682364436426,122.66610716926868,254.92236865424553
2021-08-05,24.233988708825144,327.46675206738894,243.41306663405186,331.88862664267066,149.94931982358813,291.15764498601317,383.566335343761,406.8079452923547,605.8400895378978,91.22192978914627,481.1931885797186,593.7652447961163,562.22133606475,121.82257213809439,252.53075239073607
2021-08-06,23.679171985940357,325.74404102195626,241.4653162583318,331.2631472834915,149.3122673406392,290.8240187942602,379.5499367518809,408.9939765576514,604.7907235935866,90.75715268191698,478.33145018407964,595.7496938186603,569.9937494351028,119.95165035790994,252.432174574736
2021-08-09,23.700461613664984,324.37555950573636,237.13383569246707,331.49354858742095,148.10167972715163,288.60564377435793,371.4256701224332,406.73010485531313,597.9520655443613,90.14174255068544,477.52965206312433,594.5000547756321,573.1183262975845,117.96450757638445,251.52593953728396
2021-08-10,23.890965156668727,323.66191992443265,237.04220962474088,335.3757694756218,148.62400237203371,289.2977854683593,373.0200267402115,415.3404036415472,601.1492602733465,90.73563376514507,480.362509435044,579.0964791636043,579.2597116576127,116.84727533636328,249.9718988877008
2021-08-11,23.436680088824012,317.5579074001594,232.58366217429764,328.25028105620095,146.9301452861835,287.2506281289176,370.06877806625585,412.2824027280494,602.0185184689614,89.32828157415607,476.11705874536574,577.1374297695154,578.5637453139632,110.77445604391038,245.92308758641644
2021-08-12,23.34420455515413,316.2895022855873,235.42485629173092,327.82088771783896,147.73549755194122,288.3550734034503,362.89009592476447,409.98335118963604,602.9980281222621,89.24301183016239,477.9697503158792,596.4201111457866,583.8125120865391,112.6063838526052,248.887420421366
2021-08-13,23.800491930100154,319.3846440125168,236.73432647458569,330.6667667407181,148.8861112259151,291.3291542528868,366.50170605860046,410.8266786535388,612.7483916475114,90.16358072168946,484.1852498604124,589.243051609896,585.7910354098291,109.28915964063657,253.70166613272843
2021-08-16,24.065904842872953,319.3461742999063,236.6876641434037,328.91172606379973,148.6358466703709,291.88898286927713,366.9991203566854,415.4998939349035,617.6837324882548,90.56590845338148,484.3335325523979,589.7644582744177,584.9069469082684,110.80821697411312,251.24303233306307
2021-08-17,24.040470809854103,319.77849080247796,235.21104421118315,325.6062396940142,148.24669290636683,291.3720137118368,367.8083644071893,407.9084062947243,622.5434633236016,91.22077991022509,481.494238978742,576.4790856649561,584.7403263421843,110.28856522792023,256.50466222813117
2021-08-18,24.114738258318308,320.0766288192139,235.39611813679187,322.5926676780909,149.46902101292793,292.5623932344657,367.9703328473964,409.6812984514876,624.4030995922593,90.82027739673718,478.4138102256979,572.8615347012236,584.9928980672317,110.6382505868561,267.2615720772703
2021-08-19,24.193856154442688,320.4882831762811,236.38483916418596,318.03090923150245,150.2462640046902,293.13608929347805,369.57004665207944,409.5176422085079,624.4549826889918,91.3960157381341,481.3622564753601,619.6803293341712,588.6876480408276,109.91764821454109,264.25244382522055
2021-08-20,24.205553203894944,322.2063989373706,236.5068861037847,315.74450883433985,150.56437021576255,292.94588253899224,371.52439176932137,410.07836986480515,624.2478921734491,90.75779632452013,482.11213777771553,595.0265056867064,587.4434871452322,107.97388133585892,259.2570645429501
2021-08-23,24.215705736091277,321.1534412810046,234.31270126644344,313.92282016238227,149.56529816408923,293.6487188206564,366.5671015082542,414.39341830293637,624.1521701635334,90.1311052700089,478.6495943755299,581.9535908037074,586.4934980683832,105.27673848502938,257.0708958094477
2021-08-24,24.192196586074317,322.92446866711384,235.13609400903246,312.9069021134612,149.52239768422493,293.5585067953447,369.1799162706715,411.2100796625513,629.2781216719338,90.33240825809895,479.6600718960965,593.7533516687968,590.7913138928305,103.39623006886956,267.776116047914
2021-08-25,23.803322104903096,320.9165499984908,232.8448983788412,313.71811867148614,150.76982530328462,290.0145821418031,365.1034122346745,407.28123355346105,619.0401372300591,89.34756200166375,473.4242319965684,571.3054681540196,584.6797128785628,103.73061891300574,269.69083972469144
2021-08-26,23.87376992293155,322.19779382406443,233.5664734196821,308.845305779557,149.34679726769244,293.0772716836677,372.37669532075216,404.32975275534045,627.3190947176022,89.19114510736291,474.33840443967455,571.6029073535934,586.6691318449068,103.33831813631716,272.2289991443051
2021-08-27,23.870039114045493,319.97683042518946,233.1346458871114,312.9459946534799,147.98572255928215,291.0954182470557,366.2791904310948,415.145027316344,636.9504756177313,88.84220769822167,476.13660673826934,562.4841158881869,584.5488228623217,101.92229615844161,262.33595791418537
2021-08-30,23.8462409395834,319.7622776907941,233.34872823112437,315.49133281618884,147.79960253834687,289.3529406166491,365.0906321157002,422.3408945400924,640.9781809770598,89.75065138580747,482.8228570482704,548.9306164822459,588.756514916153,100.84940715738325,268.55406810619445
2021-08-31,23.877388608780933,317.36058411713793,233.17812344483292,311.04419040450944,147.0415869450966,287.6419644912501,365.63066494080664,418.96029535746777,632.7079830729424,89.06244584673661,480.0457672245245,556.8610097678027,590.5353954697337,101.11527985945003,271.3575723765305
2021-09-01,24.057463459822255,320.186220681096,235.0673636677163,323.82866164155877,149.86716847514012,290.081756950237,366.359767457155,422.6182372408567,640.5512869714269,89.4895772903476,486.9297018127279,552.3427490807375,592.9965697984435,102.97563930666225,271.48561306035356
2021-09-02,24.120557870802905,319.81429185369046,235.66488801607952,324.5257581557312,150.1066718397364,290.8968658489755,366.37019142572416,425.63382792288684,639.2812187866008,89.27062624600973,481.4893698566352,578.0016418274473,589.5311996868915,105.52114018270106,270.31490224287506
2021-09-03,24.17985796269035,320.36030808785057,235.72683242825073,324.1814722849753,147.8323695378661,290.3796832269106,364.7139286933594,424.3622793144381,631.7610720223698,89.15458738569323,471.63969027838584,573.4651086528878,589.137874037636,104.12817326208032,268.05639221820536
2021-09-06,24.20951982224242,320.99154702398516,235.9174396973086,323.8673693534066,147.7413590736078,291.0520888875926,370.42890777954347,424.6863933174326,633.5095031584447,89.64919281672839,471.51529530133774,561.3346050625843,591.4199789651454,104.1012514651752,265.6460482570443
2021-09-07,24.24830647533909,319.62162176293225,235.4400274535478,321.73732202712995,145.83997260911048,290.33675926819075,365.16733042143784,426.29703533112746,637.3475896822287,89.3078772982726,462.1864362232209,553.7474364545636,588.6032939318545,103.32425746732791,290.32178045652444
2021-09-08,24.321549995360066,323.5393542089158,238.2288855623886,325.14850402327994,141.62337008817164,294.0094693012624,370.64358650911106,432.3477747330491,648.5031787378116,90.9143366879197,459.4371969985535,555.7401821166993,603.0610090530894,105.65055884207113,276.65169603884283
2021-09-09,24.111983969298915,319.94992460170283,236.02883185769733,326.2798122880462,144.61408936092405,289.4889077977923,363.57738176225314,429.72174142714283,643.1227925930066,90.44055873745984,452.274717656202,548.1261231424994,596.7268529938349,104.51778787855183,282.89696239095196
2021-09-10,24.279316965216346,321.46355691356865,238.1013791401938,330.67611542745357,145.5022875230713,291.0267364391717,378.6817412455057,436.2828625584738,637.1974833210403,91.7633973702641,461.7294375305886,555.544522490346,597.3837918563779,104.82112095997802,308.7539346380508
2021-09-13,24.385678663628106,322.4192369372478,239.65083392161586,330.8873272628519,145.5146793736318,291.67083679645236,378.0873981744848,434.7496083420848,646.0747613150352,91.55914592633637,460.5783561002763,553.5042652884946,597.8036588916002,104.99261454003194,321.3884457369172
2021-09-14,24.609432559177005,324.0690772118571,240.69447806171524,333.92783909776995,142.85409657397184,293.2317369590727,373.33974013692875,443.7639253080544,651.4548397570377,91.99773805390859,465.1738325378092,543.7527517912625,598.7448355768299,106.26399325380441,326.34267464440256
2021-09-15,24.77656124588885,322.4647596431073,242.125940162136,333.9402872547499,139.5906809575821,291.7512536067201,371.4843892682797,451.22412223741065,663.1494603124922,94.00474623297724,466.2242546310319,545.8211230108576,597.9341336623861,105.50010569954956,325.34524936517664
2021-09-16,24.722107545503846,322.5108814977513,242.66097805737667,337.0126661200459,139.94071040332517,290.88600489305276,365.1226166943255,452.7755075417365,659.3557424834297,94.03307807813358,466.023669144175,545.3761337109961,600.1358313784355,106.50460517349624,329.4769560722608
2021-09-17,24.772640872599368,323.8183280382021,244.90330739937716,342.36869894700834,137.82225713655112,295.01530509795447,364.40021687331347,456.641614085363,681.2441461631812,93.60752757366988,471.0432700494352,545.6318422344228,604.1722592367533,106.54824445035564,300.5230700748287
2021-09-20,24.77001945537113,324.71604618210813,247.5059815061612,343.316003618893,141.0808749557599,295.0499042712242,363.72905397117313,457.9457340338871,680.6167347680964,94.451575166878,466.0001223957779,549.1163630451678,608.2031288055498,107.01831573440109,310.95958347996844
2021-09-21,24.83025778509205,325.4241833597621,249.04385662951563,342.2930885848284,142.33598147413645,296.66715302899286,363.9937471665723,461.2892567178329,686.6653546002575,94.77304710548162,464.44128840156776,554.9352162511665,609.7356093111155,107.69282652383278,320.5063400205831
2021-09-22,24.9779563544658,327.19922696393814,249.04419740291019,343.59721474640247,144.7365655527909,299.09893861707445,366.6859283909485,465.3806703244062,684.8988048001538,95.01863901147816,471.2092075533044,552.7866897652199,613.7166721140376,108.48145131027935,320.9663638867204
2021-09-23,25.101384046629455,328.13886737472683,246.1362086021554,345.89616894132627,143.3713968683575,298.550342398753,369.78618409110663,462.44312524310635,683.1679539943352,95.20990145727973,471.7810032393509,550.6057769914224,612.7499065815632,107.6380412441019,310.45710763039654
2021-09-24,25.021706373208836,326.78951936185047,243.05770837940622,344.94782394082233,141.12477135810073,297.7890485834505,370.2437667675304,465.4548056493872,685.3364397185147,94.03208345610462,463.9933252763606,543.7305423947911,610.9590394980955,106.01248688522891,304.07838005250375
2021-09-27,24.925007829015076,324.99527851999613,242.72672892406374,342.082433212365,137.85204105413956,298.1983368184911,368.7894714259689,464.9890392392933,686.6531919903441,94.60317966621035,460.76805988546363,547.6412729348114,607.2750172589045,107.0863112815598,293.9472067100874
2021-09-28,25.024207290021632,326.6558373171109,244.66567053596648,339.1779528981331,131.55424631033506,300.2682533027397,368.8088420519711,465.86803925477795,695.5845911905947,94.57868456779396,460.175630957282,543.2987004969092,604.9740662247109,108.7437511037847,289.88576807306407
2021-09-29,25.034344117562906,324.61833023362834,241.11300953287167,334.8857226653513,132.6079273610552,299.1765476600744,362.4292204481722,465.15354187800216,694.938113753213,94.89674135605642,458.76950779645813,539.9223182783073,606.721169803519,108.32686591401524,291.08489761971936
2021-09-30,25.01104850045288,323.02906056985205,246.29612967833847,334.85664274917593,132.42368354149536,298.1192643542584,364.49544099782025,468.73507913352,693.9583470083711,93.64284746426769,456.5869923348389,539.8879395357314,603.5205545034798,105.80584836611003,278.5028072400465
2021-10-01,25.001269708505024,322.41195734380636,245.34706778227073,331.2653030700262,132.54146629392957,296.9800070118794,362.47313583795517,467.48106319530456,694.6638934326016,93.94339550763713,451.10306782750854,539.4656321859187,606.4164214982603,106.07047384029842,291.837619014304
2021-10-04,25.089584426374604,322.62462377447986,244.7866699600192,330.04872936630983,134.03483813735346,298.770222293983,362.79734378383444,469.8600050639381,711.0698358531816,93.48258965121956,450.9795148970488,538.9839190066498,603.264123103255,103.58719400382971,303.85318391615135
2021-10-05,24.65071633030853,317.8007304217206,242.70141273764912,319.1414133737263,130.17943527728292,294.41594647451336,355.1474947264561,456.71284764124835,713.8093196677511,91.52951577226703,443.0414566216497,533.3844213663624,599.3894215214013,102.99418879659352,288.7546471046251
2021-10-06,24.266904229838996,308.5925367764972,233.38553028981198,304.8668226377071,122.19728228007507,285.09784936319784,347.10231065876576,438.1555435538212,723.386263869359,84.42387189601266,421.84985376266104,514.9124047617746,588.430989170294,101.47350632369603,278.333631557788
2021-10-07,23.302515855871324,300.15720348702445,229.0128891863253,295.56950891022257,118.67824221078985,278.21010159420683,336.7630861475463,420.8989623302002,694.2849416119827,80.04878243924877,400.36006486640576,509.2621022419536,573.1993188092887,100.81236224165187,258.1741882506043
2021-10-08,23.160385417967575,295.2289025414252,233.1917609943221,290.18735224955634,116.42690146078394,275.15259599668616,333.6950338939174,415.16390058832934,693.0993110066355,81.27184052765952,408.53316580379425,502.29397139193406,575.7986012463424,100.74206961351874,243.98633612532072
2021-10-11,23.086730460798954,293.1857789888454,229.97792179735245,288.2370319835214,113.58120633322771,275.6596093904017,332.38417908837476,405.35723899308095,697.9284409367775,81.13657375403288,422.2374863826083,517.0079273090889,579.8125341519703,99.21543281810857,245.51943044340533
2021-10-12,22.942907891007508,295.0866767950547,222.3212111223803,284.1407610984835,113.1439990447526,275.59131291931794,337.10155389900467,412.2120534400656,687.3315031841862,80.29315818529308,420.2963463311701,512.6624760744611,589.6527279708547,102.18735565182747,254.92709202911578
2021-10-13,23.362696234853505,293.38996745944524,221.58912457877824,284.3426886770102,111.9075908326009,274.2098211703652,338.42538118226247,404.4351854367104,708.1903576636915,79.71469230322435,431.67196167265183,512.4937937806571,593.8008969050642,99.1593404829712,262.9986025493211
2021-10-14,23.717365106645214,294.05682016833913,222.8045349536817,286.45287059975766,111.49905974243133,274.41068062588,342.2918810376793,400.6995671722332,713.5962711257878,79.894408068733,441.78925769922034,509.14714694197755,593.2312212286472,98.38783383491877,259.28765814117514
2021-10-15,23.977971711825113,293.62255294356584,221.9267094489013,289.87484583448384,111.5217786739642,275.5818961007463,339.89488256586685,400.82082038628226,707.3162387917718,80.4447652434924,440.93274203193903,511.4717820748921,595.2904792784053,97.18017458308375,258.9479240422483
2021-10-18,23.77417242199332,294.64061891297075,223.3544549795,292.7843511999519,111.70654677124509,274.2370721316328,341.43581986186604,404.30031012021124,709.5845347580819,80.90764321950878,430.15742871284925,513.3991642178622,596.7473761955448,96.45457619326936,261.55877325953696
2021-10-19,23.516984582400703,292.53335211523176,222.15867335714063,290.5540986354713,110.12177834260797,271.3309963469903,346.0580519364427,405.09915460969614,705.2243883769927,80.35604428733862,416.74305593163956,509.473210605857,591.3770589906962,95.4748434064534,254.94991557777942
2021-10-20,23.60260004259959,287.8034110723862,221.90113532201678,290.91306342265165,110.67424741976588,269.2089577932759,342.9510924745211,402.752870404793,706.0064460387441,79.75237746221615,404.81492067313917,508.9692200440482,590.3024029036968,93.54279004523693,250.16803286808204
2021-10-21,24.111495203934204,289.893877613538,223.13685802080687,290.79336971271925,111.45672604056588,268.17010465575146,343.8035977348516,405.0715950380037,701.4494080603489,80.01177961469908,402.30536621544866,507.5060954182156,589.5290799130902,91.1992055808509,252.1742891706846
2021-10-22,24.39772263945617,289.2053355435935,224.6098462174683,290.6799215383483,111.61546396721505,266.23281289810006,342.33682784653723,408.2385386288635,694.6500922252428,79.23908698257166,397.10357088408443,500.09394758842654,591.0619583663056,92.30058714345091,252.86514127607134
2021-10-25,24.75824921174438,290.46630130227794,228.26116639700123,289.97829657686356,112.00024525360085,267.42941927084865,344.9003715851445,408.89363606923575,698.6649505033495,79.22975087760888,393.83102829701227,496.0486691260719,596.7199210063824,91.39032915135883,253.17583425817264
2021-10-26,24.31645877659351,288.7181796821338,225.7641590707474,281.3599822183389,111.3510465470383,263.89242887194706,342.24236438688376,409.14520177875386,683.8672968409446,78.6494237864642,382.63091972711186,496.03611561657044,592.6461139618856,90.68250806907254,248.4724600162582
2021-10-27,24.366034855159096,288.3318904408606,224.06723848416996,280.6884945982607,111.33745652450085,267.21320671525734,343.49609155539287,408.25182370958385,681.9669201225134,78.43678619192148,387.67287040879324,492.1309471911916,595.4920987051082,87.50896352764255,249.17489539979962
2021-10-28,24.56708009984715,289.19231705861904,224.17345744560947,281.28047588176855,111.00026377880141,264.93312565134426,344.33452910917873,408.74707026031825,689.2485919740143,78.18897004400405,388.27533519359065,492.6539314818267,597.4391696351777,88.86119528102616,246.68463962907447
2021-10-29,24.851307513050696,288.53998873305454,225.937848199292,287.2958927895017,108.09247805106362,267.8319605565007,343.8086864805143,404.79335045376246,687.145073738403,77.17324611732415,395.25222039818715,487.7700082552129,608.639298597185,90.86985912692963,247.91589235527744
2021-11-01,24.088665151411625,286.8776332478581,226.05793382305276,287.9037644061246,109.79875513645194,259.7837093113157,335.95215788971893,410.82737535918324,686.976445478016,76.74502813892927,379.57650541872533,493.1524960701458,605.9133797012793,93.9450342920557,252.54884338180221
2021-11-02,24.80737610580529,290.12664103998316,227.49881815220226,288.1993409941078,113.5914980704383,262.53488614044295,349.61674107377326,417.4136093764725,694.6648675676354,77.455075438394,397.85198320867323,496.5226550091962,609.1907724337668,93.06534580216403,255.99298734000521
2021-11-03,24.546807036837855,291.71144224571736,234.4863985925543,290.97195105697705,117.59731879493695,260.0211516037564,355.66510161130924,420.0234194192715,706.4150050458483,78.99329649671158,397.4993395901556,501.15580393398176,603.3512670154279,97.82317417915972,252.05243041685068
2021-11-04,25.806223445570076,308.4627271699446,245.73734706245813,310.70310601464075,123.5477976979243,266.8638025078587,369.8455965493187,422.4378849546796,727.677869211233,81.2632598889556,411.9572853071387,506.46782536400866,610.07487642038,103.24404951798053,263.94334618233137
2021-11-05,26.57502657831715,330.24248936454717,253.0725053284242,327.64134346588673,128.4935838527223,275.2951733606267,394.7303659240039,433.99318229951245,730.4961750030219,83.64923902975886,424.67950365704496,522.9312656948384,616.2556050955865,108.56687554060764,274.78401182705335
2021-11-08,26.38230479999263,332.5422153334038,248.15948895063343,321.22789712881087,126.88934391738229,270.0501970464502,372.811939549515,420.6520804909726,714.5613686779415,81.33234233110939,414.4289327936733,516.325012561421,605.0841663466624,108.80495065444782,272.0725686794716
2021-11-09,24.31404180856232,323.5236790587418,240.60073714932724,318.0515482918351,126.20822833828473,269.4642723911348,380.9809252649638,420.2920866092925,709.0251196976758,81.95012970247782,412.98435425367535,506.4786810294188,616.0003529658188,110.50711326585582,279.5952806457308
2021-11-10,23.63924867251672,319.45936501652466,241.35381700078065,326.35335579030465,130.04446444484057,274.4533435550643,386.95407988279516,432.518059961983,711.7973621895909,84.00769566794307,428.78860373267594,500.47494283896265,622.0322583304971,108.64510489354419,278.3815738277304
2021-11-11,24.217965153053964,314.7467426440434,241.84294415038784,340.30824301708617,132.26740467055183,279.7894483868188,372.6296831821988,437.45462891132104,752.5175795292023,84.41001414059436,432.6567415346479,514.284782410656,624.0657822314292,111.29812101889863,274.3443809375541
2021-11-12,21.66357448097415,313.195038899279,235.97281540022007,334.56687546890157,133.43553999343342,278.0715170356707,356.9628749608195,436.4186043051573,740.8221062353012,84.29595652512317,428.9125500094131,497.80200371582526,615.3077274414898,106.93199403446098,273.35875659338325
2021-11-15,22.192743353800438,311.9130578962891,236.81571991799626,328.09268902261454,137.5308357009817,277.7701550138736,356.03197805055225,434.79567670986,752.4434222293862,85.23503701054756,422.0180849327624,505.6147588404317,633.6756536818201,107.52756072722327,270.53622583425124
2021-11-16,21.536227635603574,300.0718541882424,233.90807309072764,322.6264418833028,134.54984354331867,270.89127999959913,360.7913838138531,421.0710759856104,728.7622644411085,84.90163923082625,403.8954478666831,490.4827632882784,605.763991335585,99.41463086963972,254.2475972591368
2021-11-17,20.79728416989227,297.15425609042256,234.45186151037169,321.64606437201127,135.4976441682187,270.13066033926833,363.47404387242887,421.84207924800864,746.9669808381719,84.24815735280116,409.6683610398887,481.26320622118027,604.5426280233138,103.31828884226445,256.8387025336705
2021-11-18,19.316029756806007,284.33373473619406,229.66160704954342,312.16245324405367,130.7185693521849,259.83931423339317,352.48691460432224,411.7817153432587,716.0796487381175,81.39317452593582,400.27036922754735,463.27805467449815,579.2681577037533,100.38450117323978,248.74747469896624
2021-11-19,19.024135868242848,289.8108199705615,233.29399034059372,301.1085439271087,133.87642699678366,263.1974937917291,361.4361786952683,420.1970909724266,720.6026884711687,81.92952809785803,409.90739757977093,459.66865508905585,603.6781043590887,100.6196873091293,248.78814629688296
2021-11-22,20.493110685258774,284.88986569827784,231.2617368431272,296.0139260610143,131.11445240287034,252.84895135658388,362.8106984924656,411.04287036440655,703.5923483441725,81.15437436789223,401.3084178266153,447.1614543414868,598.2674233059237,97.50938974381693,247.29021654522714
2021-11-23,20.315401494698193,284.4788955047181,231.33284500992326,290.70274907623593,130.8833484939985,254.25527825075173,358.9119698327541,411.03428355706035,712.5596360414792,80.87067926573604,404.64898943099826,447.1320089934466,593.3923827626122,92.18596552020405,246.30741827917035
2021-11-24,19.81795587799253,287.09034404730943,232.77068966084525,286.6628347317753,127.77662518289435,256.8626456470332,367.9573446997916,414.8676479677979,710.5696493048981,83.69674852799572,413.47774043844004,458.75562884876575,594.8642079203461,92.38118106442644,254.45112025529542
2021-11-25,21.506918835121677,287.31226971183247,233.34579232348523,268.8392885309231,130.35391112012016,258.56601904714233,370.3306116598746,413.4631254206182,711.4369961288672,86.65035779455688,415.6634430175864,507.62808534069427,605.0415941271938,90.57521311351034,253.15454946699836
2021-11-26,20.988831841815067,287.7241546565079,233.70142804351877,271.1384768413636,129.66007779909611,258.4835020850479,373.0061888275653,414.55101550259184,704.6200890486853,87.54043476330884,410.31146580434046,496.9488379346957,591.8807284498049,89.49321448332748,249.51752888215674
2021-11-29,20.430619540798936,285.56684307119457,233.74769465462015,270.97801118984535,127.80103465945506,261.6232625746699,372.3888660477839,412.0977405820464,707.2858356430121,87.7123237983636,407.7134898360804,500.91354747753275,586.2999077064277,89.08641856689246,253.49622240272927
2021-11-30,20.60220209800288,288.40792604499836,234.75987831277783,273.5313557376822,127.60757512177503,262.15613550015115,373.1880261798111,414.1771426454784,717.4648364512631,89.07161916246498,404.52622385831955,524.1639905147166,592.5878657082962,91.9743666829607,254.7706343401428
2021-12-01,20.004705486691467,285.3550870652396,236.0458825075939,264.43910557023366,125.86213594314565,261.8606043449877,370.5410534060719,414.1169573719415,721.780157141447,89.43766964829193,401.8408738950899,526.0765964031177,598.386859500807,88.60796067961972,257.69712374006656
2021-12-02,20.494297164641956,284.2880626647172,235.81889337832783,268.4029293437082,123.84662374012615,257.9262621296258,373.71926200804734,409.0196239882531,706.8528679530356,88.50209911069075,404.41624739604543,517.4527230587786,596.1089549179768,92.25615438006237,255.78141793954126
2021-12-03,19.90485995509442,282.7244363267411,233.3532857726705,267.43649212163575,123.16740598398233,254.61665099726758,370.6711654977078,401.7583097969943,718.5634959552043,85.3056066995368,388.51321577188014,504.5888563413507,586.4189808640133,88.01837512755806,247.63831320776666
2021-12-06,20.59571451144087,283.66854701875275,232.98588180417076,268.83388355522413,128.16245272731905,257.22055106821654,373.54352214005024,410.45474600828913,751.0471311010332,86.8443279100086,387.95019528559374,516.456508022951,597.2682372699297,92.47216203156611,244.5972819721656
2021-12-07,20.38700720634978,289.94188236284776,234.14805508196906,277.0663262562125,127.97857108950447,258.62115859563994,373.5303210611392,410.7874477013694,758.2181927173194,84.74919560536661,403.57488315144064,537.8415720616133,593.9840636162321,91.58435211437192,245.49449015529368
2021-12-08,19.927485847022997,289.6321179889236,227.45051227696405,256.8793341831219,124.99305492957305,254.4568481684844,370.15666915134045,405.0078866706775,739.747402596379,83.35848952876941,389.0791242313938,493.50479293355113,575.4670306124314,91.26441582239667,240.08991645072436
2021-12-09,19.658539743292046,291.98175847481457,221.62220931938847,249.00493262724402,124.95457703404136,250.95971500693847,366.4291361989475,412.45839647713376,735.6243932689886,81.2643186479828,390.91211121405706,493.2456183112,556.2951632697063,94.93568824071933,235.31151201653935
2021-12-10,19.467265607319497,292.4928571479882,232.2333707570115,244.67773582985294,123.0539911687707,251.27786297104785,368.7636248202419,412.06520619347344,730.4496409957744,82.70035376636774,374.1945561951367,482.0397505500535,536.2030662107459,94.50148008919014,229.853030491518
2021-12-13,18.479600252674267,302.0852064679157,242.83679116808395,253.3892727080399,124.57857908410996,263.448924220382,382.9496004921744,429.07982627294876,746.7350278136703,84.18896781568638,387.95874971383887,497.21162697881533,552.2033478227031,97.98315106880504,233.40583261540604
2021-12-14,17.87261929049198,299.13523274586436,245.08673892083624,242.71525862297395,123.62988843011122,261.53672597905194,378.9546994035157,433.440191982976,768.1377757082499,85.46670151921512,396.5303498832544,506.7541879167606,550.3319704561121,97.51578370788424,229.722166627849
2021-12-15,17.643590600588105,288.27499075686325,227.86790179375987,233.22408634626956,121.5848404194118,245.60529053276355,376.3172755487379,423.74113851944423,742.2626827288782,84.1019555033901,392.43824563728543,496.94542243031805,545.7141581943407,96.69336684864159,224.60443131368234
2021-12-16,16.77617192071534,290.39762632331264,214.22057702537379,238.48115259621048,121.99656568332512,246.35469041740762,376.56447145099156,422.79140268403427,749.629861114274,84.4742209207084,389.73096448727557,504.2119398014219,560.5101340757399,98.80630608019618,236.94621387536043
2021-12-17,18.80363779998982,304.1271350528628,205.8933748152965,247.11159175158602,123.61300848599211,267.0154232835336,384.258285846587,435.1116019185591,719.3233581030336,84.95745904189567,405.2425700505051,529.5394276394763,566.0091000410107,103.90794225513002,246.4931631472787
2021-12-20,18.78281690328786,312.23714677558735,223.16849613882144,253.02788100750885,123.63100878306523,274.8891307504352,392.9565841333628,447.0450434569831,755.2668576619657,81.66020146404043,416.8897688690907,549.5276806457606,557.3789334153706,104.01926126147542,264.0845854399931
2021-12-21,19.10404859029346,315.5174254388623,213.6566427743644,250.35516106709557,121.24252552941725,262.825293844023,387.5025762200686,437.2150132226687,750.7310044342206,78.80215083967087,414.95611293315943,542.988241895891,573.5591329654172,103.45415573929837,261.32788401209916
2021-12-22,18.43525384072066,302.94784394997265,223.9731780118281,259.46140865025023,120.01757435556156,260.2162752739828,385.9090189576163,427.0969098223421,737.1534224672171,79.80338467173452,416.21098175193043,535.8341183148463,596.2744385032746,105.4257724536835,250.74891595332625
2021-12-23,17.707580506983167,305.66758245475813,221.76666433617643,248.32832343175042,120.2818241514576,261.58927845384403,389.03001989032225,427.466413042157,673.5325743287699,82.794805460362,412.82976859173607,536.7276965501304,595.7550686872225,112.25027710172921,278.6163529459195
2021-12-24,17.40682827443051,296.98469628703725,216.95670859332327,250.97759708821224,119.2533085127086,258.3424488751063,386.1542915930838,433.891479065078,667.107344300612,80.90155206313143,410.2017872851929,534.0639144473269,595.9221620035815,112.66844246542304,260.17452838932445
2021-12-27,17.66578962434378,297.7697926775696,215.31390343260762,246.6080604380738,122.60795788693645,263.5865103261927,390.104199001375,427.76611507130417,646.8261040184018,76.38100458009865,414.9391538519839,537.4763252377039,596.6150855907792,114.39402096988185,265.5283599306713
2021-12-28,15.162355100580154,296.58283275320514,217.7381555508103,247.66095033359687,122.49127181512273,261.22148124612846,389.3417660202574,423.7492715422422,646.5583300774496,73.70403522094576,417.9055412789367,549.2481591130029,591.3281646106292,111.74415040399656,253.84350003655973
2021-12-29,15.169942384048394,294.27884628445634,216.74464378118842,251.76944728611932,119.37881780251875,251.9222985761875,381.10971168193424,438.4594830941682,639.659155722219,73.44479765419344,411.68600845910305,536.9570310528088,582.8427830994493,110.21316934403099,244.0701146967552
2021-12-30,15.625022448384987,309.30695946050656,218.4888860520721,219.9134077692376,122.00660091580492,255.6961878171897,387.29950667983155,437.00362361865643,657.0430384492928,80.46059541586992,419.62444479981775,532.6820879724899,595.1922587895162,112.88488838844201,250.46108816045952
2021-12-31,16.003573099111176,298.3053006335685,212.23330495424403,200.52682673694582,119.75786950182035,250.48952066694088,378.6569377123605,440.9243185385843,619.9393010777547,79.16746840092533,411.4261867061063,520.9937840688424,570.2800634266264,107.52000229429031,245.05169909947872
2022-01-03,16.50406047984049,295.0094201343057,212.70069009703838,183.3283899957114,119.79179392563896,248.4226551926067,376.1790078280496,440.3050435752934,597.2482234298996,86.1761872198031,407.85282997048114,521.8542952869997,575.6723330542569,107.29603890448963,241.64285396006767
2022-01-04,16.458767867789636,286.5590745781604,211.07900932555725,196.36289553159472,116.7893267082733,246.00994538238785,379.7736023163169,434.97745469636715,586.5554459869777,86.54916652829908,404.53929755629235,504.7438645000715,566.7417300939095,108.81715178820943,240.63317056386848
2022-01-05,17.124641047389943,283.95174267455087,211.50564504912396,195.38001843004426,116.13426290135774,246.87700388431006,378.0931350225679,444.25662769092867,593.3656653114698,86.43794371142592,406.32071928389837,504.09676286621254,557.7443447627414,107.84121646210468,241.14053636284868
2022-01-06,16.94406733976103,285.62244504010465,212.85731006170235,190.25581324737797,114.24859666317884,247.58579388318364,379.062146639805,442.11954073705965,585.4541118750998,85.07260588883508,407.87282085058786,510.99350106442154,557.3777597221847,106.54304610718754,243.6939054275263
2022-01-07,16.861034545418274,284.89463221165107,212.7417833338843,188.33234972373657,117.00188611454377,246.91396299748135,382.30054293063677,443.47171029744504,584.5780416344055,84.78833979379287,409.62143743592276,513.7278411728566,558.3800035907518,106.98069018997955,243.94642892411466
2022-01-10,17.737064861479546,287.8201604657764,213.88026302925113,185.00406374812522,118.09710378361578,246.71133771723808,380.6733425581156,439.755524254583,583.1542850119712,86.96888634367608,407.4202763746405,511.16839340879903,556.2231650105343,106.40519764406253,242.2137169086846
2022-01-11,17.309859724301447,288.4678196854012,216.24486290749292,197.27216062579635,118.10645422852434,244.89499215915936,380.44541344431457,434.5916877225485,582.5718944252803,88.08098533091734,407.3391800299548,518.4790608140315,549.8039180284314,104.9245114622402,240.74144592242865
2022-01-12,16.6827472643854,289.1948247280804,217.7416261505407,200.84254900305373,118.09801870159376,245.08313991266337,381.70068627502366,432.98567464662,570.0755820444867,86.93073093691352,407.36317181951836,517.963259739373,548.9295778915489,103.78744050544337,239.25363943943853
2022-01-13,16.052112498254278,289.9873084450079,220.5632266794588,186.74029090387089,117.74953670852813,245.47935369407136,380.9739237003402,434.5061099342783,573.5205126115401,87.64459961010105,405.23514235308994,523.6536918696247,547.0574549131229,103.3722576626865,240.03311130519637
2022-01-14,15.904800162269577,289.5074664794402,219.73120690943398,185.78902931715788,118.31042764798453,242.35156545986624,380.6986167488449,431.46363665322826,570.7697428368715,88.43366278255742,404.26069445655304,528.980345335632,549.2641121258323,101.73022299485895,242.14889155229284
2022-01-17,15.927050403283749,285.7826001047774,216.25699858001224,165.16321041181763,117.81866308335195,241.45314468799293,376.22944046265894,426.0742327064955,567.9162753469186,90.43425514203712,402.8511396962824,533.4158993856013,554.8015842263326,101.3854851801192,242.05133871243032
2022-01-18,16.019478279159202,285.5867868322389,221.51950504500502,157.4120062577902,118.87491582808322,241.48791950817,376.22610549140865,428.31494653498635,571.0206249891814,90.49331228822955,403.8468667601189,539.0513882400727,547.1458047559354,101.51729321642935,241.85022429506253
2022-01-19,15.997149416678441,281.81376642651054,226.92973523899397,156.48323341105376,119.64888543185644,238.76173158532197,374.0553887412369,424.76688395687165,571.5293480777128,86.67245373373412,397.0618212723156,533.2734658260289,547.7397006316075,100.43578376222796,241.72644271107424
2022-01-20,15.823415729939832,273.6334942712994,230.4509237332316,159.44758630325538,119.22782446596109,238.05304369310457,373.06926347854693,422.0838374885896,578.4211035377996,86.02250061919447,396.98777738957824,528.0654498403499,549.4443767245067,100.80392022612848,241.2725824245566
2022-01-21,15.97264603607199,278.2795748558264,234.9350510097789,166.52410466438147,120.38100046015907,240.17023710213147,374.8590806157661,426.5977717645229,578.5234418408024,87.72681452329975,406.1340022993737,532.7971967997853,547.308444422731,101.13148051003863,244.14540658921675
2022-01-24,15.694185762689612,272.02748736748254,227.6054196823691,163.86827564779605,122.02197464035255,236.25862987247586,373.321851851025,421.23462830863315,567.8176963695483,87.88845932929001,398.486545709197,543.1085646937099,545.3736818766503,100.30312454937656,240.75464900862903
2022-01-25,15.787616690737362,274.62664510656805,227.58457764322355,161.218011920467,120.27380617375589,235.68214360027685,375.0695624164049,420.47436079970555,565.3361929891838,90.16168650344814,399.2853415392076,537.8188094830523,549.9830388309377,100.87638616163781,237.3318497348696
2022-01-26,15.590262802425176,273.3871653685254,227.8506903903537,166.81704658168078,125.8201800301502,237.89088286332222,378.2559092000077,421.43499871048806,578.4222606159268,88.83712756152921,396.63562649847324,536.5825125684545,551.0515259024419,101.9139249485173,237.8679641694877
2022-01-27,15.370370666391954,273.7322506602945,224.5640311684136,166.97947936281938,128.61713266394338,234.7854773872732,378.4534742115864,421.75259507760336,579.8979418423578,94.39124487117367,393.69784443692373,544.3914329844347,549.7648646606741,101.35950954153566,235.95883366228313
2022-01-28,15.67310565680935,274.79264543730125,227.414999143669,164.98030690264596,131.02399694989455,233.52867077910108,380.04047492909496,423.3701895310419,584.0745443465154,95.98008938866423,392.70404687324134,550.383078577642,555.5467988061188,101.21865896043224,234.21335823500635
2022-01-31,15.991091847258295,275.72644280162916,228.79860722431184,165.0400880710853,123.63385816485517,235.58277068609107,384.74670469874826,428.1579357754166,612.2431015263468,96.23517307873233,395.07578940848623,552.2258466230612,557.977067561916,101.90942800526138,239.25243309642548
2022-02-01,15.993647173381634,278.1639308706284,233.0235231423475,169.71378962860337,115.08824611361983,235.01090246364654,387.96673050728975,435.9535269950826,613.8889792639077,98.74830527430103,402.5456780471771,556.469083522777,561.3863763102721,103.29272617840975,242.19921402281835
2022-02-02,16.06062689416965,278.6898867800108,232.989115078763,168.9097704054329,117.16997083980533,233.83587029123646,388.3298897686797,435.6675021535069,614.4196965879689,99.58033386860545,402.50291012723295,556.7332857806534,565.2720209821573,103.57053944709311,241.99686946747272
2022-02-03,16.459914272852682,280.00793808422065,237.51818259680647,169.46432887603436,118.97851528960088,234.5155095643015,388.2833203607302,439.2399587782356,622.8307847589548,101.5885539037129,406.3205479509405,556.2543429478492,572.7224735609312,104.1956435068528,242.90234866656883
2022-02-04,16.232822069325067,278.718936407054,235.98118415301553,169.60898242169594,113.94631147670793,232.91255384507352,386.1601673545994,439.51746532649736,623.722658395985,99.796798917683,406.5048233861795,554.9968017291515,573.8175136071466,103.42680911129594,243.25406763394687
2022-02-07,16.287619873394,276.57781165858523,240.3962909007049,169.4864451079017,118.4716711972284,238.92729332364738,382.293383914887,441.46801073457027,623.3273462701303,99.51491567826137,402.706026149291,546.777226288716,568.3755290470241,103.6005086071083,242.28713318424514
2022-02-08,15.994604193391195,275.32531702018474,232.91771124198996,171.6907521755935,118.64264460136634,240.82641705717256,381.86488015047496,446.36771489678426,618.0144651902585,100.18743783602612,402.71550789042266,538.5577739717298,565.8207870422822,103.68860763161075,242.91654352002425
2022-02-09,16.386977962049475,276.6622650387818,233.62547522485644,172.85880489228944,118.81075297029842,241.80981231804483,384.89748598071174,447.36721449758386,623.5696151221166,99.55418729612317,406.5967057060515,535.3806089946514,566.188710925694,104.49849644940538,242.5306175669189
2022-02-10,16.44539141552687,271.3365028514632,228.67481995869366,171.07684137662798,121.47914373618715,240.27740186291064,382.6456932040651,447.8850343702563,608.2772519162014,93.90052047872183,407.75987063930864,535.7367001126181,561.4665725956572,103.60691716726436,241.44186564390128
2022-02-11,16.397471700668707,271.0122710105143,232.2943331390467,167.35652476494442,122.40536976533632,236.12751882164412,384.59359132053254,447.80547263746337,599.4384055954818,90.50243804405527,404.7343214176748,535.3099631964828,564.1208081709159,102.30939349752741,239.37812168439584
2022-02-14,16.239519204527372,268.54463723581,230.57447505903824,164.58835367730995,122.83067180337736,233.69945010512038,384.26578640576355,447.23342295726263,581.0408087797373,91.32686249736273,405.20298387562957,534.9061518420966,562.9480320499089,101.77536209689669,238.2733637823762
2022-02-15,16.269426383089506,266.33189094692597,234.24780682101292,162.51526542831948,123.06285638574683,238.11458578227163,384.43352110749527,449.99674912216875,557.4859007511661,89.54476831202436,406.15409502367146,537.1658605979591,569.032067632212,102.87839117430076,236.13642149298795
2022-02-16,16.58384960718007,263.85301569614853,236.8334740788702,161.4314187119891,129.5842377679081,236.35344587139883,385.68790907850723,452.36986573675625,556.7929451715855,88.48584430345407,421.63087901757694,532.5294045037674,567.9810665580629,102.81142551561398,236.99253030121156
2022-02-17,16.37678472663832,264.4549135131745,236.22957479131531,160.7015682173919,130.65323724050026,231.81394488496568,384.28813731722835,451.78740603160713,561.3598706211294,87.98632625592204,418.56043501558776,517.3325783446373,563.8592653632006,101.15857767775438,233.86490153909736
2022-02-18,16.460528189450553,269.3497423196718,237.01638548946556,162.25904956951987,128.64309740719182,225.61052090503503,388.28946030469837,448.69560593608793,547.0363660574188,88.47630930095669,415.42254397914695,521.1080540945444,572.7481379685221,101.55759431321063,234.16311354468993
2022-02-21,16.509987984990182,271.18540917702165,241.73873261755574,159.86909873221416,130.54810637844196,232.00744859056348,386.99200327714277,446.3254167283214,541.1123738323051,88.06046920382987,404.08801508813315,524.4733825376958,576.6133468322889,100.63079634222909,232.20525979044922
2022-02-22,16.207663412652632,270.89417523733624,240.88312352815046,151.24635950241196,140.870021706697,225.49764398541097,383.5119577395125,449.5481289880136,546.5193197182275,87.32918853427223,397.34013269767445,526.9650602624521,578.8928350262912,100.14657381332525,233.2589682885995
2022-02-23,16.210018656431014,271.47238378325164,239.20399946919008,154.29357588676493,139.21259620437672,225.92100051252342,381.65563938779616,449.97308380600623,548.3291495255369,85.27438140398121,389.7110604765101,524.7517605189291,579.5291655698735,100.09771277992205,232.27717967566156
2022-02-24,16.09424262005498,273.0967836849591,235.40140100455676,159.557520035721,143.54248916878004,225.7508403443005,380.3078991306913,446.78763058373323,539.1166855435523,84.41037467310757,388.7277130426203,521.7031180657949,557.3035575572204,99.70492654133328,232.20828072053212
2022-02-25,15.99628361702737,270.34940330922245,223.14601740850716,166.18046903444088,142.94948481846623,225.6450274465318,378.98403107148243,449.35865309427913,538.7251125470914,84.01966528626946,391.7879253426154,526.213454907326,573.2652810131943,98.73959048674337,231.53332936134993
2022-02-28,15.718730523643046,270.942793993594,223.47791861178956,170.71396614302833,143.4044425202192,228.33013074694168,379.1691121468404,447.1270277219058,533.7160768544377,85.00329935827493,390.78252497477644,517.9205029811827,586.1308758054791,98.79680534815682,232.6746953004835
2022-03-01,15.463144780622931,270.9823135968647,212.48584001458173,170.08069561492755,141.6216894004466,224.70638615997518,382.0262997015385,446.79012289738336,531.5052748583719,84.53544205692762,400.7559136003272,515.5437547561709,609.0895181124097,99.33395304550947,233.61470514644614
2022-03-02,15.646016118700187,269.90159366657065,212.53183305860003,168.92814191416994,143.5511682707089,224.45132444881392,380.07673822591585,459.120592645817,528.588858060078,83.94418009708694,396.1282501249515,518.6078863652451,610.9717048080508,99.28242539250711,233.29431295192774
2022-03-03,15.419310826870104,271.6312405891862,214.05451382471276,171.98510231989206,142.6229035895596,224.19694539891788,380.1712919038441,472.69697757398035,516.9678810841023,83.23170370168806,414.21346142575317,519.2244635985796,606.8931205181896,99.34838382563724,235.77734207419294
2022-03-04,15.412874335188356,273.8335239256459,216.24526759270387,169.2814664774011,137.70649583863283,226.67210027393398,377.83942035174795,471.8729108827208,526.0162988165523,82.26389696001732,412.8296103370382,521.7772962918892,584.6481377665531,99.93579993287881,235.78351052291688
2022-03-07,15.404412451587254,272.9585201124382,209.41099688331178,168.63030530106093,139.32460402120594,221.69186906808073,373.8917575025338,469.3438321262706,528.8778592065623,81.93538684638565,412.80774460910504,522.5009967036805,576.5330275475762,100.24125264167832,235.46532991972018
2022-03-08,15.485684943348387,274.1103079402247,208.64285980599374,168.0293031335029,140.59161363865195,220.03833087428777,363.5789914005544,466.83649177879033,541.9643872024402,81.99993625210602,411.5372837386839,522.7445842318838,572.9790137992454,100.01609652688076,234.26386857912414
2022-03-09,15.43505616292968,270.9590984282462,206.33785227343336,168.82725303181633,138.76778861922378,220.37212335511992,365.4398893383662,463.6710410307303,536.2256977485318,81.21512314286778,403.8910359323211,522.4152556611778,580.6122775650329,99.30860654849285,233.2235288833596
2022-03-10,15.443637166662713,272.49853240462863,208.9198477943345,169.3439928867891,136.36739044518896,223.89081486776482,358.50121797661353,471.62533326046207,528.8030293374046,81.22066080695848,404.15232526510454,520.7404321645315,571.7295629586157,99.48533014984959,233.21116008707304
2022-03-11,15.448938817967184,277.9136443351898,209.1394070027727,170.1989864892339,132.9779331981168,218.32372539526105,363.0082986448231,473.5521133918819,545.2302603296392,81.08196949712386,408.755720266256,520.3994111746736,593.0638784593903,99.87359453632573,233.54440371959066
2022-03-14,15.20993009022484,273.99350904508594,205.5850885564651,168.9712649051126,122.53571747366094,213.52087860435174,361.8744075739455,470.8621338390246,528.8805024698895,80.62253121408197,398.71017166605833,515.3675241389088,599.6590220539518,98.68013888705654,232.1748493529983
2022-03-15,15.143569252139324,273.506671579943,206.04799488485816,168.24881680400506,124.42703174267828,209.2988497896095,357.23134781279026,466.8784753522841,528.3809409200678,79.59038567600147,398.3745004770894,513.6023869853205,593.2605116511547,97.99709326765586,230.0717898442397
2022-03-16,15.16629463340324,274.8572933546069,211.28804113059167,167.8378454578216,121.7824429453896,201.4977154587979,353.395891064517,463.5976875640536,529.2256310623407,79.2590211116582,400.3882577845593,509.9236973872146,600.4943501787452,97.95057018715517,228.9884995312682
2022-03-17,15.169280085914393,272.4629392318091,207.80931781806902,167.57537514860155,123.2592381396156,202.78043277282785,354.8037447899551,459.5745640247158,525.4966073462947,78.77528958424143,400.1526457582924,507.96966737491243,599.6664695574514,97.25212721457115,226.88081743314945
2022-03-18,15.106270576471616,274.12967105440316,207.82017556711753,167.33507313787567,125.56729914697313,207.21476446935645,353.73922435963624,457.94270225470484,531.0915189180189,78.81818655504875,398.816016933073,511.55764983483635,596.0210725625234,97.40806268385865,227.22771874649365
2022-03-21,15.476955122740359,273.4078476025182,209.75501923496427,167.42327660602015,126.41049926888893,206.30538796482867,357.0562154141872,457.7815859209104,535.6385258421311,78.79033819946586,386.7386736441902,503.118038303632,605.4273239781406,97.41534292668311,230.23667565289415
2022-03-22,15.434380735919838,277.02317623651527,212.51931832627426,167.17590285841143,125.12756804876638,206.29871113597775,361.905270450563,462.34477918575743,525.9303563627112,78.53014023428007,379.1262792195851,500.92900886264385,643.5327772766897,96.79833198096802,228.05100577206554
2022-03-23,15.491268239720176,278.71314441448396,212.29189553043378,166.53164012166306,125.77233014424138,203.7915691597654,364.39044589380586,463.2630705360317,537.1903767552172,78.711239320743,378.7606639817986,499.6821255313797,616.9662805258772,96.84551059951325,227.90165006403873
2022-03-24,15.47438053766378,277.45797846962523,213.7554980513137,165.9912126895424,123.50598252918928,200.64099819826922,362.8575628075017,460.5079757592356,529.0919616702467,78.33436694816646,391.48936254702414,504.51915846474816,592.5041877937957,96.52583452447605,227.9207110746463
2022-03-25,15.529157470833855,282.7247494793248,211.78960338381958,164.81037964921973,122.16112242666087,200.79291460755562,355.95099038037944,459.0686464686284,511.7719747635907,78.27184995836043,413.0691658052496,508.1511378007085,571.3354880011016,96.25752574167463,226.8349256005322
2022-03-28,15.64193090454988,271.1044233466081,210.05029964605092,163.04700649272084,119.2918705570358,201.20368047909912,349.9074963188811,454.43101302664803,521.2119803856344,77.7896673071396,408.3765724754034,502.73174120100845,567.8775182285327,95.54522005893891,224.7967579114903
2022-03-29,15.542274296747287,272.5746294804532,210.03044342926856,162.45221025651708,120.96231409315571,201.86448019280218,350.17281409845845,459.9502140776832,524.1206421343027,77.48379544921204,400.8940064142741,501.7813256212532,578.8772710414225,95.3215331357095,224.89045953107484
2022-03-30,15.465507502451699,270.5380073114166,208.08537286083333,163.28245067122106,121.04608478587653,203.66970836140453,350.1433579576222,459.11318722501136,535.6485378202021,77.66593130055378,401.5718737064405,502.36836607712956,579.8833002622007,95.2432269690854,225.3532356721117
2022-03-31,15.342827465641077,270.23308103434107,208.79170574446718,163.7079073484963,120.94541709644382,199.36494487635093,346.898265503746,452.1074558143781,541.7042439138913,77.30307791896874,397.55517881451044,492.5446184391026,595.2881346198427,94.79607011069545,223.44222861306417
2022-04-01,15.393387677392894,271.5098419949097,208.07460016369774,166.3304759040496,124.65971564137982,199.89422153515116,342.21317010974394,450.84864280452257,524.184487996004,77.89329090094805,416.6644613642471,499.01079620395444,562.2419275959974,94.2295440829987,220.645226416565
2022-04-04,15.147141444320598,268.534128505609,208.85452449491092,167.99994279124127,127.66058380149288,199.5968018769004,341.4061998638192,441.1948939371917,534.3390736661433,77.5353066663108,414.4815556517453,490.4665464362787,546.0243269903435,94.68809115518962,219.97001626204994
2022-04-05,15.684980988544563,255.74559446210185,214.5162332397328,166.45266499296199,127.5049211057086,201.1476928739533,351.3782643013701,453.02700267643326,562.7409562550355,77.95286537905764,446.667993737264,498.58535964415813,471.6820612061011,95.35640724497415,219.65908435762245
2022-04-06,15.64085338424878,266.28354067309203,217.12146948192273,165.7750582914839,134.5407547102168,197.579074151499,345.43741227089066,445.1598770479971,581.2368376625165,78.85799517005634,439.84985651001784,495.714154915538,476.1806595577728,94.7866350406924,223.2470847027561
2022-04-07,15.861006187129604,258.2340638067938,214.8308672304196,163.2664581429847,138.32887602476828,199.6204283046123,338.62623495939283,437.99342655787143,593.5169078633555,78.1981409193197,411.4022496375315,475.37211199108845,459.4220731151055,94.07278772628526,218.89081800014304
2022-04-08,15.74118830136721,253.06296774233016,226.56292505302096,164.25837554004877,138.32575190925814,199.3316561826994,354.83666268958353,433.5556314125141,589.3871664908834,79.64655515907546,420.1023036446871,493.29450478746287,477.7595887890136,94.70522855566058,223.98060526516687
2022-04-11,15.805456707299241,247.3442702258728,233.33545181516152,166.2673405576723,145.12110980639335,202.06577297500513,361.6625168234124,412.576742581577,595.0152931558299,80.91292684698135,434.34078975677784,509.70426800085966,489.3341940200127,94.43159697459085,227.18145541003975
2022-04-12,15.76856185156423,235.96579164965527,228.33157529620595,164.85933137426142,143.04817959640505,200.8926605076072,360.71467530165495,395.73673953558335,585.1195154311682,79.80782498972958,441.79665546689915,507.31910393129056,471.6829504882792,93.46399355240118,223.98580414027057
2022-04-13,15.528998675236032,238.42583228538774,219.43123898694574,159.40268305244567,133.9610219477042,197.80624265070833,350.5913532121095,383.9604364448401,571.4973841447079,77.8612342448636,440.7329100248592,493.825909374476,464.319666077498,91.21819381181382,213.32131198327824
2022-04-14,15.159876241729878,238.66174167064756,220.09009218427988,162.25139833682763,128.977212857561,196.25349749509766,350.6799918258986,383.5430820272593,546.5492559323538,76.99116552041744,434.9478627282057,489.8587909228233,432.34478504790167,90.13234941014318,210.0315196655901
2022-04-15,14.844890736421657,234.1074558108764,214.7198688867728,156.93711344976387,124.9578216275603,189.63318814585776,346.67923752432097,371.14657969341135,527.7355936488191,75.45255105100186,434.9925480100455,485.6953507023603,440.84400853549573,89.27613887617296,205.37443305525005
2022-04-18,14.84112626050782,240.1284194758135,216.62445668486995,156.56327351994375,124.23920124861142,192.04011994540255,352.5618366428915,378.8513098321529,533.9380553136853,76.31483216953853,436.1553301042669,491.3495145481413,425.54909739186394,90.33458069324337,206.99924139684651
2022-04-19,15.591747284673145,245.08909495200763,224.87717151525496,159.16992260867082,131.8756020947064,199.9716710089395,364.90463905055526,388.788725079568,542.9296897506312,78.14299936008679,427.94754328193085,505.55216996446626,430.9132387051058,92.95442686693656,212.4437765755833
2022-04-20,15.841889931420484,259.0821635408032,232.5275298747966,165.64374266283735,132.98890995987844,204.40953628328157,373.1851081494621,403.51150703706224,556.7951394695133,80.59227249942889,462.790179247896,504.4417142255247,474.71708037519534,95.29167924483089,220.21304400384895
2022-04-21,15.492158957512125,258.12187022991935,229.7586123156399,159.0516414341517,133.6962822804469,196.25972155130674,365.1331014084614,393.5625025860064,540.6202449742269,78.4108350972114,426.01720096917137,507.2400382107608,467.1351470190802,92.91994112033913,215.81541868855527
2022-04-22,15.980108404240191,252.10607248934988,236.68323521174614,163.69360188654835,132.6728995859203,200.1947508803417,371.33389613252547,405.5121442880052,551.2345656810827,80.29349666910134,425.24769050907054,498.06266014754846,481.8583159752764,94.65741508877554,222.21376347151696
2022-04-25,16.252664840272995,250.87752544201297,238.26468746207604,165.02040928402715,132.0439991530951,193.1468856358704,371.4140587415152,405.7479389359539,545.4154912741574,79.55011432204827,380.76482363946616,534.3178332358755,482.5267256538315,94.12375422222195,222.88468163652698
2022-04-26,15.653281674366466,242.21975847949702,227.136914803253,160.3259486319913,127.87301446570159,186.32944600170032,355.32110938325917,388.43907385893135,510.8821831220536,76.12368496687994,364.4302080081111,490.22434832902775,458.7582123480764,89.58953287624068,207.10874378101826
2022-04-27,15.466114108715765,239.34321260740705,228.9992236636842,162.4679009704983,127.76092382251761,173.79432097652793,349.1511372715184,408.63706325770113,506.52152150559374,74.55576446965189,387.11123849008396,468.8113863285125,458.8658907979287,88.66452390328524,209.3822642382995
2022-04-28,15.06199060532276,233.07665945856974,230.04747419007816,158.8183880638822,126.98230615872008,175.76669365869836,347.2694219875279,399.07263808862683,498.2277657280378,74.33497792292897,389.0623807870236,473.4177252617927,456.90400021231005,88.68784581548202,204.8307613842499
2022-04-29,15.482497417816557,238.9437163849088,237.41508334815273,165.18294800291926,129.18786769256346,180.2409938178292,357.19531945703665,411.28382526512365,507.0269431563032,75.50379569626452,404.2600031144328,466.5456150257636,463.72021154781334,90.74910145248026,210.74778587355965
2022-05-02,15.147114536075994,233.35382184446368,230.67062674521154,161.2457736611386,127.25392380293216,175.95179760970822,350.21739414575416,403.76257879052196,505.3018548501353,75.00666078041748,382.5673959389001,470.27580887262957,470.3435440676228,89.63427472834624,203.57676481065104
2022-05-03,15.256649125662276,243.25091051212777,230.54662442158593,174.5685791316089,126.13389513981576,177.33318363657486,356.45775678410564,410.17174421906066,512.8038572780948,74.8131840102277,382.6653443045125,480.4064470262802,457.686782931706,91.95986176855347,206.1942009735614
2022-05-04,15.16672066402275,246.92278135493888,240.84660056300174,178.3709804381348,123.70502265663146,181.66172023177003,350.7629708866916,407.66630284099466,510.6741296483555,74.96109941445293,383.63743283429636,479.30578290068377,467.83267500394595,91.58781072915521,206.1587597025982
2022-05-05,14.952880067528088,243.61766972740466,232.02018176683774,174.88972180790708,120.99746714428326,169.0171619766938,338.03554310766077,393.9000220964741,500.6675438094776,74.37368029085268,365.0846655751094,462.02715490154435,440.5720709651477,87.75425851882878,199.8822021128497
2022-05-06,14.574052923447585,238.7787015403217,227.6681356989063,172.2830054703796,122.28116959169752,162.13845072277874,339.12622068321207,394.0892682310636,498.2086834742607,73.21566590150714,371.8753149519401,465.15316402462315,451.6803829003963,86.16719673027438,196.5160997637833
2022-05-09,15.123646289494213,258.3832410175764,233.176078021873,178.53194052345975,126.07008006581795,161.6827620537961,346.4031036184355,406.4519247857596,514.1984231834368,75.52733741770996,385.1127188348066,476.0521222800384,455.319451755141,89.67148341451535,203.9500515171111
2022-05-10,14.976836473071227,259.8455308977684,230.06276321933225,178.70976423396542,125.68791543381904,162.7388497507886,346.2530464520574,404.4126062193024,514.764564668338,75.52441486927779,384.97252241738573,474.90071786297216,451.2119524303195,86.42421781289667,202.88253416088534
2022-05-11,15.064788005084301,261.02050987635255,230.22967806195257,181.46104061540674,127.02008395827566,167.18203544523524,351.70068530586093,413.5295736119809,530.3658481486176,81.57657409491655,395.4426043139401,490.06502061401625,459.92045395184203,89.28351541845723,204.5428366026007
2022-05-12,15.11123102970482,254.8283175206166,232.25387501935958,187.0521250786257,129.7707141075803,169.10311444363307,359.52980407721253,423.64946339550835,534.152692703911,83.33305748825315,411.37161811169227,528.6999068877145,468.03754894506864,92.29570765901427,207.7159430274549
2022-05-13,15.183324454166087,252.6333783345879,233.01578315830238,186.53456138796577,130.7043673292527,170.89946132811045,357.38734509657024,421.12500109451827,536.1038539211758,83.4746355915262,414.2983796417954,518.1117300674213,465.98971290496223,91.74260295126723,207.88283379800174
2022-05-16,15.109982586351663,253.52693098352117,229.2287924399131,185.53699916795054,129.7462816972681,165.8794064149172,355.9042307014808,421.59300002486077,535.5246389019527,82.98907416091947,414.8076593831432,519.0159236227438,459.0873595430429,90.42804384852874,206.4322737835012
2022-05-17,14.994070542739646,252.03410186779783,227.10979770041692,184.357349763264,127.9117569865388,166.3299169789903,351.974478074615,418.8044239163494,531.3530004262985,82.41326312387868,408.00656020086853,507.14014989516215,458.53982956467866,89.74979564312518,205.43449652059965
2022-05-18,15.026365611906952,259.6228705838773,228.8606858522188,183.89075650067232,129.1599269582503,167.37252346217602,352.8286877147461,426.64478834840423,537.6032135213082,83.25437556708943,411.42641004704967,513.0555419944775,454.94499227044804,90.53740303098988,208.52452982246058
2022-05-19,15.086788770882984,255.6765492932032,229.19276484611888,183.57887864419058,129.33316905355554,166.30384429365557,351.1560990962063,428.66062582960285,536.9975798966989,82.84705789029051,412.86791786561383,500.6957562848132,452.9506405489657,89.66312125356569,206.77392534739505
2022-05-20,15.04091977852963,251.8023264124858,226.12341279737464,182.53141131579676,129.26919127169444,164.96930823800756,349.71287909857926,422.5209772004409,532.0702977624209,82.12898455391316,410.6539418582947,508.4578737599399,439.713468175939,88.15156192846854,204.30903992297596
2022-05-23,15.032546070114078,253.62987477097911,227.31695626815758,183.2447696602848,129.3922961542047,166.53550232394514,351.05873564767626,424.16093335083417,534.3984155946755,82.88718668793517,413.7181457086343,501.82828227653704,450.03059325642835,88.83220543240701,203.80671672857824
2022-05-24,14.792531661815996,253.55313959704714,228.309341647923,182.51533881166557,128.78823162588824,165.54511069117572,347.61460429577966,415.0533463817785,528.8279411871621,82.8160444808517,412.05101962489164,497.8656102862949,443.68356260790284,88.13018293670997,202.11776606258607
2022-05-25,14.685751071377572,252.25980456814705,226.02181574630916,182.45613002095365,127.86009051820712,164.56781151705067,346.51938461793594,417.4790768543886,527.595123393356,82.95049006866533,412.6945564018525,521.4151457012961,442.12015598874547,88.05103357255383,201.29939460185926
2022-05-26,14.482870899350177,252.9825276045875,227.54288896620858,182.7702663945366,129.15309114944847,165.31878593593905,346.5699559108539,419.59463681182206,528.492390049139,82.7136592011516,410.72824607201727,486.80829552039813,447.316432799302,87.88447483857087,200.59520545029022
2022-05-27,14.626469496624994,261.6424634989588,230.73399590334714,185.52055371106113,132.54415458352042,168.35304598411312,349.65470702567256,420.0936319630251,536.1368408326466,83.23583289654654,423.41799400773556,490.741843029096,453.31350680224585,90.19025958163775,202.40617192985715
2022-05-30,14.717109892896964,262.87356508255374,232.03037529729093,186.5405785178437,133.32872141113688,168.73975211869057,349.0661361553257,416.5435548963872,538.1834008819363,84.10274385168422,420.73819516752184,502.03837527094566,454.21011033694333,90.52616235970655,202.23974058254177
2022-05-31,14.669523212380154,265.19026099320064,233.39295096971014,185.8251612804629,134.07326333920852,169.98319811286362,348.0467147525614,417.267935690356,537.4133443381334,84.95403384006572,414.83971493769184,504.9862242765337,453.3269709165008,90.91896239945298,202.38943895199816
2022-06-01,14.835848909391709,268.3920302683727,232.25468801196703,184.9989581629395,134.8651905837281,170.35436590153435,348.27627988028536,410.8868411370711,521.3365133347726,83.0459986115513,414.21230551777296,499.5082518470103,456.16915882787015,91.96818137498356,203.71629808971534
2022-06-02,14.810241390226055,264.48031572294906,232.62920390114652,188.00388422988868,135.5742208463585,172.54868975439697,349.5210020293653,409.5710720600839,519.0715104516133,82.86457145962532,417.57158380015187,513.6630103225226,462.297493557331,95.685840933251,204.72445560295148
2022-06-03,14.938867000749823,266.4074860879983,233.63024551468035,190.0995305925702,136.3720161437957,176.57191880524593,349.16097136532227,411.3183978724376,521.0960479244267,83.74146730247666,416.3905197303509,516.3237808343293,458.7248419592652,94.98859324540663,205.85694057623544
2022-06-06,14.954854594101116,265.4686580885649,232.95390890349958,190.4255014344757,135.4140464802378,171.40639854111686,344.7873264044242,409.7204859886022,519.3461310866725,84.43972301568543,415.93285095428666,526.3839047071012,460.7852159332212,93.32685697924389,204.39055502749738
2022-06-07,14.911928712823617,265.9118595799291,233.36959501193328,189.99240731610732,135.61222224012474,175.24229590226332,344.6592185891972,409.9695176113203,521.5027096956957,81.63823898229707,423.5880607552713,501.46958974326293,457.30928498551856,92.68965889588826,203.31881659167163
2022-06-08,14.848926494670792,264.8071060386948,233.05991573795117,190.5799443411534,135.2399427360593,177.24298971518132,347.52176824696744,407.85569757018476,519.27583511297,80.7182899430738,415.86194258365373,503.8052455487945,450.465023561144,92.28121057812919,201.01199433320784
2022-06-09,14.940499084717192,265.20078515311224,234.95578033885548,190.59962461523668,135.87721046263155,178.449788517847,343.8790748849098,408.2845042131364,517.3577732990968,80.69558682486256,414.25340384223415,508.5572621629578,440.11584224461285,91.5540262924998,202.85025123965136
2022-06-10,15.001995110282223,265.45767238832127,236.36608919932937,193.1097406267459,137.2981669725515,178.44291090489384,342.4695253388437,410.53617583391434,521.1638878316654,80.9551586876282,408.9904283327472,505.07249753894354,439.85565980046493,92.98261974044932,203.90962244921172
2022-06-13,15.213269427490864,262.43113307607405,231.4686925266861,191.84624961850824,136.8763518514002,177.56623164666988,340.66747731432366,405.2440390658403,515.8284780740466,76.70831816195549,409.5517030520039,498.71045635848793,442.23261408548314,91.73643026404096,201.88596706695733
2022-06-14,15.387091635983268,264.9745146005266,232.80095784100874,188.43097194903578,135.95268559802398,179.63835422024528,335.0648784507575,404.5468955735471,514.8199678199802,76.92889736822139,403.96742133813893,506.17975315046124,439.0271883708036,91.91074721226973,201.2018685448312
2022-06-15,15.736521850210023,266.54549524004483,235.73028376405992,189.5552475813223,135.10157960700846,177.05390186960378,326.63849240928226,403.4197699433906,512.6298332536265,76.35637018887175,397.45814752541725,508.2753347060491,435.499157319812,90.94549390478821,200.06183726519563
2022-06-16,15.73526676999064,263.7844703901102,234.58246410004014,190.60850402107874,135.17416344493722,171.2837758135029,332.0071842198473,403.4722064445283,505.62970284296966,76.12204409301384,398.2415610811728,464.55904598253096,438.6022522877945,92.07460520296593,201.13022667483793
2022-06-17,15.773315243397512,260.6383701221601,234.2338186693832,190.06261542651185,133.78323224624793,170.88110123037993,336.70676518272364,406.6533012654601,510.66897148723893,75.0107312699539,398.2895960066429,468.24832792991464,439.71761006243565,91.25846939841574,201.30971256779844
2022-06-20,15.619765189024474,261.401243097398,231.03080419424077,188.44190027731022,133.3888964824717,167.16936381839642,325.37590586294226,406.6814061709084,501.2137481871614,75.60855197430233,402.5983678817226,484.5597326785017,439.76245710200686,90.10549349476969,199.82399920133278
2022-06-21,15.73876225331419,262.98009878550465,231.62825849522144,191.90203522804632,133.9928301054215,171.27222505830497,328.42632037129164,410.049561723146,507.09440676787034,76.77328474434617,404.2227659486592,491.8917531249026,448.0746917094635,92.3596704360199,201.05693633303233
2022-06-22,15.616868281599817,261.341104760987,233.9046272037214,189.3103403384271,133.2937708229431,170.93474989403683,319.6090267441329,411.8735388481588,512.929916409515,76.30398728105651,414.19947159559047,481.6900601694906,441.7498613347798,94.39119510508024,198.62029860421697
2022-06-23,15.608252779897114,263.8995054740919,230.1979564420585,189.20261900654262,133.38989168230404,169.7312075865806,320.25922884311217,412.90920939613625,514.9365694174141,75.63239623786077,419.5237111071441,484.32206361220415,433.06582796261944,93.85317537853025,196.85634775373816
2022-06-24,15.671174258378006,265.57443517115234,231.08743317428048,190.50511516001728,133.78483609177027,172.19067272661,320.6981053896185,415.45283335333033,509.8997183863201,74.73531943081503,421.6266922834574,490.3016979386584,432.8516338246615,95.0806257064991,198.17443700863814
2022-06-27,15.607552830285504,270.5340198268282,229.91356389705203,190.32108965102418,134.85223144678758,173.3100492287363,317.2094865778032,416.4223183269308,506.6620118072323,74.72280490693295,428.9918934390231,489.902309891493,427.1749443220137,94.53561492063173,198.9998868821077
2022-06-28,15.560535238793102,270.32948244416826,231.34285159981556,188.63944138090048,134.68513914739992,171.98984378530295,322.9780325056115,420.05877154032083,506.7707442662566,75.26688735777638,422.07727819220014,485.8816633150807,429.8758724921184,90.84986321156349,200.84005098682522
2022-06-29,15.473644181335816,267.82837479339923,232.29027187816945,190.69859333590836,134.1891060449109,172.07996489817808,323.50383917986295,420.16514512680493,501.39843647007086,75.33637042190136,421.4543153023303,470.56790967295973,437.5084461103074,89.09965345123894,200.91844394198057
2022-06-30,15.597741624500761,267.10879314096945,227.1325394728674,191.23951151798434,134.7161235568132,170.35196569569842,314.1116430654471,422.4855701162395,503.225719635352,75.56232387635032,412.0460343003751,473.2771644618812,446.45507356459655,91.51693482727788,199.70342513072538
2022-07-01,15.671241147327937,261.66881149813844,233.25659517498386,194.44634773986422,135.49018064597504,172.75510982558868,313.85934274622014,425.104767035928,503.05593122105677,77.29807302634289,419.11280083364767,476.6124037590343,452.2108327613729,92.99415451188318,200.16160853243346
2022-07-04,15.806769910718117,260.496630729639,235.32600947022527,193.20320781290636,135.9783761460468,172.82977479705823,321.33403170227825,425.7111056217232,507.11602773722694,76.75829418537643,418.92089444045655,476.2687523085303,456.0493420109766,91.70439083070256,198.48700373319116
2022-07-05,15.802516034516387,261.31314440226816,234.88032754461898,192.86289227130555,135.43153485864008,173.4971161326115,323.8174974331186,427.0071021915145,506.6844874423385,76.1389816667891,417.53950358595915,477.2013308130474,455.59969341348346,90.64432632022125,193.19847273920865
2022-07-06,15.80192345153419,260.7297712565515,237.76048807787348,192.41917573907244,135.61354312541835,174.15180141611438,329.0155507146492,427.4645454820182,498.7816552156776,75.7665075335194,424.1285590841855,483.63178707909947,460.887919373395,91.52201851633673,196.11434102232914
2022-07-07,15.926249043331557,266.52991912862484,244.63482786854377,196.10399901381564,136.6591493819959,175.08850199344968,330.25334035296197,432.98743070570623,507.08483946506794,76.71303510243291,430.24306864946766,480.67769272653663,467.5456192620369,91.66550346880815,196.18451069635876
2022-07-08,15.83659325945719,266.3049778484032,244.0734545827307,194.09254078912082,135.4144394000943,174.1243194122624,332.0047627497066,433.8263350293634,517.5389872545659,76.6286589846684,428.22692447987043,480.5128616420666,469.82989527205933,93.48631685979991,193.87727162899503
2022-07-11,15.821388846551995,266.3796682255966,242.8189764812852,192.8784819073086,135.31461397720022,171.08254295500834,333.9760188141838,434.0167111127374,515.7230318567238,77.7942066667744,427.18352975138873,476.778601639291,471.58294509526553,92.52433024125253,196.90343277589645
2022-07-12,15.990409624607167,267.9177887612713,242.48073804043108,192.49329706975809,137.515882829978,172.00588068078076,337.947897543237,438.5293769584908,518.4416698702815,78.81226575824,432.67014440586183,480.5235846508225,475.1130664918438,92.68247494027146,197.49346120434606
2022-07-13,16.090891964064788,270.28471048111265,237.16730866735,194.65767513948828,139.01141610387327,171.77356358345213,335.57057959500224,441.2150472980905,510.6970238066204,79.14855140591034,433.60687934037514,485.4713996891202,478.01946194682665,94.0626986658644,198.8166719271905
2022-07-14,16.01868269438048,277.4726574933978,236.74647558247167,193.82759320914522,139.7992606569477,166.60865278678625,336.70405607738223,444.21543078064866,520.0243876368288,80.31467052794856,435.60932230065777,487.19158055969035,482.94117440280843,94.21350345639038,200.70614575531624
2022-07-15,16.058936768514304,272.99015563805887,234.51125457330443,193.98962469094673,141.01271668468766,161.94495281074262,334.9073722190305,444.69692703782994,525.6953498871417,79.89381408472568,433.31870375052887,488.733891773216,482.79125150638714,94.56201093350235,203.03364430122713
2022-07-18,15.844478933477742,263.41264714490256,231.5729189954981,189.863923058007,142.50439744794042,158.06178528985325,334.42143489031764,443.3682125078588,507.8126415136382,80.69211499950399,432.7010988612514,493.4826401031729,489.94046000790297,94.2696559654788,197.16956079689626
2022-07-19,15.688606133002338,271.9613186482747,230.71760402612964,187.66101815215467,140.75977629218698,159.38915547793349,331.95727922143,438.4113483729127,511.3154570468795,81.11472181520342,427.78298455847863,484.47486735889487,478.6802902098162,93.26954383030981,195.0992529878498
2022-07-20,15.917399783590641,279.5573104516723,233.52815162816592,189.79889391462294,139.9677398625801,159.06075650166252,332.66980422130234,440.10729844569164,516.938742672479,81.1221214385959,427.1322091344395,489.72251004741423,487.6606278501268,93.89044492655779,196.03489002415716
2022-07-21,15.708176018458714,274.47219135978827,241.60197962938742,187.93290181786486,145.78597537151012,162.27238233120502,335.490850570551,448.52228307514986,528.5861646690246,80.17989218510085,425.5069955557461,487.3303641121502,489.3074023576065,93.32275727981389,191.41445935612603
2022-07-22,15.235991309495532,268.70254204611564,246.67933335081864,179.9978634164525,141.9717239006598,148.41388589365127,328.9126310112562,426.86060921391123,511.8996524977558,77.49080111825528,408.7275064621474,462.4490085582977,468.781088053476,89.65071721225573,180.358965065418
2022-07-25,15.834224182552806,272.7570325193996,247.87318365719725,185.11122319288643,146.04152067802488,159.7406640930631,339.4250120017546,431.99406797407624,532.1845106720158,81.77310570066085,427.9109387426592,468.04156126382276,490.81328516070744,92.12142830811374,186.14470243756264
2022-07-26,15.566725181215414,267.70146006443997,254.59259061796843,183.46181345249744,142.2196217420132,163.82308389345678,326.52776330844233,426.5307231371324,514.1365932032803,84.6216128693674,425.6764400933268,465.4740280083116,494.5241006124296,91.77105683371448,188.898024538531
2022-07-27,15.654126745010004,265.1218827198584,259.74253439852765,181.3871290514288,140.1169903465663,157.0118122388586,336.73678019880697,419.23449889511556,524.1126050760986,85.65249681777578,424.67960392068403,465.28707840583365,480.12705753766767,92.98969296301189,185.47720648036338
2022-07-28,15.454231446502458,255.14726471361845,244.87914643068711,177.59928221408958,133.84042781594567,153.66065584951124,313.68280301136167,405.61748644833165,514.1805715532046,83.1948127602943,410.3888037328085,453.093378949668,475.7974224186227,87.71695936938443,177.46394922674088
2022-07-29,16.009734312745035,251.6387559065084,247.46296340306225,178.66160256472182,136.362103791206,156.0447248448111,309.4799331340317,411.59807058191876,520.3107312451297,81.25868517992333,409.120133719981,454.6590893056239,463.2265228479449,89.74936273119083,185.6275934251536
2022-08-01,15.556266969222523,261.2103469257336,252.54608092863447,179.8458825068999,137.83330395645402,155.9674308276791,319.42201419534126,405.55016530652284,552.1037570699851,87.55849095645847,399.21317519036444,469.98900721713267,470.9472771625837,90.54024413116146,191.953849061962
2022-08-02,15.784150006078573,256.797863754492,255.85332291208917,178.6087550659812,139.21079837153118,154.7008112888929,312.8806413393848,408.51361205476394,545.2612349366119,88.16549610105588,401.5264800074939,476.19277841750596,466.5137832546583,89.41667213187998,197.55204206186448
2022-08-03,15.635926052785836,251.82891909477573,255.0869246566538,176.37730928891662,137.27753047556018,164.46886595667885,305.420887150164,395.25938780915686,557.3316085032768,84.59119692729523,399.4018780179921,477.29494139641037,450.9438596432454,89.4114610542823,193.95315649044767
2022-08-04,17.45438810414655,262.662986029997,278.3280959696516,190.2078232703825,143.75058171215426,173.92042334457028,319.1363913732633,431.8108193916753,588.2207347376944,92.78767044165158,423.4501299461432,498.5515009941994,476.6630109579861,94.50890669362957,212.04470891841865
2022-08-05,17.011588247264648,263.1805987317559,263.2372297577246,187.65545989617212,145.0351838026495,170.30800168393822,317.2820891701475,419.4559177382916,582.3348984187132,79.96128456531987,413.53874335133315,485.6111267127357,466.55101340603744,93.26716318925337,215.44884061965288
2022-08-08,16.442405237781852,264.7480109197714,271.47001424839937,186.26054466869118,148.205567979758,165.64983560912012,312.328219051719,410.35722597753556,583.1343642002954,77.92749577859614,404.6346860866334,477.6325189937155,461.7062415803148,90.97928808184643,216.74270176324598
2022-08-09,17.012910927762185,272.0592942621166,307.47033021500255,190.21337336229857,157.3866662311551,168.68862092940367,314.8582811245179,419.1437861548411,594.8941051735632,78.56035677963031,404.451057892257,478.25267837088893,471.96039450886053,93.3487317482231,232.0647792368836
2022-08-10,16.517378895044832,263.01283253066896,288.941148488519,189.2050327113995,151.3695558255334,163.86810707498424,310.26849003880443,403.74213845903364,593.9607403587202,82.78856188604063,396.93684763484896,472.2074637371447,463.77933170442026,93.38919150510276,228.21299056647737
2022-08-11,16.380838844555743,257.0011415690133,261.33888779813384,186.9115308219155,149.32501307601103,158.70999311635168,306.60086485989666,396.64131087951864,577.0518679604828,85.60646406179048,387.45797380386904,465.0683629326018,449.3382533113045,92.30407521930887,231.47448069321177
2022-08-12,16.587049464968995,254.7873040716294,273.57075817537714,193.57183810280745,154.30511490879977,162.5899658483024,313.60610181757653,405.1173508540174,588.9821625706547,81.99001740720804,402.998193257383,473.8279073227838,458.22621546864843,94.95393017672588,236.13486345210623
2022-08-15,16.70091451393657,258.93632555457424,276.92302211570984,192.14654653845898,154.7781689237718,163.14375918234225,315.9170194349427,404.87031907761997,581.5765220409445,84.29961342976485,404.45908133876827,473.3231236776823,458.83717640187007,93.22456656805763,237.509802631019
2022-08-16,16.740823853364834,261.65925915838983,277.51613423706954,192.5282095303249,155.22307158506177,163.70947481495637,315.00823165343036,408.61913019356524,582.9416903855663,79.94246822079603,396.9583411699153,477.948345938753,459.56164200626404,93.36763061260366,237.96118929165547
2022-08-17,16.822251928511086,266.1001754240819,278.96475820140074,193.49354552476623,155.09318719571527,162.21172048544548,315.76185940644814,410.78312869611653,589.6244438295444,82.63543074943041,391.8231457462498,477.1668155131557,461.84839300226906,93.50998606384782,241.5846311118862
2022-08-18,16.76582169536749,269.67890073269393,278.3023626273152,195.48691483737238,152.67056454149363,162.1075454494569,315.10468092264335,403.0823039457601,587.7313421026649,80.7491871531561,388.52317601507235,476.8571897649526,460.6045907405155,94.3528713274253,241.0685343034026
2022-08-19,16.956057048418884,270.3749464189117,278.7041122720424,196.28251973740993,152.67593842801537,160.5941788484222,315.87467334800164,405.7717192305849,598.9434034196656,81.52279004316766,387.160630833537,477.08837601471123,465.48306896289233,93.72003311979155,238.25777939783805
2022-08-22,17.124682924695005,268.5233027396238,274.840525301687,196.94486465440036,152.98719720110472,160.90170389164052,318.0338252329702,406.16945504562693,597.1387089507461,81.11027699264778,387.80054720245494,478.90978787094696,469.03514861435417,92.07990433594857,235.3483084442441
2022-08-23,17.291501298682952,268.7679231297487,272.9381156111329,194.45471756636599,155.20593004956436,161.85748683213467,320.8616295669414,409.2682734422835,601.0227873608493,81.50126474591359,389.59046992672586,476.64204690768116,463.51140194694347,97.56835174781017,237.0330828701123
2022-08-24,17.286034503998135,268.1024248831703,277.3853513336926,194.94065684869167,154.74673613310094,162.07305532690447,322.6729310716642,409.90108381378036,605.376035584031,83.36395772091407,389.25892776092445,475.6936698912968,458.63273058679187,97.711480228127,231.87946685695587
2022-08-25,17.416143585739704,263.7733388346062,272.98003465202345,194.10345649545587,155.54425139485613,159.94236543221322,321.68779280005384,408.20053639511036,600.0293465672218,83.10814098094018,379.36593713399407,471.41233747183804,470.41151064774556,98.74082187943556,229.87446214423318
2022-08-26,17.201178630865954,264.86696968286054,270.1367461575076,194.52383235855152,155.76769317396207,160.38525818761866,322.231087396183,411.09787081786055,598.271309224629,84.03033871861615,390.0407242487023,483.62215666773164,474.32288054837244,101.43161251308328,233.21864257743096
2022-08-29,17.165432829123464,260.3739589714535,272.973852188915,193.79253498538336,158.30363912973323,160.95901503866315,325.2336686047864,406.02492159318007,596.046924279596,82.17720401960543,390.8487288395838,487.25927388932837,483.78599763158684,100.12303512514778,227.10311994900485
2022-08-30,17.0287665800564,259.6760385474492,274.98783437949146,184.92674545277697,157.81544328026186,158.980578042377,329.66395511328835,401.0709953590649,598.4966422919068,81.94808044928065,377.06049329685936,498.5550842291464,491.97132739828874,101.41710961748062,227.0841143171539
2022-08-31,16.805491523898116,258.30251342253865,277.08412574771364,181.29852249999473,155.7265775732786,158.98844790604977,329.2180105492899,401.0662547138287,599.7465128589289,82.1185840403607,369.0567738125657,496.28636815341696,493.41993686814743,101.35371222868984,227.77599183644978
2022-09-01,16.751119158456326,256.4551709943333,281.45090711345006,182.59478360686202,155.57270148860653,157.20365989094367,337.4772212387311,399.8287742019413,598.3064685773992,82.43739717362571,367.093469673122,487.1998406249086,494.17886923426414,99.97959712022829,227.30556464931888
2022-09-02,16.528696425481996,254.71002006795862,287.1145699144688,178.68380018129133,157.4762547468705,158.91597629075818,341.2088117481694,402.51459430885643,603.5060228779563,82.7742849680247,374.57681423739695,486.9703080947461,496.74077772072144,101.7136017595064,228.07921981745696
2022-09-05,16.105509397205758,251.47461895607407,289.9100729938011,177.9647459499258,156.8530285426337,158.324985998383,353.0603717852365,397.12977479915025,599.9918091031789,82.40906151811481,372.63543347538183,492.541178661439,501.1443879992963,100.88936329817136,222.50088514108043
2022-09-06,16.49493525972731,250.690897060993,289.469892947201,183.84923262955954,155.9730238927764,159.5607727785835,349.10240100361716,397.9421611088976,599.966828803991,81.29952031988361,387.54108108661825,497.1669986940997,494.95187512364373,98.52988997139443,223.02963780275277
2022-09-07,16.845895747837893,252.5281016095722,292.55652547849684,190.8080216182428,156.96738183119814,159.34710201907808,344.43160714103675,400.102680124804,604.1289904007934,83.12754416480234,391.1290043506439,503.5090009686705,499.0743520595852,100.07441713133205,224.9095816662613
2022-09-08,16.787674510235174,251.92608259593553,294.0212468112678,190.58161269969526,157.6415992247618,159.47754342364738,333.6416938866481,397.7687151901353,600.7556596398806,83.97164379299805,385.6463530875716,507.79433363989074,490.95898186353133,100.1454908920194,225.1690296420122
2022-09-09,16.563965490464476,253.33683076258092,304.8213416265882,190.2315225558637,158.02798398987036,160.1714975073806,334.48782285514903,397.9544215123049,599.8666092554025,81.2139285774693,389.05788502178916,501.26657686744176,495.62902774710034,100.95682147464397,227.15248154467096
2022-09-12,16.513816633840698,255.75839738194077,305.3984346505069,188.76675843568452,160.4409138701008,160.59456275106533,339.0932877628067,404.1464696049002,605.7509984610266,80.7404240816965,389.76007995047854,493.23358207960797,500.09536479475025,101.88554861067959,228.04804657388667
2022-09-13,16.826731630798626,256.56396610763807,299.6932476539958,195.79436179238266,160.09159709061316,161.6406177887757,343.31863279099656,405.0832735333819,613.4631682741069,81.09016151266925,389.85977756472624,479.9836849878169,491.6411847861044,106.90561685520649,231.0373608447537
2022-09-14,17.161143304970455,262.5627943201225,298.3019572170238,194.52332587824364,158.92587304880948,161.56481222396877,341.76936357793755,403.41214460864734,616.7265780701846,82.60679378885966,395.7987854969807,470.5633900693791,491.66962452322946,106.96522892997747,240.7323314466727
2022-09-15,17.184381608467472,261.92240881191793,305.1044282669988,193.79311117341723,159.32846434405624,161.75022232074403,340.0789645236291,401.9842858398979,616.2424459296966,81.50161752296451,387.6505078101618,475.3464157562699,497.8351338924202,105.87465915893772,236.50161626035145
2022-09-16,17.332286427428844,267.0291337703307,310.85045780801744,197.5242022428062,159.31090427364776,162.41352942519453,339.75742409226524,402.804447670696,617.9504406406111,79.01717464052707,384.80629496741153,473.31638073947767,494.8469074058965,106.24251387104168,229.17687324700876
2022-09-19,17.129977111467568,273.63976003463233,311.95746776163696,199.6573369376077,160.4064212815542,162.9248145489042,337.8765978290463,403.2249596871128,626.2841828990812,77.60450496678237,393.61305061082294,471.9250147229472,492.7243441845834,106.5685124293866,228.78928094310712
2022-09-20,16.826551142198834,273.8125534275716,302.8451874920239,201.37755674728444,160.74536444293193,164.17523594009032,337.42017749918216,404.76070014915496,627.8859147990804,77.82877787232064,406.3955154080799,474.98561121769234,489.344069096705,109.05884894716621,233.57914421182795
2022-09-21,17.365151096532124,267.3358885548328,301.63012485095487,200.667578444184,159.24443946200682,165.06439929201784,337.615181428492,399.93460425964565,624.8127326278321,80.52622552630288,415.00349215569247,472.82001826562845,483.91390128849986,110.42198136194936,208.11079480216904
2022-09-22,17.653814927905472,261.12925423314664,314.38370097707553,203.9062354571743,157.70782906079006,164.6540498099336,339.171759846378,397.2039197601288,625.4839446827999,81.30989059940967,399.45488127534935,477.19037066136576,484.4106617346112,111.91702725531358,205.85002146387959
2022-09-23,17.05506609648188,256.4778382370323,312.0173074857924,203.19859873438241,158.2592032583961,163.69271425351016,335.8699118748089,395.9847693296404,618.9030919742548,81.63343100164806,403.8116969879599,480.9109668924899,481.60235658116636,110.61463570517597,201.13774378280178
2022-09-26,16.965925727648756,253.60246010198995,318.7200622447019,201.01739689909658,157.63603733757168,160.89273559022456,332.9398091964561,389.3913269917006,611.9055768777531,84.09948827519908,407.2565553818553,476.4182318183303,476.82844292040977,112.02814664059468,193.79988359873045
2022-09-27,16.332576193959504,255.88993844816926,314.701946882048,197.59175994145843,157.3617557391098,162.78899987454977,333.8628807479936,386.9717709075052,616.8267631587482,83.8968281091347,398.6884987530629,463.2799034885717,478.9434586426899,111.63691658114676,195.27152055976208
2022-09-28,16.855245945599716,254.4758835149794,332.0343519911988,198.85990415038657,157.1885279244419,158.76527680792614,332.38913807923404,386.463789312884,623.1842364132059,83.65313113162483,401.2505356815173,464.58989618973266,482.8614823396624,113.57388276201766,199.91638091212
2022-09-29,17.04622553988302,254.03810704714138,330.81940800578695,197.08604966130227,155.61843923923902,160.71555013041754,330.1286102210901,385.52834242982163,607.9802759546142,84.0175032254394,399.0250968326787,457.58124431692215,478.3119197386681,112.04382017949587,197.5792670803283
2022-09-30,17.093605646273726,252.5490979768739,319.62240084049915,199.14197228406863,155.29036540105403,161.17583141825847,329.1770976239736,388.5748787629884,606.2573096289308,83.72840110098514,396.83539875800716,466.7898967942989,478.56868716671516,111.72582698156297,192.51402735875476
2022-10-03,16.967419252589504,256.9043319329568,314.08743761558463,200.14130388757025,155.9173691562137,162.30340903805632,328.19073442517924,380.98780099972225,617.0362372646733,82.46626157451185,397.3393790026763,466.8213698379013,484.6173026542629,110.46086089753322,186.56623650093348
2022-10-04,17.171445798898425,256.1896348052995,305.44732122163714,200.01465093385096,157.87353096553105,164.71268190270862,318.2152523390263,383.062744790461,637.5708351554243,81.49212671323444,396.12260151817924,475.7004967689531,467.54450569533617,110.15053139894918,185.24359749866633
2022-10-05,17.117683726979138,261.89275923742053,312.0472661211649,200.3641459407578,157.7344801774791,169.28942579459545,324.0535533540096,385.58794246251557,658.1041740361368,82.54223584132099,397.213156197736,472.17506270876464,470.5624354303565,108.93362248882116,184.43482249694196
2022-10-06,17.1720561428474,266.44289903060394,310.053839959232,204.4584726712767,160.36503270253627,171.58361970242152,330.7298754364912,395.77785502990565,663.3692797021149,84.07627507409903,401.7271655976855,472.4613392950843,512.6597293028383,110.66171338774579,187.35504980659925
2022-10-07,16.96317785565516,265.2136695511281,302.90062189418677,201.1609480365931,159.07538684616958,164.19023089378805,328.122042622827,385.3735934962436,606.6614516888578,83.2334890192272,391.09195108789726,459.981412736184,557.3381123641287,110.26301799638767,186.569041110239
2022-10-10,16.980562309693465,258.971889446265,302.40934563561467,200.6129597856062,158.23909414514424,173.380156338563,328.1699048516004,380.6955977258915,611.4757743071658,82.4359039310887,385.36626343694417,467.32179415243735,550.8967157516751,110.51261183114822,186.8767406358265
2022-10-11,16.94671317387291,256.9226064164611,316.6490204961447,199.7223242660315,157.5441821577748,175.37899375296595,323.1336242328927,385.52425860903827,605.3267715820616,82.35708654578609,387.69932755161193,466.5594153522062,562.653754108137,111.21220215412684,188.260686164453
2022-10-12,16.633482277635206,255.84970716365888,315.8729652648681,201.31890453877446,156.1420522917528,172.7198561379853,327.25922575195847,380.91732516868296,584.8674533637068,82.84964579993309,389.20895520368254,469.5956958099711,570.5746602643926,111.40657610527147,188.04780814028126
2022-10-13,16.922230302281253,253.0284902163254,329.65057741646604,200.92957389071822,157.49319710780796,175.76844942060598,324.5541730035897,384.61696835343855,590.4851404564258,81.82434437132791,389.2545181224662,465.6341306054854,576.500317782519,111.07717425292564,189.8090726901048
2022-10-14,16.72228855873599,248.20939774782244,322.21124045411347,202.66975400102987,160.2644395805863,185.53604887753662,318.83216218138153,379.064571611218,566.2129206046425,82.2960565060234,397.9407866199122,469.0651260027536,578.6067746146277,108.44749937964708,189.26523272026802
2022-10-17,16.768397567685422,250.85519425323432,318.8890530724442,202.76039724558595,160.5854462925128,186.19165760237698,316.7773778147933,379.3865839185046,562.7838576702035,81.5799671721788,402.01450665830987,474.46794397577435,580.4097426883563,108.06153899823613,189.54918195859375
2022-10-18,16.8391537976148,253.41468530493688,319.7233162290359,203.64206351645356,162.23343760032245,191.668127704206,316.36870386824614,383.85037282526656,548.5064884118544,81.52546011129155,406.6743001539016,482.17645200559105,574.0705722482162,108.07321554506842,189.85532597678497
2022-10-19,16.905734843432732,252.00806397641668,323.44615852375904,203.77006016871425,164.24624432744096,198.0085011877708,313.29800480316936,379.97524221610746,548.5459961653091,81.13385094999087,407.2730851840029,484.4362390334403,566.7693768077829,113.75973213613686,190.00609059179254
2022-10-20,17.18433329708731,250.14516721664893,324.0579700785399,204.90549859366746,164.51732045851224,196.87331992748088,310.15378964380665,378.67150800436053,542.0891686910097,81.57840136100367,414.2862970952541,486.67055183362845,573.2018480229164,117.55574092522102,190.07897470858404
2022-10-21,16.569384022133303,249.66478466154197,327.5325456554721,208.30713603963238,163.04845118478286,201.74265696216557,312.6608700260593,377.5522139537521,537.0056970141735,81.16979405923564,416.09471292591894,490.23923767040884,551.8915138812903,119.18036942938232,189.11332692214833
2022-10-24,16.324828682679136,249.88875960129545,333.7300478410046,206.4513393902124,162.4944423706717,195.3127413723546,315.275768183972,372.06125161514905,544.3160405316008,81.33516951159486,414.3876463526087,489.6833849083865,553.5139268275626,120.3516442578387,186.26286676568364
2022-10-25,16.530042340317802,253.95921721937663,339.57927542823586,212.05169855235013,163.64093019711856,201.9895327878332,322.7067391462931,374.2713716842012,555.2046691043386,82.17335813385226,418.6422998261626,486.311556161448,553.7381442582538,121.02832164687992,189.4296135728354
2022-10-26,16.780888654779908,253.29180819586057,335.95265883782406,211.448855019964,163.3084171657306,206.4160899181083,325.58366307988183,367.2305516393125,555.5432389814987,83.30488905540575,419.21707556057095,482.5042085670992,558.240080070851,122.16138196711529,189.35820577235737
2022-10-27,16.529809325955632,255.70927781951644,333.18852741401116,209.18351713012635,163.35588621300673,207.88771615781644,318.86871533563306,366.9668474367633,557.9363871924108,84.0983943637511,419.6953808159118,482.68104421321226,555.6607756763283,125.33318028168462,190.7439641956507
2022-10-28,16.678699364847606,253.5859279897092,331.4330381332524,209.5841761815475,162.48304486365112,205.5404338457852,321.20908159511083,361.421963581245,555.6603177544816,84.72506429306979,420.36006787298334,479.3642709862043,558.2876929461963,123.86482145938581,191.2618046212234
2022-10-31,17.012802609154843,254.86478599704319,331.1852782161587,207.52153600244145,170.14138708238818,195.34596808953913,298.6303081352812,370.29025832520335,562.013366396178,84.99496394535068,407.65224915583883,484.69205000009083,552.1701374313649,123.48210871690405,193.78169061199816
2022-11-01,17.149594656997845,254.3036785786096,334.4561163360117,210.28329444961724,169.31859514563712,194.2463533332539,295.41505676759465,370.0197872846163,565.260050478493,83.90808478067166,401.9644867265011,483.5154967230284,557.3963932989317,123.940542085099,195.72521920263432
2022-11-02,16.9872863645982,250.67098691665254,328.4223693094414,205.17008516192732,166.80108562078047,182.41570365392855,288.0321185056649,363.0795997712724,559.8035270132063,82.90953874916599,399.1451958557361,474.5204085047345,550.2435632517639,123.54127843138525,193.1758138496837
2022-11-03,17.1643366499632,249.94832259927057,328.2266006209533,206.4329482318289,165.29270345200638,178.78031215161698,282.74688609314836,361.83301832335536,560.5079646741586,82.27967746779679,402.56905198620683,478.5493022967012,545.8589770126111,124.06795890605956,192.26094620170866
2022-11-04,17.227307570859892,249.12373536379653,329.52857623602296,206.82129886300885,164.08298338479466,176.48767797958098,275.4094916149943,359.16078065116443,563.7080531461102,82.77986991900373,398.08236076711387,474.90469254440654,546.4917856572528,124.23447834812522,188.95012044648095
2022-11-07,17.681662263625846,248.36739647641892,332.3220235760049,206.94987361335544,161.19087779330334,176.65004264262978,269.44558855617424,357.88381829116184,558.9890383203992,82.39739067224822,398.29632206055004,475.2789130706229,540.8511773936401,123.15928260743763,186.28299560682873
2022-11-08,17.700536538475657,247.43202016832038,326.0264538782066,210.17829569332693,161.3947647625639,175.13587142684702,266.2613502125592,355.363463991139,553.2426474586099,82.80538603574163,397.64912243693016,470.39520929676314,543.4506532046917,122.37689539995768,183.71603700567
2022-11-09,17.951947292965585,245.8564654528079,324.19521791875866,210.47162456856438,162.2889694472322,171.593574910188,256.79984775645516,355.07298365276364,547.8224832603966,82.57139295877786,393.54976017905847,468.3809123500397,541.9011702940976,121.93285020151292,182.12941795850764
2022-11-10,18.19364512705239,246.04788688599106,325.62147052035203,211.65041421030404,159.73204561831335,166.97611127633286,258.64428088282693,358.0935418815887,548.1887746478969,83.30209858971224,398.5930947617754,471.4481521384569,550.391226514325,124.17247313784823,183.54129050595853
2022-11-11,17.972347012512817,246.0562701574269,324.1728877166629,213.80553366474305,163.72615503515064,167.17203509690512,264.79578661820636,362.1927930390276,549.3874108485269,84.39606186201846,405.44101586854214,468.7830610903323,552.2971588254255,125.05378644486503,181.65033136789918
2022-11-14,18.226025622559348,245.84398145760255,323.86828554011646,213.84489198395804,160.23037189868293,162.3558029958246,263.4577153407325,361.7851918121478,548.4482360953156,87.51574578190504,401.4153933397558,466.4922618326242,551.0354488802088,123.57858250047207,182.5929990421901
2022-11-15,18.106240442579512,245.12222439895055,323.5336367105449,210.73613513920515,160.26259954012315,161.67143294670674,267.85867311854395,360.1572244667858,531.7455888185502,85.72811446146655,390.49451018889187,467.4655007515406,562.2606718935849,121.18140506390155,180.26964295667258
2022-11-16,17.71337439599278,244.59988254995926,321.70149746743704,209.34508697809554,157.03460007345615,162.35271211944308,258.99097684814717,364.0353412321531,536.6685559719609,89.42110535300615,393.6877158429273,468.0617033789962,567.9254187063038,120.2956666434786,179.15283549297223
2022-11-17,17.762325763312457,244.24253726828408,319.978930715601,208.48817741189478,155.52794327908794,160.4438560069703,252.0861052929949,363.1386448192241,530.6520210508403,87.49938503605235,387.0807048915477,465.5224331579084,567.969093619337,119.39962503513966,178.91711612948382
2022-11-18,18.102136759930744,244.24256285242237,321.2287064689989,208.09322232129588,152.16830185426423,158.6759031819292,249.90974728845197,361.92059933947223,541.0956948768205,87.13511871362654,384.6822367453898,466.76106530525004,561.126138724463,119.80127306913892,179.97391474199898
2022-11-21,18.489011391983958,246.5167314038106,323.71745932483594,209.27738103341642,152.80069146802106,160.47867717990084,251.7100484244386,364.89981489175847,540.7443666089744,88.26986419094717,390.63201005942926,468.1501258219576,575.9905246039292,120.75046600606638,179.95686891651346
2022-11-22,18.667415483426346,245.9755125798594,322.9677843647801,208.83957688635067,155.3841116581949,160.33891848811444,253.06139648986456,360.86523880121183,535.4567834473983,88.23757935763196,383.16764347396435,467.6926290498335,579.3971914705343,119.54545568873624,178.91270141613714
2022-11-23,18.710999901700653,244.93722994293628,324.2259703474999,208.73926819349316,155.77644858331226,159.45763694908365,255.20887996379076,360.72231940241767,540.6063662638089,87.08683312841137,384.576285455195,467.3140707333601,582.3483358498781,121.25530667228438,177.34545613114022
2022-11-24,18.372837935009773,244.04672963102558,321.5892255827104,212.65603621610464,157.86562764449326,159.8646467341092,256.4450931128869,361.9888439627899,537.7167556239536,86.57467596720439,386.3994655898719,466.5478358727873,576.3833495746827,120.3378551828912,177.3798918715795
2022-11-25,18.542867340653753,242.82304709729226,320.2869092580989,211.7172402162829,154.24343099746204,160.0000532461975,255.8713171419325,358.4364330229529,534.0734288886167,86.64816860407349,396.91664238415876,465.66385612446686,586.6377050243976,121.29652176368587,177.29450342942732
2022-11-28,18.37759105280889,243.46582746471512,319.7244608757972,213.30736975140448,149.5420746310067,159.35857579587355,253.9169340391833,359.0345424585185,530.1439072914179,86.6616380583975,403.38773116906697,464.870782341857,585.4568460277341,121.62557573785536,177.30101965190124
2022-11-29,18.746578518098907,242.60921961933,319.4950913494085,213.24722709577532,146.75635650283547,159.06635363282427,253.08312744674615,357.64704870148694,533.9163711044387,87.1279669670401,394.52451509515254,465.1388813628919,588.6572610091306,121.41132430995388,175.40896665465394
2022-11-30,18.424768868005316,241.96605446481988,319.0641935000811,211.8447579208889,148.23659529010675,160.65185294407812,255.20934821441344,359.1584083087109,532.2571754172697,85.91507707239984,390.6396270249821,463.40294839986797,584.3018457409136,120.4523378834345,172.26774276145062
2022-12-01,18.42655313289074,240.39583674511164,319.62140801213985,210.07654643363222,146.7760780366947,159.21776189776614,257.2973415931515,357.92605961059326,528.5947849847041,85.9378137938998,389.6435178510558,459.6952676781568,581.7264022919479,121.5801932996592,172.32008224613443
2022-12-02,18.362990375962955,240.96477637791048,320.9515853606209,209.37529023737756,146.2777647750412,158.07132658016988,253.61260719263325,357.1282789185256,528.1747183578955,86.62833143963245,394.33013465220534,459.1434134004285,573.6304455789818,121.92120731511037,168.34622639608722
2022-12-05,18.64612450956543,242.79725776569217,323.02074030043264,210.87356371350893,148.4512117349217,159.26667416594583,254.41866774219872,358.3048289222204,529.3952509137644,86.74031380871247,393.4177905291664,459.6367821731797,566.3289662984486,124.0541408112525,169.49974522676757
2022-12-06,18.987126377572018,244.09350422310746,325.48349491743954,212.03961953935732,149.27112147200813,161.6258353202549,253.75385856236255,360.00800643222254,529.8000642422907,88.51819992771546,392.6492568251861,462.6358941235568,557.931350755946,124.88932591229405,169.66845364444634
2022-12-07,18.932549102771087,245.16479562421023,328.40333049286846,213.54537154048788,148.27914877445323,163.34848394129745,255.46126462075995,363.79385546799915,536.8457060815906,90.53399667193506,389.3189436622877,465.17631038884997,552.7048207270906,130.9066811037193,171.31014619652274
2022-12-08,18.938398871886125,243.5911128002217,326.1323359247555,213.75369439886654,148.32599290673454,163.94975852228222,252.92930986031425,362.28525233425535,536.3802797292022,90.6408644990648,389.85770894196827,461.4421121655384,546.6703991759483,130.73475136423667,168.04711948811672
2022-12-09,18.956102054456256,245.0633465194034,326.5495966753637,214.88746536897847,149.0740726069776,164.13510087845154,251.62023457217515,366.0431134783454,538.8881221267396,91.29348235443383,391.2898281601957,461.3791335556875,543.5208583239413,127.44545245517813,167.90755741927498
2022-12-12,18.812353992600855,243.92845113110428,323.8941795080871,214.44081332986073,147.90917850619678,163.34504613984842,250.3492771696373,365.96076605576053,539.5922622034836,90.28947599204668,393.6597360450935,457.2184822112488,539.1371315857731,125.83327621206678,168.42159525735394
2022-12-13,18.777248338574367,244.9640801586871,321.0619744770669,216.25629623774273,148.14449693908284,163.61111113601865,250.0907433904914,367.1900919779727,540.97967987417,89.54898967361515,393.2636428720777,460.9153056591665,537.1770567102374,124.49922620973962,169.1335155962469
2022-12-14,19.010304594162832,247.6761679186997,324.8054395893241,218.99924599624873,149.727342156898,165.22962214094213,253.04360154089093,368.55427409612,544.1642875185727,88.88644995030043,402.5402251990216,470.8154104242064,539.2954782998252,127.47672778098664,171.30945982005696
2022-12-15,19.0343103624869,248.5772861386461,321.43540899886426,219.1589220222883,146.8667939119317,164.24850881450374,250.88281143415279,363.91755708479633,543.1044952646428,89.56265209384486,401.25184670443826,469.6042256101363,532.7795489359603,128.26814739606885,170.87438229568343
2022-12-16,19.087248511603025,250.83221425102764,322.3231818164245,219.39264381790076,149.1119976774498,163.44410460622666,254.89528884213533,364.25965323932894,546.699108092055,89.469817148561,405.26868146421197,470.3126560862175,526.3565184969023,125.84679421893529,171.26122802080812
2022-12-19,19.072612903364593,250.55795540551898,319.4444822723627,218.1239712832859,148.39719332771654,162.95130117685747,254.0543505830498,361.54511407906733,544.5642329411359,89.05465799800645,396.2793125894474,468.2715101309833,534.364940453046,128.52908226797,172.79392256179614
2022-12-20,19.065019883436356,249.2976072742362,317.85989043136277,216.68406272794118,146.72022151128795,161.71774062116182,252.6994363929603,355.99436132498437,547.1766202566411,89.27525508812312,396.98183807015647,468.85288208393445,538.5613376750212,126.86319135411766,174.81185501119762
2022-12-21,18.94491570070839,246.90911511042697,317.1273281634348,216.3747142405729,145.91593100813722,163.01207812277084,252.42885331208515,351.38758014521454,542.6979162618325,89.20539799281916,395.776627309443,473.27518368511744,548.0230777450574,123.38710955532254,173.71154473197245
2022-12-22,18.781218141682793,248.15978502331123,315.3992004576359,216.49579043212609,145.07209055633143,161.05908312228374,250.7504391364895,350.75998409464796,544.7438661806463,89.4571793522893,392.5869922870759,474.2716517730758,560.3922409468629,124.16610071610745,173.26655018786968
2022-12-23,18.87655472671933,249.31476391466495,319.0649475401384,218.24820399908165,146.7506453046669,161.9625700769953,250.81922658017479,351.3415086708527,546.6540757381734,89.24758091389072,398.23442662014895,471.868690874649,585.9828614982498,121.72766941090711,173.2442216751994
2022-12-26,18.830325764557212,249.60519687745622,318.3967816697649,219.5483363269193,146.29453273449,159.49222694491502,249.4389870478945,350.83007206809856,548.7226007140927,90.7359076613464,396.0778290562709,468.44630593689976,575.3942260683611,121.71245982074893,174.4177646678147
2022-12-27,18.79433922024741,249.1330158681413,318.729469793977,218.3366594599883,142.71537756709444,157.5423219025157,249.9892678442763,350.769803546364,548.5087257821574,91.53519039386121,395.54224947329516,465.890274451309,561.6057273972574,122.37581509847051,173.65300134496516
2022-12-28,18.657262139176698,248.40864538838176,320.3692530815738,218.82979159841557,141.45579856408904,157.95169461502257,250.47405181008395,350.1352676083056,548.4581560958054,89.59440864284652,397.845810516374,460.1411940364621,544.7527532467869,120.50854762655118,171.97420167466902
2022-12-29,18.799227518060796,250.18099970756322,321.59938893830724,220.6562473919369,140.25357519520472,158.02140870807162,248.26679640233658,349.347669947604,545.274819028674,88.80850132800411,399.92044560284774,453.28017041061827,534.5913535722435,119.11040668005595,173.8657446547025
2022-12-30,19.119594313121695,250.01858797251626,322.6265195313363,219.71867884429957,146.53824362795362,156.95982354387743,248.4352397725055,349.0746026296794,540.7435532637187,88.3755274203139,399.9158609819206,444.6349918363014,535.3282569439504,117.13388563825302,174.3137615967952
2023-01-02,18.796273863652168,249.2591299553361,322.24177493316694,218.63884897920337,145.40980614396216,158.3456950550367,246.10060551880852,346.1916383238755,538.8334847207036,88.09109779669606,396.1492298297949,439.7988288142756,535.8834881994092,114.9694380835995,177.27724948485357
2023-01-03,18.38001654784156,246.04001250839076,319.71970617166176,216.84888148186926,139.6607883567584,159.29662871912058,244.9757313026027,342.38064089827907,533.4859690517443,88.00529264482468,398.5722746268463,437.7839085516134,527.5586371299936,112.22752707648225,172.23846973836496
2023-01-04,18.18527488944688,245.46814235901766,319.19467944821776,216.6007836162798,131.4510979962798,158.86390388793637,245.1931377117398,337.51143657925337,531.9795516816192,89.84682375217558,400.18861585742246,438.1105377405545,525.2753462494957,112.31796547368198,176.7377354111306
2023-01-05,18.02237597679977,245.3128927761973,318.29881915719545,215.0756796372442,136.28903585333111,158.34768673383556,244.2756523995116,334.46808269698687,530.8173365718849,88.74864524316315,398.0287720662344,434.84090088153624,517.4778184549486,111.76862698107132,170.71743156189305
2023-01-06,17.877088837533964,245.12011606518448,317.35302089176065,213.915105957541,131.00625636550689,159.61690406676766,240.37935187532042,333.89606723878853,531.3869365129149,87.8346182658329,394.0217552764523,431.8444223588493,515.9704901450813,109.37806104525077,165.93795017792576
2023-01-09,17.890784085102172,244.3386641402665,316.93157705504655,213.82379574285244,124.6696745034655,159.6003296779907,238.42131041919703,333.3179177870298,528.944114837066,87.02790264292777,394.5299817254527,439.4697762423433,515.000599730542,107.88378771697069,164.09051966961073
2023-01-10,18.035409700528145,243.0703351552473,320.8881795907663,213.68488053783167,125.47196540706193,160.4385654696986,239.77788028122896,335.0786034315189,528.8170517951144,87.27991955967998,391.4832568185575,438.21658115362754,512.9473658515417,109.64489015126199,165.23593512046693
2023-01-11,18.086547786766246,242.09408447950716,322.469210218684,212.6653198853037,123.91400880927445,159.66877219828942,237.87956485397015,333.0619111032042,528.4090651608759,86.86913335792009,392.8497518621447,431.9882673884396,521.7838745736991,108.35996303126909,167.94782407831963
2023-01-12,18.162865774588067,244.92321051334036,322.1916859549964,214.78773820772727,125.96299524750295,156.39479967484553,236.13222050497274,338.3319352433751,531.9728336005523,87.62325034141116,399.77938854252017,441.54626361804503,524.836846740891,110.7987739928951,173.32361392886844
2023-01-13,18.060389036499505,242.84632700167475,320.4882317350999,212.64872626423465,126.19824999175746,154.7149903784699,235.35740245228087,336.21310097454693,524.0899528830071,87.053266267361,392.9534362393518,437.7671269522545,518.8423130808393,108.85729509654647,167.862805128955
2023-01-16,18.04968943059793,244.48006243310934,322.56235292591344,213.97465695825625,125.01935043876462,154.576804642883,239.70592714015876,338.91284969976317,527.6735253668217,88.53840720022461,394.86222842556265,437.5365903462987,518.370201785941,109.14831869997133,170.69282720138892
2023-01-17,18.15978885042892,246.69753271372625,323.9024921988057,213.0763411039578,126.86565422542937,154.81523277022063,239.62806412657866,340.43535287124985,526.8257258714671,88.67490378371157,392.885032414591,431.79704456307087,516.8957892155945,108.51250956333138,171.95879973430752
2023-01-18,17.98711712096416,249.1491186604718,319.62551996003236,212.1099473894973,126.83380423025672,155.25812355434155,239.90584638259003,342.4110330394303,523.9774724245577,88.69632515829953,391.50311364229077,434.8573499122558,516.940920100898,108.63674739497104,168.50107750924357
2023-01-19,18.03923209070581,249.28538182599874,319.1522303297377,212.12462706074436,126.17753517524334,156.02319421285966,239.11510272638657,343.37525107419737,524.3881835103078,88.91999583363241,391.21863471748617,433.24904047647163,517.6517095185815,106.20732996918264,173.09967481253673
2023-01-20,18.088647203241763,249.1167390423239,315.5226862538638,211.2803568527587,123.305421441619,155.9795903297923,234.4140902685418,341.3189349509034,521.0836107193126,89.55719699236649,389.55513481952323,433.91983230726333,510.09969389951505,106.30571604181583,174.66470609724234
2023-01-23,18.181816837401016,245.0222531965129,315.3553475538723,209.8769502751697,125.81124255842136,155.89727528158966,230.26754168168958,339.07972608918135,517.7737572454886,88.83426224952154,387.7500809888708,432.655254927761,510.1665381716227,106.86851870827356,173.37406588951313
2023-01-24,18.083019808298875,245.183836714052,318.0668057106584,212.80539099887218,126.96781511660089,157.197900606673,231.6432886869006,341.3972018995436,526.3664189159416,89.92042606739888,391.51174507898526,435.5367919602001,511.7832909941419,106.6333426477408,172.18134373595987
2023-01-25,17.836463553228402,245.2211542792354,318.4883275868623,209.0865289168719,125.21722014905065,155.51914082730767,228.5017570970537,341.2262325588515,522.1424660885905,89.27942335455201,387.56032819748447,425.1339079335113,512.304977246034,105.97379550974786,170.83194563719337
2023-01-26,17.69743333703897,242.76510240965368,319.60917395888,210.12557444700343,129.82146877386464,154.77816626417658,227.46115422379205,333.4421993251741,517.5160340698708,89.29727008320167,384.83972330444834,418.1080233866177,507.6432900608487,105.91161397366429,171.53751960027134
2023-01-27,17.535054899025525,247.61809671266133,318.2554955887185,210.31344276292046,130.21455251730734,155.1517711600159,226.04577846332526,333.3809407059725,518.6649036499023,89.18884765961951,385.7539744360257,422.9148509137048,507.22069910774434,106.07247814953348,171.1193480932831
2023-01-30,17.892577094388816,243.23589265198092,325.731692517349,211.5050003269837,140.72891208727793,156.72105469871283,229.23827732751667,335.5241064111452,523.2014880834922,90.18180977273528,388.9223643279642,427.88285057562933,501.58589560630156,106.71593838779363,172.67198631662288
2023-01-31,17.931202205533573,247.00080016269345,323.6267377409281,210.11609676389878,143.81659023912684,157.2799549063847,230.40884768671202,335.19186240011805,529.0774872305904,90.07596574874388,388.51026523848236,432.28146909813097,505.87404853109365,106.75787652150426,171.32688192036792
2023-02-01,18.14594596277635,251.9935841853399,341.50950853035255,219.14215615376585,143.74632001008334,159.7771897718174,230.99746944608324,339.49768065512234,532.9159612775719,92.52920446139659,393.9647673607005,437.2926055207143,511.4846023220073,108.50045098411427,173.8610615407023
2023-02-02,18.051891405320774,245.67949260746067,336.2375810803751,217.32670585496948,145.04422070051785,160.2032369089791,233.35112021881682,341.4939517997761,530.4746821403909,92.62150701582678,391.4633552719485,434.00842316038717,510.8562962156553,108.69553554598716,176.4487756100399
2023-02-03,18.05494242336491,241.4165051421032,338.39401630166094,213.4987044239232,142.70776629864466,158.8585384066185,229.42284709175252,340.1079052710236,525.4218075900486,91.81877550848154,389.44084290164824,432.4228286942346,507.4790916529469,106.77590555796299,174.68323958642458
2023-02-06,17.83655957398029,239.59168299888205,334.71973786915396,212.57800143685668,140.51610575489013,158.19710359039001,226.30031395235056,331.73446879258125,520.5502423744334,91.556878614316,386.35472227694623,430.72017193853037,503.9462726703537,105.70930791622328,173.91238677746952
2023-02-07,17.690187832686252,241.40614254924841,328.3140608254948,213.1301820705677,141.46552226280195,158.5106345459186,228.5501791289264,334.7908566594945,524.9553026814614,92.12918144587746,385.74452691601897,432.9011799515012,503.75636327594185,106.09846123735429,174.48452591487262
2023-02-08,17.26388411107072,240.80425576846864,321.0785127689992,212.58394275955393,141.2002983509742,156.9964634623545,225.3946154120925,334.1664328568614,519.175392465516,90.72063882920615,382.53494578056876,432.53897133627936,497.06433131082196,105.2043764813652,176.4820714408556
2023-02-09,17.577104729424608,246.00082462073485,321.72032669938307,214.17717545888263,140.9686746589702,153.97925205332282,224.97626721744834,333.6704358619431,521.1026446918115,91.76850660259463,385.75670540900285,433.8196870423499,495.87356366139534,105.69779152772934,177.94948228174565
2023-02-10,17.467833734248785,242.07688998130686,321.75134474989505,212.6645363627158,139.4198839370274,153.5699073237031,223.2842109387694,332.2681470365236,521.802382700287,91.51937622948941,383.9965675213549,433.8035684409748,493.09209539088323,106.13531779738334,177.04020431511287
2023-02-13,17.515645025379246,243.62722458993557,319.9344579279133,210.1394976701419,139.80315958289435,151.62916473283803,219.98071635702732,331.65358090944517,517.610103227952,89.78668625654295,380.61125520750846,430.3880196814703,495.0492679453618,105.68929906171138,175.30769483641635
2023-02-14,17.36454997868938,243.81666035563404,315.70050673367615,208.33053247627453,138.7057518579511,149.81544429312814,222.54694729684607,328.30841135471417,514.3352064734165,89.60250789124947,382.855703640062,428.88991281971454,499.7810757568399,105.12696587931838,174.26062690103916
2023-02-15,17.58415710201947,249.88394815211583,315.1677457912945,211.33193680283472,139.94670204436372,149.32055247769284,223.42708972583682,329.4270564290878,513.6417261977041,90.32184058910687,385.0308504976239,431.83593949748166,502.11327028798377,105.33906929787982,177.34500076368303
2023-02-16,17.488756810086603,252.02824099560968,313.936484304464,212.40926121745042,137.33772673466873,147.71079072981334,220.42890938576275,325.0331843849449,510.7402872755382,89.34909748103726,378.46196562276185,427.8741563369188,498.12950737156604,104.89645453622371,173.87454315924376
2023-02-17,17.42287551612527,251.65358579421405,318.1571855583684,212.55982641874292,139.35640550346167,148.2444189142961,222.1414452830305,328.41934155366306,508.2646366331815,89.36890780770412,381.0564965896786,430.29235780575925,497.7947778889846,105.73570712345028,174.79789579518723
2023-02-20,17.52298134770987,252.22760316798002,301.8654855052857,214.5414735901569,140.80079645554395,148.39070194218596,220.74354685369696,329.06922843132367,515.1174760672511,89.25795369618145,383.4729201451749,430.16804005349115,500.80468141948154,105.67390604285141,175.70410567289477
2023-02-21,17.87500749200366,250.2296932423645,300.4558135727716,214.6060637290137,142.52336295792506,148.82855812906087,221.00680852216166,329.5920178611216,512.8831757209456,90.18847191797686,381.56431384107907,423.7667335065039,497.67182695260834,105.14292521714219,174.10346434450915
2023-02-22,17.5689469566948,247.08748214129065,300.81877164828194,212.37214164440513,142.95370515112944,149.19457665052798,222.4409853802498,326.5170718031078,508.7459877245176,89.00244000860809,374.94255477787686,419.9908956402038,493.0747626367382,103.87440940436551,173.2816690910083
2023-02-23,17.24371615625648,248.13799464015764,306.9326351080317,212.18405767613183,145.60000510028348,149.64007715780775,222.97651005298314,322.78472907388993,499.625393136722,90.50685595583437,379.06053767585786,429.4202343057101,499.7406265019013,104.662865928443,174.4678642635055
2023-02-24,17.297222375534787,245.91472411322684,307.0654546308714,212.68461802413069,146.60183315423984,148.75107454916508,220.1666413562812,318.6437655064332,501.60589880934714,89.71628839491159,379.31579554668974,420.45148689522586,503.9373805746893,103.93445659362312,177.654993898597
2023-02-27,16.800679581467627,244.3233711582171,299.1507591582478,210.799119635963,147.67949758513078,148.9655370309309,218.0266050727615,314.5620090559261,490.7853213901412,87.10245918513053,374.57771838109176,411.1962580436258,493.3097038782939,102.78292839642502,176.03760989907488
2023-02-28,16.94345353811757,245.20894801344733,297.90902640639746,212.37566864219085,150.46910396229165,148.1765354749657,217.25748647163164,316.7713615944085,494.26466158902105,86.74160489190476,376.270543887742,406.91006719849855,495.71569546482095,104.20927206310127,176.96460392449447
2023-03-01,17.04135531683616,244.11387445747854,295.7215987743315,211.05546210946383,149.82972749650276,144.2163084224837,213.94460228495007,317.54274590362735,493.37620469362076,86.07898345219661,375.9852379394109,445.8464236350635,485.46726263739527,103.89925245849572,177.00063464294306
2023-03-02,16.556254908851674,239.29824699285535,300.4569585356761,209.26947398464668,147.91380650311658,139.71980886018704,213.38874573267623,311.8675641456891,488.12603145519597,84.73804891019289,373.2643849176384,428.9232323929653,478.7587865278743,103.77228411137261,175.7760810647223
2023-03-03,16.59974344845278,241.0079054373887,294.14118800580917,210.3491039770896,148.66030186580605,138.08771212995683,214.13688002670563,312.60941798366787,489.3353030601221,86.56370564699192,374.05925004890884,417.8361554755172,479.99169537074545,104.24576944738854,174.60611559109347
2023-03-06,16.27283274715101,241.0145214371179,300.8167663181964,211.72965239695327,149.02425899068618,140.52258919718346,214.337830854504,312.114310419983,489.52234141736625,85.88278434996691,372.3392973233511,404.20698419070584,478.3632830650092,104.52224656126096,171.8082093333994
2023-03-07,16.246154363876126,245.4660935786797,300.7779087304413,212.7036732556326,150.02879089498344,144.0380212248849,215.7068969532183,315.55663480249007,493.3059310364193,86.99035373866498,377.68919031226744,402.3178069025651,481.53902050471805,105.48403570895805,174.35916659962496
2023-03-08,16.465428058468856,243.71164783350744,303.38637421043944,212.6629229328443,149.30159003846785,144.76736254506415,216.73346169806257,317.6077078290693,489.32524103423157,85.59793525073475,377.902797269328,392.78284537830893,477.84650690648795,105.21774113279729,175.19701094467604
2023-03-09,16.406767187014406,242.66810049335575,302.37871266667105,211.39963943195517,148.9848834372743,143.29868179101163,217.08739335507786,326.842175208419,487.982497802848,86.51955026382947,376.9335260006347,378.7783626435242,485.26704139274227,104.54629050942175,176.5143979705018
2023-03-10,16.470709117780515,249.2014815951845,302.6913870225917,210.4872191805154,148.90706709603802,145.50751612962986,218.11544670349448,335.0364454662845,486.92709419563545,87.20623478655314,375.8078679935485,379.9075526346472,497.1546639966028,103.9740842009301,175.8022451626093
2023-03-13,16.541826805082003,249.80940805074727,310.6923740706182,210.3141075262013,148.87096873066145,145.55580591740747,217.87390140151817,331.43613085064544,481.7721978730482,84.72478311884082,376.7143263659387,369.7425041513233,496.1771612392701,104.80158687132234,173.9118305271309
2023-03-14,16.67486335706717,239.351016693818,308.1637916042072,211.9102419922943,148.96515811519401,147.65672959991468,220.72637564153982,330.75843904373323,479.9666909256567,83.35584511652995,378.16927849295274,372.2846405897633,501.3226407603762,105.89056265748454,172.3175697930252
2023-03-15,16.804246044252157,237.62219290938904,309.6120987017769,212.31464753226106,148.34079991784424,146.42594115656374,221.2818744872313,327.3350833093724,479.98930196069637,83.05273919696766,378.34094945461106,365.66526514079726,491.2373850344741,106.3021307812868,174.0458830539768
2023-03-16,16.648392100349188,240.13889109272898,310.7864743549909,211.4753638126275,149.63307765489358,148.2718497381539,222.19479239281347,332.8689197656081,485.8572590367843,82.71360904512338,378.0925406289421,367.490180549486,494.96006321157296,106.42643990348405,173.34485026676055
2023-03-17,16.427344911185987,244.64229976846067,310.6609676624702,210.43143035228778,150.08224961937427,147.52831070220637,221.28651458475858,335.8763307014641,471.7973250360533,82.72363060988349,378.1995836111513,358.79108207387867,496.47161519892614,105.9901095873847,175.28038815701942
2023-03-20,16.62015725720669,247.49149905316935,305.60862836406676,210.56987905014475,150.1634656364998,149.4622614480008,222.17451025589074,338.6166408860953,480.69864363133894,84.40169821389901,383.1483733951951,361.4824189674929,497.56646744520754,106.63039868083415,175.79391803114353
2023-03-21,16.701008708973056,244.49924407567588,308.40247965732596,209.97875400868776,150.61866165716103,148.7094009828201,221.78644205374215,339.2744907528325,477.87656686520273,82.79795271018874,380.10917866976763,362.289947671875,500.8728007980319,106.28383646758792,174.67628318241933
2023-03-22,16.860755197881705,245.43311277423436,312.03816158577564,211.11298523035023,150.63857197909348,149.61309787673991,223.44074462551686,340.734495518541,471.5482182276014,82.65485227143402,376.366997410598,362.0866813698885,502.9739198021471,106.01001861173106,173.4310074813631
2023-03-23,17.00648712256174,256.24225333766236,317.2715622053667,211.2297870657195,152.2096917581367,151.11326882785946,224.48894051031039,343.01138954886216,477.9480737106809,83.62595787334735,380.52811743852874,365.7943540180583,507.0605353661567,106.58405555727913,173.93463303179146
2023-03-24,16.86568695795409,252.51055319296285,318.4931563736494,209.67292184807522,152.72292273670206,149.98904007310497,224.5881321256348,343.3287675571437,480.10731430244317,82.67764467916436,380.4164226421093,362.4883023110481,503.95548677871705,106.41101853937745,171.56818429250905
2023-03-27,17.13931988645215,269.326516533852,324.016049076021,212.25720029421848,154.808393140789,153.01879901477363,226.48126176235402,347.6149829765574,479.52513310857336,83.25230222462388,386.650526565793,364.53554478245877,510.55958780855667,108.11979814054634,171.73781005920455
2023-03-28,17.04290442783246,274.3979522174171,323.83892201747534,211.0878459130182,155.17936455730504,153.33407300954775,225.86287077909753,344.9209202649263,478.55755608558485,82.75618238096803,385.53861325773846,363.3760882745502,506.480973078832,107.59691495179219,169.9196776335119
2023-03-29,17.06202560245953,265.81921508260007,319.63663304171814,209.6741912859344,155.14755835335365,153.2431684568411,225.51512037252556,344.9976771323936,485.2254962148318,82.62323918481415,382.39273372812363,361.8919270078156,499.5869312520209,107.48090181034648,167.78494271768238
2023-03-30,17.125137713128737,265.80863787436687,318.86348062188557,210.50600195067153,155.5404121309056,153.19949066369074,223.96237492231344,346.6495724439011,480.309859583597,83.7083275515417,385.31410502340526,357.84463203568475,502.22117936033266,108.19791417784596,166.78848337036692
2023-03-31,17.223223172859743,265.24430075003824,322.5074467603358,210.38242461469994,156.83479705200062,153.5395002678985,224.17837762070786,348.98149602177295,484.7093447978459,82.76821991485022,381.0595167654968,358.9086549468912,502.08547586011235,107.8501579093527,166.11066583952382
2023-04-03,17.586520704421098,246.18833035170792,325.3919384532424,209.62296870948393,155.40022564415946,152.92271048416737,221.80125874637284,345.7566870856868,481.3742580734973,82.34381453839633,380.7487765739149,359.4389059509374,500.0066994400791,108.1482205416079,165.24496365090974
2023-04-04,17.63223870821536,224.40537874314285,326.8576693485083,213.42628123541377,156.80748582898946,153.29737251681257,220.37214692936664,350.98037274445863,482.39512558615644,82.69989535607453,380.29759690871134,367.5908000907317,500.4020334048096,109.06777570252213,165.99702868871438
2023-04-05,17.63072708254783,220.7825568506693,329.0802160866225,213.6646468897287,155.86097507703195,153.93834331314073,220.65974647203643,352.4332527259549,480.88651805445807,82.45922369242204,382.685553019682,374.5625802054252,494.5103212373198,109.05792077109646,165.61158305803312
2023-04-06,17.569439823009176,206.21748627592893,332.7254094939287,215.55190101920786,156.9202601244958,158.00959839068923,221.79151271576913,355.18063974357,477.7656968342301,83.12130615297129,388.8042866301526,379.1797422368579,503.5399075209747,109.77237647070264,167.8329146415315
2023-04-07,17.758728722359002,209.2493655012558,334.9902256517947,215.78876394092842,156.72281901750574,151.77723737048413,221.94209311318542,357.2049411777882,484.1295722314503,82.72929609354689,388.05462091876274,375.34935104867435,497.4061789179315,109.89513942834209,169.27713130431474
2023-04-10,17.99254328759612,211.0183065708323,337.6404543089307,214.38234630142594,156.81970720857527,147.52019093217274,217.16760383281064,354.7733601881578,481.54566487684696,82.47165825893678,385.23101070199453,374.7448462994463,504.80710208993696,109.86808403541646,167.2343491213275
2023-04-11,17.373302424692007,204.16373101748894,339.2128043959894,213.7701776170143,156.96574999134455,149.00058413562428,216.80137471819486,353.4238328075442,478.02207685442426,82.95871936049758,382.99668367186547,378.1053990421804,507.80650910769253,110.0429275861884,166.94668451554006
2023-04-12,16.938197453717493,198.53073182692395,337.9570271576797,214.3004595904549,157.50939193121903,150.2006319641341,217.63395861514144,357.5774658066808,472.98319972621454,82.70270592656976,381.852874216814,380.6593389696277,502.47237030572757,110.38152078730309,166.18800796441698
2023-04-13,17.034738620476606,198.50949190865657,339.2369065114885,214.4982150527864,158.4214101472197,155.03274956231772,219.5030530899666,358.00656684377486,471.6640515599871,82.78030848557836,386.5187762047543,381.34794882800094,506.19222720317714,111.27831916131775,167.30548237522495
2023-04-14,17.425158322265094,194.29858390720295,338.28662682516097,215.07202671020795,158.9490611604883,158.18463623374535,219.51920097079446,361.9760299560847,470.2007917904629,82.7323540685001,383.7318249241147,381.7987124110308,505.19420307597676,112.53980277570629,168.11962253708631
2023-04-17,17.37697240432863,193.6068418056005,336.17414336473803,211.2089508301316,157.66449320434856,159.2986907859499,217.95239392700833,356.5087562231832,470.3719957355778,82.82793243618349,383.29215956320166,381.6709138964284,503.3922709417834,112.06989165369725,167.44346223965164
2023-04-18,17.721686691284265,196.2974231990511,338.749051140198,209.50781036429817,159.1722805876746,160.79514644163365,216.10164812620928,359.50378598325244,472.9831696342247,82.73142138312954,384.5037642293191,378.4520437119055,503.1539423828119,113.4286029957418,167.7550368772522
2023-04-19,17.93676463323202,199.92182272130393,340.92592745865267,212.34997618279158,161.79684455900497,164.7588378216435,219.19683994497433,365.6381385632854,478.57440940728355,83.92025436164366,385.76258821578057,381.0562095773201,508.0560707584497,114.58177493468514,172.3621822794569
2023-04-20,17.87737554203759,197.44624355368018,341.34946497191396,213.39022837892512,161.38628672809847,164.78468881281984,218.8885932706872,365.64310364782597,477.0996613806123,84.28072707207822,390.10899192195797,377.737142243499,504.90343456794693,113.83480757904046,174.01868777446404
2023-04-21,18.357486739775826,206.29587245950168,350.46900125454135,225.68384466577047,167.58374741034393,173.7627551000842,220.93809541810938,378.9558508934909,497.57197543230455,87.92326734538838,408.29893477891335,376.3008132619141,516.9741626433689,116.83711516052813,180.91554501340264
2023-04-24,17.91535031954781,208.89128357819632,352.50628181640843,230.36615314065884,169.08298700293525,167.27438522094295,226.74895573070302,387.6921369474479,508.7272565030876,90.65707469500421,421.94938845629423,380.92147090655646,533.4145979667848,121.30418081259084,182.6220923992242
2023-04-25,17.854808357588777,211.07713780198057,358.21066112816817,232.43887106040282,169.95513464987653,174.54296478680564,225.4570056761549,391.9677066815525,513.8745487473208,90.84952637849807,428.7923015296938,384.0100224392578,536.130221983135,122.73454375590988,181.13649784714596
2023-04-26,18.03277209082899,212.79111485845337,365.4253910973605,233.49301610269129,170.0505734220529,177.27713923601058,231.53964967613354,393.93222080944815,517.3718207671644,91.68949996699763,431.41199997344626,377.9793250269289,535.9041711062283,121.15284684390693,179.0231097893313
2023-04-27,17.670025583135548,215.15642338801604,363.92256517068665,233.93632578536688,170.2780433532717,179.39709731339155,231.834929091536,392.92477559797186,519.1368359357732,91.96267681200787,430.8757887123698,376.7899599386272,537.4705141892791,121.13906300257798,179.39968179608354
2023-04-28,17.84796903827719,216.36083273678375,366.3503029037473,232.14831343103992,171.0966591666091,174.23771095600955,227.7625806479943,394.4622383299942,520.7045719364809,94.36907875306107,434.35227139943777,381.17326313660715,539.0391061625459,121.56385254403502,183.81683408943746
2023-05-01,17.677019689743716,216.49253765418771,375.1399816474827,229.64537441664334,171.08701849760166,174.05678517707935,224.9910085941522,394.7546262885757,518.3948206340506,94.6645821467083,434.53903561030614,384.30302284509617,538.2284350136074,122.06007052112693,184.55006136176337
2023-05-02,17.393169766246984,215.65565627764582,377.87145368633924,231.52234283212138,171.57013490219026,178.08614484828973,224.3759718256815,397.01904843990377,519.225332959906,94.6118627247251,437.681321734198,388.0034936559367,537.4882405959279,121.69090580194066,185.5394155482604
2023-05-03,17.25923232176707,217.2554285690884,379.6940889685294,233.8261589433345,170.55683110783258,175.9047985407709,226.0574071825243,401.45076511283514,521.8794031717977,95.72537403006453,437.24507843067784,388.9350774059855,541.3306064790254,122.4727183680759,187.6666372005907
2023-05-04,17.327106144551202,218.38558204385055,384.400551490346,233.55189820517364,170.3676052518641,178.2623956018617,225.13765191143116,405.7322168979904,521.5140057189819,96.05464804864066,442.37167240791035,394.80370416001995,542.7767780349442,124.40806055717312,189.52644685496296
2023-05-05,17.21540494359882,218.47093288620897,381.15836636088187,227.1822256537453,170.59975266397004,179.58178538557942,223.26258746872165,405.70288078756,519.9973586021878,95.76983973586081,440.4145369091715,395.7188698347002,539.5394869771774,122.36413989599228,191.2396066993008
2023-05-08,17.324988466938464,219.63696522830134,383.2969462677035,231.18153791962087,171.25032572184705,181.08251931745764,223.09218087487713,405.7117300712126,522.7394056743891,95.68315065430798,440.2692321534329,396.3004565321141,541.1758635056121,120.55560357389724,191.4733847711683
2023-05-09,17.199294629431353,220.79948783703736,388.4966068313916,238.41979652526805,172.77961405534418,184.31835501476655,222.55058442186802,408.67670632945766,522.6391969111348,96.79232251959529,438.3377714137655,395.5945405241604,547.4229111360817,124.55095055002514,193.42714706479543
2023-05-10,17.198963571811348,220.98620823471202,388.40774601953046,239.68676107771,173.51586460997686,182.87091802620978,224.96128868657706,415.20724270295176,528.1032506027641,95.42708995915469,438.08308395742114,396.96000440079774,549.5274056013475,124.31594389543875,192.6630726944958
2023-05-11,17.05844854996189,223.6301585257073,385.4191853285826,237.04946223744076,172.48522568564053,184.3540096672088,225.29138666448029,418.6282361218796,528.3569940181468,95.97785180888197,440.123537351564,400.5560340244475,562.7234088352972,124.69269984782316,194.56372820471714
2023-05-12,17.116975149170347,224.39969236350822,387.1605032710169,239.12848006818004,174.2345073245604,185.2972606432982,226.33835411325586,422.93404009976695,527.9240959681823,95.37300886749301,437.89010302624223,402.2714792059494,568.9392550156105,122.56770382977788,194.10163460647686
2023-05-15,17.308294363724503,223.43950256205454,385.8541387510198,240.09751794290239,173.3346587299036,185.1599587843738,223.85239907627852,422.74570892273556,523.0073410890122,93.6819424584121,433.7748064021778,402.8749469962444,566.2831131763163,120.60533941126683,194.60282483797354
2023-05-16,17.439675126242705,223.74404792055293,381.757117425081,242.0754492699144,175.1374217398784,185.9295689320914,223.87491232576795,423.7606733112771,521.6490696481848,92.43036281057137,430.9039927330307,402.1228472877701,558.7316465029289,121.99909251582324,194.54911827751053
2023-05-17,18.432926917702076,225.20737434906934,378.1961048289514,245.22977225090733,175.04823852205934,188.37459595829137,226.36169103862622,431.46123484153094,525.1403478688743,93.11707791730628,432.9093601288085,407.7416095581117,562.5357679415863,122.02501952951522,195.9420464169049
2023-05-18,19.124892515096526,227.03665284370243,375.61907012630803,248.3207552771664,176.77032399554395,188.63478601169072,226.20715477503572,443.5605673392264,530.6674328829707,95.3301563869068,432.46788483204574,409.02684688692597,564.3991181680934,125.53399629618777,197.7479853198526
2023-05-19,19.08652224851463,228.3598546933445,380.64009896444384,249.6894306429878,179.55601472595797,191.07460045828583,228.96740376940065,440.1934421905626,531.7053704865726,94.53979045074952,434.9287196997875,408.15104046324706,568.4917335082823,127.2755827379838,198.32764018856727
2023-05-22,19.597471775866797,227.1110572581547,371.674237084593,247.14738900728634,179.7826752055428,192.25786980888924,231.24222599855216,437.71780218936107,532.8425546193248,92.54781144188881,436.93801892041114,407.6561982111112,570.7206601634506,121.59785501543618,197.53166984878683
2023-05-23,20.834173583310488,227.78648334368273,371.57549834925123,246.6608790654681,179.14009873897612,192.4790995080249,229.11318447172908,440.5232489582865,533.4706691046822,91.97821183240895,438.996030126219,407.55558136709755,573.5385171141551,123.68746305061667,197.77016732003165
2023-05-24,21.15388339851738,227.21669260865488,372.98520354647883,245.97653057388862,178.52707784362582,191.68773753846628,227.9960566225791,440.04419600598294,529.8065580897153,89.70776092246474,436.7676047436746,404.1264147811134,579.6498328424967,121.26633208145417,197.22756398328391
2023-05-25,20.80236087880366,225.956238282485,365.7062043178034,242.28085155663027,177.82103554278785,190.23714058295107,228.11578220438153,442.7414524288009,523.2146956487393,90.03331017865618,432.34211207077254,401.3661490634327,568.6583410430312,116.7167936443864,194.9114355199859
2023-05-26,20.574563483878226,226.04694191782397,364.43428203152894,238.91525517520614,175.60614271627026,190.2398059031884,228.91828443605888,445.3221407716108,527.1468869391917,90.03692571421811,432.5238596930774,401.7438450292539,562.3824908225617,116.30911013250298,195.86991502533417
2023-05-29,21.188626107312427,228.37696755910378,374.1243139652902,241.04681171876817,177.5841645539001,192.87971790088383,229.2915255579636,456.5069678640327,528.3270431422893,90.39615839425231,430.4718799361802,403.88108934523945,575.7434263027383,114.68488248325309,196.69511147277103
2023-05-30,21.01975744460646,227.9090376883385,368.6527994393144,242.0188547829016,179.40246878970672,192.30234586926437,229.26228264558335,458.3303792809184,528.0604671092308,90.28747625012848,428.8087160454487,405.88269185072227,574.569356544983,111.26074300559014,194.54046622063132
2023-05-31,19.59038383541142,230.01246657460544,376.7815686113062,243.0864073780028,181.08887707818977,194.19524966946696,229.92554528489606,483.91164464096295,530.3066396739724,90.45175989201329,431.4925332265316,409.14747661872275,573.9315929845193,112.86674982550137,195.6185137265373
2023-06-01,19.174274102220604,229.40923887097844,376.3535217641879,244.1072204166379,182.66869613034163,195.07722168832416,226.54553991632903,471.0288779668088,527.1187033158843,90.27797469581216,428.5001618598769,406.85187822234917,576.7675840419147,113.97150787609867,196.38467249223072
2023-06-02,19.389144090529765,228.87303149372815,376.5964980327163,245.56770770335643,183.82578048603534,195.56226618360523,229.12630177290924,468.60720822200926,529.3685622190375,90.27168982691562,430.0279346375975,410.46074116232325,587.0422943313579,114.67773333476903,196.81183823710435
2023-06-05,20.129470215344302,226.83537734127722,383.9947569722642,244.2674728467118,183.32292872449193,194.5168393529084,225.26778156030664,478.39601016587596,527.1077896963262,89.94130145754578,428.167561220556,407.67348557302495,575.0872616981691,114.08278119666417,193.8025821573989
2023-06-06,20.21957130909304,228.48458405411014,379.3284633427028,244.63433025008882,181.41468587945627,194.19472979221723,222.94856582312406,483.0358044988184,528.3132829286358,89.9224114879692,428.2295084929867,409.81472223962754,573.0422549755674,115.81571542252182,192.91862815289016
2023-06-07,19.651007786695935,226.4351475157813,380.14589333432116,242.51475948853405,180.63895848900296,192.82936477745756,222.2162078361213,486.6829753775913,529.1952384807056,89.12684004116556,428.03374791377655,409.1151985855851,560.1565167266476,115.86733591350512,193.67046017948098
2023-06-08,19.298834402402456,224.50924072213465,370.7632358815476,240.4736557109939,179.7215079225441,192.3596003524263,218.90223024395092,488.4023212298336,525.883565663591,89.41767489894794,425.6515833198387,406.55060902385037,564.6249017295571,115.67483443833225,193.454905413754
2023-06-09,19.45445483653329,222.63397754316918,372.2270732529757,239.92923435644593,176.66741066795424,191.80130274874196,213.4324060118554,486.49877912740493,525.3560143724603,89.39837795014051,424.4525507925133,401.4715979361101,551.3067359605207,115.88581946106102,193.16806972819197
2023-06-12,19.682003473178,223.9292349096815,361.620860413767,241.47637461072333,175.33701148334907,192.59353844783436,213.4425330364263,486.9154198164307,520.5670542026081,89.02094520684341,426.08526860403543,403.92889217928723,557.2136517508986,115.23601748088949,194.2166176682222
2023-06-13,19.64011806598439,223.36964633997033,363.4452529960449,240.3740686841499,175.45941341193037,191.98106194594433,215.6587420302871,490.2135603383715,515.2170005654258,88.17342696869638,429.9839403331484,395.9631328105764,561.6770449324758,113.96452836044891,192.87520306257122
2023-06-14,19.521343790139632,221.87440444777562,356.4210854200408,238.07582012209113,176.32979494903972,191.06294199412392,215.57482283556877,488.7281755425536,514.153914856244,87.70611826472225,432.7657032967252,386.59191876149157,553.4373161146123,115.28328557447736,192.50793266468943
2023-06-15,18.50059120779606,222.42917897752113,347.3049258359385,240.76814395194208,178.45263344408315,192.60764711854878,215.2767607453734,485.7211608238874,515.3289520227426,87.59762655508342,434.72071723563135,378.47576096462717,554.3958882973163,114.47030486128783,192.8540528682711
2023-06-16,19.182460537297644,221.29509011980932,350.52567987513004,239.6965705199955,176.67352279281943,191.151459273173,210.09774473028963,477.0310316632368,511.6669033986362,86.45894180564234,431.9360444727738,376.2754164929679,546.9252781111279,112.8602618453707,191.9099135673762
2023-06-19,19.625589086580316,221.04721648894454,346.373901860108,239.2112123069702,177.61769998730745,191.49734988555838,209.33837902262547,480.07464818495936,511.5170370390936,86.20287249574564,433.21400985418074,380.8411214299746,536.4752866429367,113.15457175591544,193.7383687912029
2023-06-20,19.581119499490928,222.73395275093867,355.2539675631129,240.7500633916703,184.24503183778438,192.88511161381956,210.24077917978127,481.6603274318134,514.3014934615509,86.34323070538461,433.05324515574404,377.9460892493814,537.3624546068178,114.44843600146827,195.0382338684398
2023-06-21,19.761857190629545,225.34862484177907,367.2396182491383,239.6726790039148,186.99790868005994,193.64515144795644,211.6340824023146,478.3466036907743,514.4018398398248,86.81101609458536,434.3023900949488,371.53367975291087,534.4352135193772,114.03529804666702,196.80621010259435
2023-06-22,20.454239009379002,225.85105716893688,374.1841464809686,238.61791395293832,187.32264932860784,194.9242852238822,211.47644061339793,485.7079398988438,514.366269674687,86.86055384487992,433.07956276816105,372.97177067411315,536.2751996288401,114.67076997294214,196.61243043565102
2023-06-23,20.384555222780985,226.36843217386587,366.878664137208,232.01929248944393,185.72889677484957,195.13752517516104,211.49885302141348,481.29266785570087,514.5797329614076,86.7618003091362,429.65271765492383,370.9763490269661,540.7098017091416,114.51831347191546,194.82464965396517
2023-06-26,20.96154226710066,225.34261116509742,367.9116036570955,233.6002785572593,186.4014685471334,194.51004801818766,206.82692733682066,484.2397947006908,511.47834200784405,87.0056793561986,430.3939790396138,365.31688533696916,532.251130977719,114.10325241486528,195.10319573268512
2023-06-27,20.82506821615847,225.73722541713346,366.4232298679241,236.03844319920287,184.875667022578,194.49898437953405,204.51861446376247,481.58499896896194,513.7399552208816,86.62798028829025,427.8049472643773,359.75168751376407,530.763643023021,113.53692905051031,194.00340164614224
2023-06-28,20.61273029817939,227.07870603066152,363.2412686808948,237.67907318834827,187.85495204318167,195.20206234851156,203.9100409371085,487.8346962715094,518.583816882065,87.11565504683074,433.4180427059183,362.3861839760694,535.2461757821887,113.39231940744097,195.5517237217148
2023-06-29,21.41555859302041,227.40500265453082,365.21271202175126,242.84220917905787,189.932516742584,196.63866016712248,202.19796096699287,487.7049474953731,518.4620075930268,87.3679163303671,437.8457318087339,363.7254516237964,533.8707641508023,113.4578502884192,196.67055357027374
2023-06-30,21.525211353116898,227.02900488343792,359.27497110581834,246.85739271855567,189.28173861876175,196.58276206035305,201.23964389636896,486.7298625198451,520.8222824330676,87.00670089064039,434.69050230773325,369.57497834194294,537.3864462401174,113.77942750295374,194.7888622206124
2023-07-03,21.761983464235765,228.14362478529569,358.14163579908416,247.24792733762328,187.08959413650666,196.5498482423101,202.10604417684496,487.6357245934171,522.9570544183866,87.72907675819572,437.72452208480155,377.0675223929522,542.6202474430687,114.26153658077496,195.61864863494702
2023-07-04,21.936748830736565,227.14704035525693,364.2648627549939,249.10653782979765,181.9801233716736,198.1001807073203,201.5574240796517,488.24172889439564,523.6950652494036,87.68655485059753,445.9110928515802,376.1720155359746,542.0738346215381,114.32630110322182,194.1853090190688
2023-07-05,22.138943323241545,226.76844678129967,368.4389339244099,247.69559080674398,179.7739282165807,197.77004584243875,200.70413186995032,485.6395354789689,518.3934167487284,87.68260751289576,439.7960482417703,385.53725160240685,540.9447566187123,115.13619551141389,195.1777463589969
2023-07-06,21.597459959182746,225.55295232880408,373.6985046559891,249.09807074362124,186.01845303065352,196.70111562363593,201.62306792284826,484.3626898613504,520.0849820146555,88.03957454469068,434.0698993955263,386.4348915232048,538.5916549441167,115.78210769540357,192.9119393911924
2023-07-07,21.69401330419789,226.88682862286532,373.5420325457764,250.77659921349107,187.28708122694985,198.03160447432947,199.99975735820615,483.09142620436734,513.6912689633066,87.65091647028076,428.2156079499184,380.6632463311806,533.6378561384012,115.00267850741521,193.2211319875051
2023-07-10,21.9701480530729,229.89545458347226,381.62793736366456,249.05356138117924,185.10861854663267,199.19260693035372,200.58304711989075,487.79190447656765,515.6275404357312,88.56648789366812,428.8829794249189,383.41224572214844,535.5950622309207,115.53741258336223,191.1939859872984
2023-07-11,21.860373849523153,228.58327353687298,378.61701672854514,241.0822668655706,182.46141519069897,197.82513601413072,197.25587516285623,484.79406405599684,510.3449004620859,87.2648907274088,424.9093118461621,377.6735734269805,533.7328629586247,115.66978543863635,185.59126597215393
2023-07-12,21.82064274907984,233.53098413260872,388.46311645839256,238.37240195673422,186.32428489114383,191.96470507454407,199.11736452892777,484.6807717462275,513.0233358382658,87.51726714684051,427.1505378000494,380.1431831498321,533.6879758650592,115.07544175605562,189.97260623184468
2023-07-13,21.828177284531147,232.09137315961257,387.17132097134913,237.06696920563158,184.80779243617218,192.6007954446782,197.01536442265817,487.1471759372282,511.7144562615551,86.22082608469418,426.6519858149717,375.56014365863183,532.4180612368671,114.773938207384,193.61297311457557
2023-07-14,22.0446904510005,230.75122715488726,395.8531068886547,233.13561173503933,188.7331505633741,192.76363419728733,195.83132444164667,483.2997857641848,508.19494481431843,84.9769270465182,419.79110717211665,371.66854712271845,528.2454214379756,112.99541132992226,187.8915813826636
2023-07-17,21.32734933148756,225.65415593509053,389.60054274953205,230.76020242248356,188.3568595574419,190.43684456113743,196.02994436267142,485.20936846259735,509.97871799279335,84.1266689298996,416.86427509975715,365.9737585441856,526.8027721238643,112.7107973386011,187.81386050746315
2023-07-18,20.50694046866087,223.78129978088432,395.74898328690864,231.1514154824806,182.47123408717133,187.7610384885211,196.28142668916345,483.95305833412937,503.389336702566,83.77519614250548,416.41933230680456,363.4448760779819,526.6312081062822,112.72932970682612,187.99888685152027
2023-07-19,21.221578327574843,224.75245022780265,402.2185761848036,228.91853626515456,183.8393069977629,187.37051320392834,197.2084861280935,484.9971168900244,512.1250148676334,83.42624083157006,414.8621515929187,364.44251227733474,526.4337934193237,112.00646149680506,189.57595843348355
2023-07-20,21.06270606233062,226.79627386514204,393.10182197588415,229.41687091498255,185.5606572169054,188.685117829589,198.38113860520713,486.1368880253124,515.5839657524209,84.01320046286905,417.4648988010497,358.9407301141168,519.0577394976455,114.02660207408633,188.04870615403843
2023-07-21,20.482953233311722,227.25814347624336,391.854668591572,230.92846013579518,190.3885804568908,187.11214816234954,199.85877707368,486.5210081998095,506.5077506838055,84.55772017039396,418.9116342687557,350.3443972108773,523.2744335184664,112.42782472073547,188.54240805260366
2023-07-24,20.534129273861698,226.05044625656956,389.56975627601423,228.43406087657377,189.64515808654122,187.75960999875795,198.05012182728464,480.4827403338837,506.6856817959652,85.19007153771875,418.742499021426,333.7530037042119,524.1745659300981,110.53365351055068,194.79732800301852
2023-07-25,20.375861827541044,224.36558026620074,390.76587530709406,228.60764410203905,189.1178795176516,191.99849973228248,199.4311225077378,479.3849081945496,516.8729833957368,84.65220078435345,419.2682242876948,349.28862390119747,527.3815538605367,109.48946966031465,196.81118724304042
2023-07-26,20.597373675113822,225.90874944443703,398.1110394440484,228.22779489550487,187.7738131988319,189.67000646005073,199.1189621915624,482.0092751839902,512.3214152152785,85.12002827501568,421.72566724041155,342.8765760408722,526.550509222054,109.11271555849898,196.9562351958691
2023-07-27,20.556964750451804,228.9168732367659,403.6960712810133,226.9563827924058,189.39114231085026,194.1799953670399,200.20678640353916,482.78692369444815,511.4830896965881,84.75151119601259,420.3444372079768,334.3593688373991,530.4470464429418,109.19343053447233,196.99577616240717
2023-07-28,20.38215255238539,224.84931217515947,409.4318822840758,228.4914416908617,191.5868113548397,190.84810201521645,202.30924729247653,483.3856547348191,518.3905239580494,83.79685250256026,423.79370569824346,334.5529793503568,531.8213682712556,109.23796101023001,194.89198502604128
2023-07-31,19.71564811196337,218.06295493006917,405.5466973162848,229.18090715824627,191.38154953309612,189.22806117775315,199.82795828725446,485.16229960526175,521.472040020076,83.09084497867481,414.01357141398825,333.36855297104984,523.5766332960188,110.04958063412967,189.55224863688022
2023-08-01,19.468679900682496,214.7914349067992,400.451389250212,229.453700611183,190.46772783285263,188.37419858048318,200.1249248601358,477.09101107860295,526.6671988688855,82.59264985183745,408.28724899312476,332.3369011103097,521.2062850009384,106.74456115203287,195.34884994213354
2023-08-02,20.031348181624963,212.38009968308873,398.0296527828305,234.5871818991009,192.67215866188096,189.96772789834728,202.3838384764312,481.6401309781064,523.8721763589054,83.27272529606238,415.5202780709888,335.7934608686697,526.028448839876,107.08393212079186,201.4780753536565
2023-08-03,19.421748957243416,215.26805684749272,393.998289936625,231.14059390121986,192.53475143580803,190.1714148187199,202.38649359422973,476.6121641748273,524.1579433896918,83.51064642843271,414.5641520317722,328.64539958652074,524.4691832551334,106.36684968130149,189.15051729921998
2023-08-04,19.279103138547352,221.20101905840562,398.4357599637641,232.91297295522128,196.00087985950853,194.08435953311843,199.11191412389365,489.0776904433434,531.4191291151293,84.55716602348825,417.585064582357,325.0109506530676,528.5580498910437,106.89252588420139,196.19461560494287
2023-08-07,18.31677367730147,220.08941437570442,398.4209588524415,232.6966549107203,194.1044641321418,189.32151467164437,194.73858683947327,482.3644605759321,518.8631878188404,84.05968758131493,412.9605415086001,319.8247642972725,518.2492666451737,105.28568714805117,194.45549826157875
2023-08-08,17.978310821839628,221.48794389612362,400.58234837178236,234.04278259054146,196.42678504578876,187.0975709743314,196.8604896078014,487.73293052462765,521.7104152545445,84.42681540841343,415.9561839595989,323.0182444449746,510.5353235122386,106.49603554433787,201.170807821911
2023-08-09,17.891041294089465,224.59084799043907,400.8559759502329,234.3021731634523,194.75469120789094,185.8625833283248,193.7989218224794,489.24135051250033,516.3973247554827,84.72046023004295,415.3117191193749,323.6979749522083,497.18158371444446,106.60918496128882,199.969176360833
2023-08-10,17.619649050747768,222.8836977558469,398.78180528092025,235.05929115867517,195.1634209521542,183.46437104260502,195.9164461440014,500.8046086518143,511.26439307243794,84.86902738796473,422.40898569290255,322.58180668574306,504.52310284329434,107.125045332568,202.7842271995633
2023-08-11,18.976471728684448,218.42964713848502,399.8614226005353,233.26371103114394,195.36252120702173,183.9747043810467,194.49375104829707,495.155927881878,506.0531956882382,85.30026080951008,416.5617514072931,324.5238942182945,490.2506145684878,107.05118647088914,208.74088609626645
2023-08-14,19.639169228067985,216.09667033599868,399.7662063391611,233.00195828031497,197.85775904305916,184.85474447045334,193.95606020953315,501.0776551226748,510.4356724631141,85.76978354320859,412.6174144155758,319.66408697240973,478.0780284448772,106.52085280233341,208.4783189325849
2023-08-15,20.343161950263653,223.31210369289946,406.4134353219124,231.9463803477255,199.019958631653,186.29588854279766,189.53281552088285,500.89418493095036,510.3749395571155,86.72322318014162,416.59712201684545,318.29598527764017,474.6207815228337,107.13942587197994,208.75091771407003
2023-08-16,20.069004561941266,225.17435737620656,410.143148791029,234.41253815631853,198.5366402885157,186.14347279075517,188.32742354664524,503.18586332689864,507.5546615163786,86.06256856512871,418.00871686672053,319.6265006904287,469.5632480692462,107.68965199335412,206.63899441217168
2023-08-17,21.305537980713638,221.7726396818865,412.2376883719392,233.72101266261777,198.84392161532784,188.00436582457488,187.53097688393686,503.3426247913869,509.59579436066184,88.01348492024455,421.29612095743977,321.4059944042002,476.41591536104335,107.61485172308323,211.2324021127769
2023-08-18,22.094411422944155,214.69072546755586,419.96432434490026,233.61914695349756,195.08508089745948,187.47956123461464,183.69496971183392,496.15592849251516,508.21028061152833,87.76580879975816,414.0088803975602,319.62065255463426,464.09863593556213,107.27734597248289,212.79765657119935
2023-08-21,22.32627883562038,214.7532450134335,414.3360979575142,233.77373853091842,192.04754442703464,184.92985061187264,188.57675382254084,492.8199818852838,508.76065747277823,87.60679281720161,411.12437497754314,323.475461854792,457.0528343616091,107.06777482489528,210.17067586190336
2023-08-22,22.43791568134983,211.39223856228165,407.66961781655095,227.56225934457103,189.586884832077,181.58854295607713,193.73116533953464,485.2180218084669,502.33273836322337,86.48643362192576,404.9661045695166,322.64934659272615,459.9912064349116,105.86231549390988,208.66161607559508
2023-08-23,19.8514152749088,212.78438587810368,406.480409160945,226.47670190592476,197.14440048623752,179.19967319661305,192.90516678336382,484.43954241666023,502.25163369175664,85.82020565138544,404.21776236138885,319.6858858176034,462.29762755075285,105.5753485538908,207.89844375017822
2023-08-24,19.901314853431575,219.68791621470623,410.6065833411789,228.58556566427154,199.5678842316018,180.61793317652393,197.30209220823033,484.92537441984666,512.2013639884241,86.44170646311576,414.72355726634987,327.38003220405193,461.4874138566497,106.39517306413498,210.79871471455345
2023-08-25,21.1035202451328,221.6441406228321,416.2850871627899,225.98128295049898,199.64623977746012,181.68071648577455,193.62088586597196,474.34455543508204,517.5330171792035,86.22119673971795,414.5990412755185,330.8917415136373,473.70010713115033,106.37686331991209,207.48356652055767
2023-08-28,20.372549845941414,227.5771652446232,421.81313650969224,227.31711828712872,201.10030289824934,181.06464308093047,196.85452917422822,481.30948547702076,520.7290036109281,86.73366627597316,414.2934252212753,337.41706189354784,462.59150900319173,106.84003450303615,209.82212871857712
2023-08-29,21.599723707453887,231.11163225547884,424.1155201518099,226.82269124848065,203.5021149357703,181.4666993755282,195.6631334926348,479.7782099479647,523.3792030355952,86.59674066377463,411.73635130030056,338.08431212478786,437.28604813517643,107.24905311557181,212.14895641863404
2023-08-30,21.517318597903397,238.16368303877596,430.1173100850336,225.2626663880707,205.33342310392297,182.70905289272108,195.4167565416111,490.04864646797904,530.0455494238731,87.06875852428233,415.46548824389293,337.87385729578904,434.4448624770979,110.49290080103924,221.73889976515656
2023-08-31,24.32533470059563,241.5987196914533,433.8387222087693,230.54116586432033,206.8677718130005,181.51827265550736,208.34681629381612,483.2787705423131,541.1538135942477,88.26833835387643,423.6320897122939,342.8417336392693,426.3725643623555,113.36036003396589,221.21244252324476
2023-09-01,22.949891413065934,224.86806651409555,429.96420694710883,222.47799845645775,208.4672880671656,177.7474132596554,204.62659738935415,475.6077431676021,533.1568972170006,86.05977621496261,424.1468733195312,341.51892514636387,423.4834593239293,110.21665349966622,222.77812781747627
2023-09-04,25.64197725968735,252.49548715774932,431.364239093093,225.7339912707353,209.34829216130655,182.7785346599812,199.68068955590567,484.79947454715693,555.3312796140021,86.91428755414641,428.08967739246225,350.67825954764857,441.23832569420983,109.51879941677312,227.73406953067723
2023-09-05,25.120364170504082,270.28463615544575,442.32009746507777,234.9365281090669,212.1589144895045,188.21467622193205,202.77750549810042,492.96739347283386,561.0230180418463,86.26670371976421,439.96203982764825,356.29408688309366,436.0669536388453,111.13216910235195,225.0493424602658
2023-09-06,23.9766807802565,288.25852002418003,453.7435406638408,234.13232154266078,223.40765070510628,189.67141550980392,210.19559675890935,499.7292380565467,560.2694899956009,87.29425927436719,449.2911616862582,356.4096810670903,458.34017989072635,113.61746478068875,233.17794622140238
2023-09-07,23.449542545223093,289.03374166504057,448.5061561503627,233.69511572957575,217.15734692361713,183.0635810368224,214.55613810478195,495.76566997738615,556.4859439040829,85.48416937120477,448.2761939490375,361.20341821210684,462.1832475729469,120.41503104675493,241.34314790271807
2023-09-08,22.70976435224467,295.7152171949595,462.40957640659224,235.98503785662976,220.4258288839167,185.15987782650305,207.90072470160962,500.6616564123462,568.9556431104195,84.5789242022274,454.1015039709428,363.1406789935408,453.03588099437803,124.81801345008506,242.9768692676165
2023-09-11,23.284478274836044,314.5605372836557,467.6222925737654,244.78964513086606,223.7279070386072,194.13234882080454,214.75163750838365,523.185405330791,588.485120376245,86.96963610113662,462.23479367736934,365.6618138814632,460.684647516952,125.82303673062042,254.8218614665386
2023-09-12,22.849116260767136,309.33919921257825,466.21070734516877,244.09917061491973,223.19576314377812,194.8624370398887,212.8492091011444,521.9123663483439,589.4393066971942,86.11876417151429,465.2524294218857,363.9682880248788,461.11650128165275,127.0673647255941,247.0832197674991
2023-09-13,22.015864445227283,302.4581593171946,467.3811286319381,244.8352809715527,226.97226647191775,194.9296798609272,209.16429950362968,514.5876980291586,589.0396542117114,86.67738303092369,462.34080058290937,364.6411787634048,456.79648147570805,129.12519982757573,240.78468968379727
2023-09-14,19.952871488116436,309.20149608867615,460.96534498414525,242.7818942631827,229.23397331142837,192.09749802447476,209.63308901011925,511.8366312511768,592.2179581580581,87.06838731926315,463.0126284335938,362.08509464993637,451.85047426209786,128.18532907869505,243.97035760302444
2023-09-15,20.030558119165715,318.34382634537064,464.3023161410034,240.97302707045486,230.59444605830262,192.11505255210477,212.47142911190448,507.00826351903135,588.6027771537911,87.49210226695716,464.9350236860371,361.0599356405879,452.5404668057899,127.94524528272929,243.13636118612143
2023-09-18,21.257496056409572,318.0029638114418,459.72677540474587,238.9964785238271,228.98148032602248,191.07405390357283,211.3857791994984,505.97134905504595,587.1249276876096,86.38645951349217,462.05471716444237,358.7085054031669,449.44343942977514,126.86223756798042,245.738915348699
2023-09-19,22.994357071401495,313.52108550240746,450.3423304341868,236.15799626346436,226.9956903643069,189.79573827127663,208.8481496737937,498.4087867528192,588.0391781750963,84.35101702459221,459.94670854381377,361.36302227724593,445.23084217495796,126.13224311830851,236.7770300951917
2023-09-20,23.23377534425378,321.9603603313599,456.25150627354054,238.40388778995185,236.70075043087132,192.79268800386686,212.25037747566364,499.9715096796198,586.1056416340876,85.77108258957671,465.10445110412826,366.0177370441969,449.542253186827,127.75441556644076,239.10580853898824
2023-09-21,21.377670180138804,310.3073198395854,444.7654525349002,235.69657667606177,235.67146999768934,189.81778217388913,210.9766336050953,507.57657064871825,584.9683652484923,85.20807072137659,464.09086089072076,366.06188949371136,447.54036409817843,126.72148170049489,236.28339271310597
2023-09-22,19.634891009650623,315.8092785804614,433.140698361957,237.51067259602988,231.89452082430049,187.03301958931758,213.98533273962752,496.23131888813543,576.6737320868091,83.74202073776357,461.38457939182416,360.41156468011116,444.37015674673734,123.62794313453979,239.0687629367493
2023-09-25,19.988331713794423,305.76061984310496,409.7397338346343,234.1473633940956,232.95368347984515,186.54210994969648,211.7687425077787,486.8960498703945,569.2731692706495,82.99594895000021,459.5771843986321,357.5797623488061,439.96962827183137,123.07764168493797,242.38121053903458
2023-09-26,19.735721814291626,307.1741849191148,406.8639710042292,235.45793581397274,228.59310338268676,189.204060186943,213.78818747613127,500.9576656689752,569.9240942661951,84.45209418140952,462.0338873193946,358.23524760087406,443.53556212691257,122.99405951908777,243.71976506670023
2023-09-27,19.680901410866277,310.370627865097,405.4345851583658,234.9377643467794,226.79821438240123,189.1075930024984,214.0888341379603,510.8903673428524,560.3487608876346,84.87216853611686,460.0869406878989,357.8811295858165,442.0768733146337,123.07708580946021,242.61107543571993
2023-09-28,19.495815660234427,312.91817163182463,408.7279790244413,236.5975488316944,223.79583383270776,189.86122924856912,215.57696481503518,511.2307605568497,565.0419154995243,84.14518820816966,460.3449960420157,358.57242593946154,440.08441215470407,123.80016415909802,241.79827973495233
2023-09-29,19.832687450851218,324.3018445455263,409.46887381956344,235.88104127540765,224.0362073815402,186.90277211055687,214.33809072330607,509.9069371125956,565.1733884945503,85.02989532516716,465.343091053837,355.75238034494276,440.0169931211539,124.83381502791124,236.37340766203724
